{"type": "FeatureCollection", "features": [{"type": "Feature", "properties": {"nombre": "Medell\u00edn", "zona": "medellin", "centro": [6.2697324, -75.6025597]}, "geometry": {"type": "Polygon", "coordinates": [[[-75.7194283, 6.3404105], [-75.7193544, 6.3402624], [-75.7191638, 6.3400602], [-75.7189221, 6.3396937], [-75.7187841, 6.3394678], [-75.7187105, 6.3392334], [-75.7185761, 6.3391057], [-75.7184332, 6.3390462], [-75.7183075, 6.3388737], [-75.7182504, 6.338667], [-75.7183397, 6.3384238], [-75.7183265, 6.3382845], [-75.7182616, 6.3382104], [-75.7180388, 6.3379873], [-75.7179316, 6.3378033], [-75.7178632, 6.3376065], [-75.7178773, 6.337417], [-75.717936, 6.3373072], [-75.7180167, 6.3372444], [-75.7179228, 6.3368713], [-75.7179948, 6.3363888], [-75.717946, 6.3361899], [-75.7178628, 6.3360848], [-75.7177228, 6.3359526], [-75.7175226, 6.3358886], [-75.717089, 6.3358649], [-75.7167841, 6.3357815], [-75.7165442, 6.3356184], [-75.7163343, 6.3354168], [-75.7162791, 6.3352304], [-75.7161359, 6.3343166], [-75.7159927, 6.333825], [-75.7159706, 6.3336701], [-75.7159999, 6.3335152], [-75.7161731, 6.3333454], [-75.7163719, 6.3332439], [-75.7166967, 6.3330179], [-75.7170385, 6.3328345], [-75.7172513, 6.332612], [-75.7172891, 6.332394], [-75.7174298, 6.3322529], [-75.7177858, 6.332088], [-75.718322, 6.331567], [-75.718653, 6.331221], [-75.7185929, 6.3308671], [-75.7186918, 6.3306676], [-75.7187673, 6.3305244], [-75.7188701, 6.3304159], [-75.7188738, 6.3299911], [-75.7191554, 6.3295939], [-75.7190075, 6.329455], [-75.7189302, 6.329265], [-75.7189352, 6.3290793], [-75.7189126, 6.3289621], [-75.7187649, 6.3289315], [-75.7185022, 6.3288323], [-75.7183936, 6.3281551], [-75.7180289, 6.3277612], [-75.7178247, 6.3275873], [-75.7177591, 6.3272769], [-75.7179146, 6.327167], [-75.7179973, 6.3270571], [-75.7182231, 6.3268323], [-75.7182038, 6.3264929], [-75.7179952, 6.3261842], [-75.7178547, 6.3257501], [-75.7180866, 6.3253707], [-75.7180195, 6.3249648], [-75.7180388, 6.3245497], [-75.7180194, 6.3240068], [-75.7179426, 6.3233466], [-75.7177567, 6.3231819], [-75.7176666, 6.322204], [-75.7175084, 6.3218479], [-75.7174008, 6.3214352], [-75.717196, 6.3212315], [-75.7166255, 6.3210836], [-75.716425, 6.3211622], [-75.716241, 6.3211371], [-75.7161739, 6.3210669], [-75.7160617, 6.3207574], [-75.7159481, 6.3207182], [-75.7155163, 6.3208318], [-75.7152264, 6.3207893], [-75.7150452, 6.3203738], [-75.714966, 6.3201006], [-75.7147927, 6.3199891], [-75.7143338, 6.320033], [-75.7140479, 6.319724], [-75.7138842, 6.319468], [-75.7136865, 6.3193355], [-75.7134358, 6.3191382], [-75.7134339, 6.3190193], [-75.7136118, 6.3184931], [-75.7135624, 6.3180018], [-75.7134041, 6.3177352], [-75.7131415, 6.3175319], [-75.7126919, 6.3173831], [-75.7121552, 6.3171987], [-75.7122011, 6.3167122], [-75.7123866, 6.3163692], [-75.7121796, 6.3160354], [-75.7109595, 6.3152469], [-75.7106454, 6.3149356], [-75.7104402, 6.3146078], [-75.7104806, 6.3140124], [-75.7104931, 6.313626], [-75.7105488, 6.3128081], [-75.7104443, 6.3123443], [-75.7105235, 6.3122244], [-75.7105771, 6.3120064], [-75.7105382, 6.3118052], [-75.7104392, 6.311666], [-75.710417, 6.311502], [-75.7105142, 6.3110911], [-75.7106567, 6.3107327], [-75.7107054, 6.3103746], [-75.710653, 6.3102478], [-75.7106915, 6.3101221], [-75.7106553, 6.3099091], [-75.7101787, 6.3094367], [-75.7100706, 6.3090542], [-75.7098637, 6.3087308], [-75.7098251, 6.308283], [-75.7093182, 6.3077658], [-75.7092424, 6.3071334], [-75.7092156, 6.3067771], [-75.7092964, 6.3065581], [-75.7092494, 6.3063853], [-75.7091563, 6.3061904], [-75.7090551, 6.3061588], [-75.70895, 6.3060498], [-75.7088314, 6.3058466], [-75.7087493, 6.3056883], [-75.708648, 6.3056088], [-75.7084992, 6.3055793], [-75.708334, 6.3054726], [-75.7082213, 6.305301], [-75.7081434, 6.3050551], [-75.7081656, 6.304921], [-75.7082181, 6.3046444], [-75.7080701, 6.3044261], [-75.7081005, 6.3041124], [-75.7080414, 6.3040496], [-75.707814, 6.3039781], [-75.7077836, 6.3039062], [-75.7077668, 6.3038091], [-75.7077972, 6.3037308], [-75.7078138, 6.3036883], [-75.7078874, 6.3036143], [-75.707909, 6.3034675], [-75.7079392, 6.3033295], [-75.707921, 6.3032342], [-75.7078664, 6.3031914], [-75.7077875, 6.3031038], [-75.7076843, 6.3030735], [-75.7076047, 6.3029986], [-75.7075716, 6.3029132], [-75.7075167, 6.3028108], [-75.7075005, 6.3026877], [-75.7075691, 6.3025875], [-75.7077927, 6.3024322], [-75.7078966, 6.3023176], [-75.7080335, 6.3021753], [-75.7080471, 6.3020383], [-75.7080897, 6.3018124], [-75.7080087, 6.3015739], [-75.7080135, 6.3014694], [-75.7080176, 6.3013802], [-75.7081759, 6.3011767], [-75.7084065, 6.3011146], [-75.7086936, 6.3010946], [-75.7088291, 6.3010082], [-75.7087458, 6.300748], [-75.7085567, 6.3002821], [-75.7085201, 6.3000875], [-75.7086851, 6.2998316], [-75.7087456, 6.2994676], [-75.7089358, 6.2988949], [-75.7088234, 6.2986012], [-75.70843, 6.298014], [-75.7080741, 6.2975915], [-75.7080292, 6.2971683], [-75.7077898, 6.2969811], [-75.7077787, 6.2964805], [-75.7074957, 6.2959979], [-75.7077004, 6.2949222], [-75.7076997, 6.2946816], [-75.707922, 6.2943041], [-75.7076713, 6.2937121], [-75.7078282, 6.2934672], [-75.7080355, 6.2933083], [-75.7086854, 6.2928812], [-75.7088792, 6.2928962], [-75.7089613, 6.2925821], [-75.7088246, 6.292315], [-75.7085832, 6.2920544], [-75.7087157, 6.291928], [-75.7087986, 6.2917215], [-75.7087227, 6.2913981], [-75.7082435, 6.2909548], [-75.7082502, 6.2905611], [-75.7085316, 6.2900137], [-75.7084076, 6.2896608], [-75.7081056, 6.289253], [-75.7080175, 6.2883793], [-75.7080869, 6.2875064], [-75.7082061, 6.2868493], [-75.7081507, 6.2864257], [-75.7081049, 6.2862538], [-75.7076571, 6.2861381], [-75.7074615, 6.2860876], [-75.7073315, 6.2857344], [-75.707076, 6.285401], [-75.7067943, 6.2851539], [-75.7068992, 6.2847783], [-75.7068838, 6.2841174], [-75.7066995, 6.2834677], [-75.7067093, 6.2829065], [-75.7065678, 6.2826374], [-75.7067131, 6.2825737], [-75.7068791, 6.2824628], [-75.7071667, 6.2821491], [-75.7075133, 6.282216], [-75.7077703, 6.2821168], [-75.7079158, 6.2819535], [-75.7080127, 6.2816427], [-75.7080348, 6.2812408], [-75.7082953, 6.2805969], [-75.7081522, 6.2803035], [-75.7083196, 6.2799096], [-75.7082877, 6.2797501], [-75.708272, 6.2792577], [-75.7085816, 6.2789757], [-75.7086079, 6.278757], [-75.7085807, 6.2785291], [-75.7084331, 6.2782531], [-75.7084936, 6.2780375], [-75.7085091, 6.2777182], [-75.7084006, 6.2774628], [-75.7084286, 6.277277], [-75.7083928, 6.2769751], [-75.7084984, 6.2767557], [-75.7083724, 6.2764054], [-75.7085533, 6.2761652], [-75.7085949, 6.2759226], [-75.7083647, 6.2752399], [-75.7084107, 6.2751139], [-75.7086244, 6.2749041], [-75.708618, 6.2747632], [-75.7086527, 6.2745788], [-75.7088719, 6.2744069], [-75.7089665, 6.2741898], [-75.7090353, 6.2738035], [-75.7091424, 6.2735172], [-75.7091772, 6.2733119], [-75.7092817, 6.2730194], [-75.7093635, 6.2718009], [-75.7096973, 6.2712981], [-75.7096244, 6.2708718], [-75.7093486, 6.2705635], [-75.7092828, 6.2702076], [-75.7093713, 6.2699617], [-75.7100835, 6.2693385], [-75.7100517, 6.2691816], [-75.7098824, 6.2688159], [-75.7098851, 6.2686], [-75.7101138, 6.2682496], [-75.7102418, 6.2678428], [-75.7103, 6.267349], [-75.710381, 6.267065], [-75.710382, 6.266787], [-75.710323, 6.266385], [-75.71033, 6.266157], [-75.710386, 6.265796], [-75.710548, 6.265268], [-75.710552, 6.265106], [-75.710446, 6.264682], [-75.710411, 6.264399], [-75.710444, 6.26421], [-75.710445, 6.263685], [-75.710479, 6.263364], [-75.71046, 6.263242], [-75.710288, 6.262925], [-75.710135, 6.262221], [-75.710117, 6.261055], [-75.710023, 6.260741], [-75.7101654, 6.2605311], [-75.7100328, 6.2594528], [-75.7083702, 6.2585476], [-75.7075941, 6.2583424], [-75.7074844, 6.258233], [-75.7077389, 6.2578376], [-75.7079981, 6.2571863], [-75.7083259, 6.2561735], [-75.7086167, 6.2546556], [-75.7088687, 6.2539334], [-75.7089545, 6.2538122], [-75.7093474, 6.253537], [-75.7094229, 6.2533827], [-75.7093954, 6.2532975], [-75.7090413, 6.2530289], [-75.7090434, 6.2527883], [-75.7090578, 6.2511772], [-75.7092124, 6.2510614], [-75.7093104, 6.2508953], [-75.7092767, 6.2505439], [-75.7091118, 6.2502223], [-75.709318, 6.2481463], [-75.7097135, 6.2460234], [-75.7098824, 6.2456854], [-75.7099639, 6.2452391], [-75.709978, 6.2444452], [-75.7098368, 6.2431914], [-75.709624, 6.24254], [-75.7085012, 6.2426455], [-75.7081636, 6.2427394], [-75.7074633, 6.2427446], [-75.7068182, 6.2425938], [-75.7060731, 6.2426443], [-75.7055204, 6.242463], [-75.7053043, 6.2422188], [-75.7050601, 6.2412307], [-75.7048215, 6.2406952], [-75.704429, 6.2402953], [-75.7037731, 6.2394656], [-75.7029831, 6.2381533], [-75.702406, 6.2368778], [-75.70207, 6.2355512], [-75.7020139, 6.2348151], [-75.7018287, 6.234213], [-75.7018027, 6.2326794], [-75.7019862, 6.2315951], [-75.7029326, 6.2298234], [-75.7032598, 6.2290299], [-75.7032297, 6.2284513], [-75.7030937, 6.2282096], [-75.7032182, 6.2278461], [-75.7032386, 6.2275595], [-75.7031854, 6.2273186], [-75.7030721, 6.2271512], [-75.7024613, 6.2267949], [-75.7022612, 6.2266084], [-75.7021708, 6.2264504], [-75.702117, 6.226302], [-75.7020347, 6.2256353], [-75.7020219, 6.224872], [-75.7019153, 6.2244179], [-75.7017655, 6.224241], [-75.7014099, 6.2240486], [-75.7012006, 6.223862], [-75.7006622, 6.2229836], [-75.7003776, 6.2227549], [-75.7000337, 6.2221284], [-75.7001553, 6.2214349], [-75.7005441, 6.2208065], [-75.7008574, 6.2197903], [-75.7004755, 6.2190153], [-75.7003712, 6.2189015], [-75.7004768, 6.2184141], [-75.7004345, 6.2177697], [-75.7003127, 6.2177017], [-75.7001375, 6.2174639], [-75.6998349, 6.2165005], [-75.6996263, 6.215456], [-75.6995475, 6.2145601], [-75.6994768, 6.2114145], [-75.6998725, 6.2099149], [-75.7006202, 6.2089733], [-75.7013984, 6.2084657], [-75.7024449, 6.2059541], [-75.7027105, 6.2044958], [-75.7025211, 6.2035825], [-75.7016505, 6.2027089], [-75.7009799, 6.2022473], [-75.6999188, 6.2016625], [-75.6991405, 6.2009362], [-75.6984689, 6.199966], [-75.6980575, 6.1992632], [-75.6976759, 6.1988023], [-75.6965161, 6.1971303], [-75.6959667, 6.1965231], [-75.6952871, 6.1956015], [-75.694327, 6.194502], [-75.6927323, 6.1936762], [-75.6924822, 6.1935869], [-75.6921358, 6.1935243], [-75.6917695, 6.1936085], [-75.6914055, 6.1934953], [-75.6909128, 6.1934498], [-75.6906509, 6.1935808], [-75.6902115, 6.193669], [-75.6900019, 6.1936259], [-75.689925, 6.193561], [-75.6896583, 6.1929572], [-75.6893975, 6.1926107], [-75.6890859, 6.1923234], [-75.6886367, 6.1916951], [-75.6881862, 6.1911771], [-75.6880094, 6.1906843], [-75.6877612, 6.1904388], [-75.6874624, 6.1902251], [-75.68692, 6.18899], [-75.6868204, 6.1889157], [-75.6866153, 6.1888864], [-75.6861627, 6.188924], [-75.6858945, 6.1888207], [-75.6858132, 6.1887466], [-75.6853855, 6.1878522], [-75.684902, 6.1874165], [-75.6845259, 6.1867935], [-75.6844778, 6.186614], [-75.6845184, 6.1862791], [-75.6847097, 6.1859364], [-75.6847489, 6.1857163], [-75.6847326, 6.1851584], [-75.6849253, 6.1850855], [-75.684942, 6.184923], [-75.6848507, 6.1844131], [-75.6846445, 6.1838295], [-75.6846746, 6.183538], [-75.6845678, 6.1833604], [-75.6844918, 6.1830584], [-75.6844085, 6.1829429], [-75.6842784, 6.1822216], [-75.6841862, 6.1820496], [-75.6842091, 6.1819582], [-75.6840113, 6.1815972], [-75.6839278, 6.1811168], [-75.6837899, 6.1807672], [-75.6837903, 6.1806237], [-75.6836984, 6.1803601], [-75.6835076, 6.1799427], [-75.6834005, 6.1798396], [-75.6828597, 6.1790031], [-75.6826152, 6.178773], [-75.6824847, 6.1785783], [-75.6821873, 6.1783369], [-75.6811427, 6.1771126], [-75.6809975, 6.1761122], [-75.6811117, 6.1747779], [-75.6814095, 6.173555], [-75.6814471, 6.1730014], [-75.6820126, 6.171779], [-75.6820321, 6.1703786], [-75.6820502, 6.1690739], [-75.6820584, 6.168901], [-75.681689, 6.167026], [-75.680854, 6.165041], [-75.680512, 6.164486], [-75.680233, 6.16419], [-75.679751, 6.163794], [-75.67953, 6.163451], [-75.6794763, 6.1642224], [-75.6785751, 6.1652891], [-75.677867, 6.1660571], [-75.6771159, 6.1665478], [-75.6761289, 6.1671878], [-75.6749916, 6.1676144], [-75.6739187, 6.1676358], [-75.6720519, 6.1665264], [-75.6710434, 6.1658011], [-75.670228, 6.1646384], [-75.6694126, 6.1638384], [-75.6687153, 6.1633051], [-75.6672454, 6.1634864], [-75.6653249, 6.1646704], [-75.6640804, 6.1653104], [-75.6624282, 6.1663344], [-75.6618059, 6.1671238], [-75.6612715, 6.1676667], [-75.6610999, 6.1679013], [-75.6609901, 6.1681617], [-75.6609495, 6.1682757], [-75.6609212, 6.1683213], [-75.6608736, 6.1683837], [-75.6606806, 6.168591], [-75.6605011, 6.1687322], [-75.6603423, 6.1688673], [-75.6602008, 6.1690017], [-75.6601246, 6.1690708], [-75.6600382, 6.1691097], [-75.6598114, 6.169132], [-75.659661, 6.1691541], [-75.6596151, 6.169167], [-75.6595883, 6.1692003], [-75.6594884, 6.169382], [-75.6594059, 6.1695404], [-75.6593703, 6.1695773], [-75.6593281, 6.1696124], [-75.6592141, 6.1696657], [-75.6591014, 6.169733], [-75.659025, 6.169781], [-75.6589739, 6.1698149], [-75.6589322, 6.1698253], [-75.6588623, 6.1698264], [-75.6587057, 6.1698102], [-75.6582453, 6.169771], [-75.657908, 6.1697493], [-75.6578349, 6.1697641], [-75.6577451, 6.1698058], [-75.6576385, 6.1698202], [-75.6575006, 6.1698053], [-75.6571862, 6.1697527], [-75.6567359, 6.1696932], [-75.656229, 6.1696613], [-75.6558332, 6.1696563], [-75.6558581, 6.16946], [-75.6559192, 6.1691974], [-75.6560595, 6.168822], [-75.6560949, 6.1687322], [-75.6560907, 6.1686937], [-75.6560751, 6.1686727], [-75.6560318, 6.1686269], [-75.6558261, 6.1685003], [-75.6557723, 6.1684598], [-75.6556781, 6.1684337], [-75.6556141, 6.1683942], [-75.6555757, 6.168335], [-75.6555812, 6.1682547], [-75.6555794, 6.1682117], [-75.6555598, 6.1681808], [-75.655506, 6.1681383], [-75.6554104, 6.168118], [-75.6552599, 6.1680517], [-75.655221, 6.1680137], [-75.6551105, 6.1678487], [-75.6550218, 6.1677656], [-75.6548946, 6.1677053], [-75.6546531, 6.167618], [-75.654472, 6.1675496], [-75.6544225, 6.1675414], [-75.654051, 6.167552], [-75.6540395, 6.167555], [-75.653768, 6.1676161], [-75.6534911, 6.1676907], [-75.65319, 6.1677321], [-75.6529976, 6.1677434], [-75.6524451, 6.1676147], [-75.6521842, 6.1675507], [-75.6521543, 6.1675464], [-75.6520084, 6.1675463], [-75.6518474, 6.1675623], [-75.6516805, 6.1675681], [-75.651437, 6.167609], [-75.65122, 6.167648], [-75.6508458, 6.167688], [-75.6506245, 6.167684], [-75.6505774, 6.167685], [-75.6505392, 6.1676903], [-75.6504956, 6.167697], [-75.6504005, 6.1677414], [-75.6503012, 6.1677413], [-75.6502146, 6.167741], [-75.650135, 6.1677493], [-75.6500143, 6.167768], [-75.6498814, 6.167777], [-75.6498284, 6.1677723], [-75.6497823, 6.1677547], [-75.6496587, 6.1676756], [-75.6495442, 6.1675787], [-75.6494041, 6.1674241], [-75.6492915, 6.1672574], [-75.649219, 6.1671807], [-75.649184, 6.1671683], [-75.6491458, 6.167173], [-75.6489092, 6.1672174], [-75.648688, 6.1672601], [-75.6485068, 6.1672667], [-75.6484357, 6.1672356], [-75.6484035, 6.167205], [-75.6483486, 6.1671094], [-75.6482709, 6.1669054], [-75.6482036, 6.166793], [-75.6480227, 6.1665974], [-75.6479059, 6.1665223], [-75.6477948, 6.16642], [-75.6476922, 6.1662678], [-75.6476271, 6.166068], [-75.6475431, 6.1657268], [-75.6475192, 6.1656774], [-75.6473718, 6.1656957], [-75.6472084, 6.1656758], [-75.6470798, 6.1656223], [-75.6469176, 6.1655667], [-75.6467259, 6.1654867], [-75.646624, 6.1654574], [-75.6465783, 6.165451], [-75.6464669, 6.165441], [-75.6464294, 6.1654396], [-75.6461961, 6.1654659], [-75.6458379, 6.1654676], [-75.6456582, 6.165469], [-75.6454255, 6.1654827], [-75.6457019, 6.1667699], [-75.645852, 6.1678137], [-75.6458549, 6.1678342], [-75.6459766, 6.1683497], [-75.6462341, 6.1687124], [-75.645998, 6.1692137], [-75.6460839, 6.1696937], [-75.6462984, 6.1705897], [-75.6460839, 6.1707497], [-75.6461431, 6.1712479], [-75.6458105, 6.1713172], [-75.6455906, 6.1715306], [-75.6449844, 6.1716159], [-75.6445875, 6.1714399], [-75.64433, 6.1716319], [-75.6437721, 6.1717172], [-75.643756, 6.1716052], [-75.6436272, 6.1714079], [-75.6434663, 6.1714079], [-75.6433375, 6.1715359], [-75.6433858, 6.1718132], [-75.6430318, 6.1719626], [-75.6427957, 6.1719092], [-75.6425168, 6.1721706], [-75.6421305, 6.1721972], [-75.6420179, 6.1726452], [-75.6417872, 6.1726239], [-75.6413795, 6.1726986], [-75.6410791, 6.1728532], [-75.6408753, 6.1728586], [-75.6406392, 6.1727892], [-75.6403657, 6.1728212], [-75.6402637, 6.1729706], [-75.6400384, 6.1728906], [-75.6397487, 6.1730506], [-75.639502, 6.1731252], [-75.639325, 6.1731679], [-75.6390299, 6.1734239], [-75.6388046, 6.1734186], [-75.6386383, 6.1735199], [-75.6383647, 6.1735572], [-75.6381501, 6.1735172], [-75.6378926, 6.1738292], [-75.6377693, 6.1736852], [-75.6375064, 6.1739359], [-75.6371148, 6.1739786], [-75.6367018, 6.1738879], [-75.6363692, 6.1740479], [-75.6363048, 6.1742452], [-75.636117, 6.1741279], [-75.6358381, 6.1742879], [-75.6357308, 6.1744906], [-75.6355095, 6.1747839], [-75.6353392, 6.1749599], [-75.6351944, 6.1751946], [-75.6350924, 6.1753439], [-75.6349422, 6.1754185], [-75.6347974, 6.1753439], [-75.6346365, 6.1754399], [-75.6345345, 6.1755252], [-75.6344825, 6.1756426], [-75.6345066, 6.1756499], [-75.6347448, 6.1758733], [-75.6349026, 6.17608], [-75.635066, 6.1763008], [-75.6351605, 6.1764459], [-75.6352244, 6.1766618], [-75.6351931, 6.1768186], [-75.6351323, 6.177049], [-75.6351601, 6.1771785], [-75.6351231, 6.1773384], [-75.6351778, 6.1774437], [-75.6352256, 6.1775486], [-75.6352668, 6.1776365], [-75.6353203, 6.1777657], [-75.6353524, 6.1777829], [-75.6353806, 6.1778053], [-75.6354094, 6.1778283], [-75.6354766, 6.1778481], [-75.6356797, 6.1778687], [-75.6358948, 6.1779286], [-75.6360142, 6.1779424], [-75.6361358, 6.1780124], [-75.6361725, 6.1780042], [-75.636214, 6.1780205], [-75.6363555, 6.1783072], [-75.6363524, 6.1785364], [-75.6364458, 6.1787786], [-75.6365212, 6.1790457], [-75.6365374, 6.1793074], [-75.6365501, 6.1794263], [-75.6365875, 6.1795077], [-75.6366393, 6.1796176], [-75.6366922, 6.1797028], [-75.6367709, 6.1798615], [-75.6369583, 6.1800873], [-75.6370512, 6.1802088], [-75.6371246, 6.1803976], [-75.6371816, 6.180512], [-75.637213, 6.1806104], [-75.637201, 6.1807451], [-75.6365063, 6.1811248], [-75.6361415, 6.1813168], [-75.635648, 6.1818288], [-75.6355514, 6.1822341], [-75.6351437, 6.1825434], [-75.6348326, 6.1829167], [-75.6348433, 6.1835354], [-75.6344034, 6.183738], [-75.6338348, 6.1841434], [-75.6334486, 6.184186], [-75.6332233, 6.184314], [-75.6329658, 6.1847833], [-75.6325152, 6.1852527], [-75.6321182, 6.1856047], [-75.6316354, 6.1859033], [-75.6311741, 6.1861166], [-75.630187, 6.18633], [-75.6297578, 6.186682], [-75.6295325, 6.1872153], [-75.6292858, 6.1877166], [-75.6289425, 6.1882072], [-75.6286313, 6.1884526], [-75.6283524, 6.1887299], [-75.628009, 6.1894445], [-75.6277945, 6.1898925], [-75.6274619, 6.1902765], [-75.6270434, 6.1907458], [-75.6268718, 6.1918125], [-75.6277086, 6.1929431], [-75.6284167, 6.1937217], [-75.6283848, 6.1944473], [-75.6277802, 6.1951202], [-75.6271474, 6.1957083], [-75.6267886, 6.1964531], [-75.6266433, 6.196316], [-75.6259646, 6.1963548], [-75.6252398, 6.1963121], [-75.6248503, 6.1963336], [-75.624683, 6.1964022], [-75.6230427, 6.196288], [-75.6228589, 6.1962254], [-75.622264, 6.1961718], [-75.621425, 6.1961977], [-75.6212339, 6.196283], [-75.6201525, 6.1964173], [-75.6196933, 6.1964743], [-75.616825, 6.1974382], [-75.6158484, 6.1974298], [-75.6149095, 6.1976328], [-75.6145432, 6.1978081], [-75.6133535, 6.1985201], [-75.6130936, 6.1985781], [-75.6127657, 6.198749], [-75.6122592, 6.1988204], [-75.6117506, 6.1987789], [-75.6114681, 6.1988765], [-75.6112848, 6.1989957], [-75.6109651, 6.1990298], [-75.6106058, 6.1991272], [-75.6102174, 6.1991182], [-75.6100343, 6.1992092], [-75.6096525, 6.1992771], [-75.6094763, 6.1992822], [-75.6090961, 6.1992009], [-75.6083246, 6.1989017], [-75.607913, 6.1986949], [-75.6074849, 6.1983615], [-75.6072259, 6.1980974], [-75.6071278, 6.1980686], [-75.60683, 6.1979822], [-75.6065093, 6.1979982], [-75.6060212, 6.1981234], [-75.6058142, 6.1982483], [-75.6056927, 6.1985022], [-75.6053105, 6.1982638], [-75.6047689, 6.198138], [-75.6042812, 6.1981299], [-75.6036171, 6.1981835], [-75.6034419, 6.1982699], [-75.6033807, 6.1983613], [-75.6032201, 6.1984524], [-75.6028239, 6.1988128], [-75.6025946, 6.1988461], [-75.6023127, 6.1987301], [-75.6016875, 6.1982198], [-75.6013514, 6.1980641], [-75.6011453, 6.1978918], [-75.6007255, 6.1977822], [-75.6004591, 6.1977588], [-75.5998649, 6.1975902], [-75.599727, 6.1975511], [-75.5992531, 6.197013], [-75.5989778, 6.1969354], [-75.598941, 6.1969353], [-75.5989375, 6.1964662], [-75.5989081, 6.1963909], [-75.5988435, 6.1963682], [-75.5987572, 6.1963967], [-75.5985744, 6.1966311], [-75.5983981, 6.1967649], [-75.5980695, 6.1967433], [-75.5978067, 6.1966525], [-75.597728, 6.196568], [-75.597633, 6.1962903], [-75.5977257, 6.1957499], [-75.5976277, 6.1956327], [-75.5970517, 6.1952886], [-75.5968597, 6.1951739], [-75.5953074, 6.1940179], [-75.5952299, 6.1939341], [-75.5952204, 6.1938159], [-75.5953115, 6.1934766], [-75.5917105, 6.1927219], [-75.5913785, 6.1934935], [-75.591358, 6.1934846], [-75.5911925, 6.1934126], [-75.5908754, 6.1932746], [-75.5905356, 6.1932256], [-75.5904696, 6.1937831], [-75.590173, 6.1939358], [-75.5892958, 6.1943905], [-75.5884222, 6.1949092], [-75.5881794, 6.195742], [-75.5876658, 6.1970761], [-75.5871825, 6.1969586], [-75.585809, 6.1965686], [-75.5852943, 6.1964207], [-75.584817, 6.1962955], [-75.5846493, 6.1962461], [-75.5844654, 6.1961855], [-75.5832133, 6.1957574], [-75.5808649, 6.1969855], [-75.580886, 6.1969254], [-75.5811621, 6.1961366], [-75.5819906, 6.1937698], [-75.582214, 6.1931942], [-75.5823194, 6.19285], [-75.5824106, 6.1925025], [-75.5829521, 6.1901498], [-75.5830975, 6.1895804], [-75.5832191, 6.1891978], [-75.5833107, 6.1889801], [-75.5832474, 6.1889], [-75.5831287, 6.188746], [-75.5830266, 6.1886147], [-75.5829373, 6.1883136], [-75.5828731, 6.1882675], [-75.5827862, 6.1882259], [-75.5816761, 6.1878622], [-75.5813598, 6.1875388], [-75.5807091, 6.1870043], [-75.580572, 6.1868492], [-75.5804311, 6.1866429], [-75.580199, 6.1858905], [-75.5801094, 6.1854202], [-75.5800006, 6.1848492], [-75.5799276, 6.1844658], [-75.5798178, 6.1841301], [-75.5796039, 6.1838475], [-75.579314, 6.1837353], [-75.5792473, 6.1836905], [-75.5788831, 6.1834364], [-75.5787369, 6.1833513], [-75.5782956, 6.1830901], [-75.5780344, 6.1829355], [-75.5779043, 6.1828609], [-75.5775328, 6.1826302], [-75.5773625, 6.1825329], [-75.5767717, 6.1821794], [-75.5767397, 6.1821694], [-75.5766515, 6.182142], [-75.5758015, 6.1819837], [-75.5757212, 6.181855], [-75.5750839, 6.1808345], [-75.5743389, 6.1805001], [-75.5741296, 6.1802707], [-75.573777, 6.1802359], [-75.5734996, 6.1801421], [-75.5731449, 6.1798738], [-75.5726694, 6.1794281], [-75.5722319, 6.1792221], [-75.5719206, 6.179145], [-75.5715029, 6.1791519], [-75.5713036, 6.1793208], [-75.5710753, 6.17938], [-75.5705423, 6.1792009], [-75.5704316, 6.1792392], [-75.5703377, 6.1793438], [-75.5702678, 6.1793508], [-75.5694816, 6.1790106], [-75.5693079, 6.1787971], [-75.5691479, 6.1788161], [-75.5689868, 6.1789114], [-75.5689015, 6.1788959], [-75.5687117, 6.1787189], [-75.568478, 6.1786581], [-75.5682497, 6.1783768], [-75.5678783, 6.1780695], [-75.5674576, 6.1774151], [-75.5673328, 6.1773093], [-75.5671458, 6.1771881], [-75.5668843, 6.1770949], [-75.5667544, 6.176999], [-75.5666337, 6.1768344], [-75.5664505, 6.1768002], [-75.5663222, 6.1766635], [-75.5660224, 6.1766485], [-75.5659459, 6.1765436], [-75.5659391, 6.1763324], [-75.5658768, 6.1762727], [-75.5654432, 6.1763493], [-75.5649087, 6.1764661], [-75.5647365, 6.1764691], [-75.5645299, 6.1765387], [-75.5644816, 6.1764573], [-75.5645031, 6.176368], [-75.5645232, 6.1762853], [-75.5644387, 6.1761987], [-75.5644185, 6.1760055], [-75.564361, 6.1759165], [-75.5642912, 6.1758997], [-75.5640938, 6.1761274], [-75.5639141, 6.1761087], [-75.5638553, 6.1759947], [-75.563858, 6.175944], [-75.5637882, 6.1758907], [-75.5637198, 6.1758973], [-75.5636582, 6.1757893], [-75.5634345, 6.1757755], [-75.5631418, 6.1759507], [-75.5630158, 6.1760827], [-75.5629112, 6.1762107], [-75.5627073, 6.1763267], [-75.5625598, 6.176292], [-75.562511, 6.1762135], [-75.5623519, 6.1761813], [-75.5621105, 6.1763013], [-75.5618061, 6.1763253], [-75.5615768, 6.1763067], [-75.5614239, 6.176316], [-75.5613073, 6.1763031], [-75.5610618, 6.1761387], [-75.5609223, 6.1761453], [-75.5607936, 6.1761653], [-75.5607547, 6.1761547], [-75.5607091, 6.17612], [-75.5606259, 6.1760973], [-75.5605615, 6.1760227], [-75.5605133, 6.17594], [-75.5604328, 6.175872], [-75.5603403, 6.175916], [-75.560245, 6.1759427], [-75.5601109, 6.1758853], [-75.5599031, 6.175784], [-75.5598038, 6.1757293], [-75.5596952, 6.1756733], [-75.5595235, 6.1756547], [-75.5594551, 6.17562], [-75.5593881, 6.1756773], [-75.5593063, 6.1756547], [-75.559258, 6.175596], [-75.5592164, 6.1756747], [-75.5591588, 6.1756773], [-75.5591118, 6.1756733], [-75.5590997, 6.1756347], [-75.5590474, 6.1756373], [-75.5590139, 6.175628], [-75.5590059, 6.1755893], [-75.5589978, 6.1755427], [-75.5589603, 6.1755147], [-75.5589254, 6.1755347], [-75.5588731, 6.1754907], [-75.5588449, 6.1754387], [-75.5587551, 6.175412], [-75.5586585, 6.1754093], [-75.558562, 6.1753427], [-75.5585405, 6.1754147], [-75.5583662, 6.175364], [-75.5582589, 6.175364], [-75.5581623, 6.1753173], [-75.5581087, 6.1753587], [-75.5580497, 6.1754267], [-75.5579678, 6.175448], [-75.5579437, 6.175532], [-75.5578324, 6.1755787], [-75.5576715, 6.175544], [-75.5576218, 6.1754427], [-75.5575, 6.175472], [-75.5574448, 6.1754853], [-75.5572825, 6.1756253], [-75.5572955, 6.1757565], [-75.5563373, 6.1757152], [-75.5561734, 6.1757081], [-75.5552876, 6.1756699], [-75.5551698, 6.1756648], [-75.5548338, 6.1756503], [-75.5535824, 6.1755283], [-75.5526025, 6.175503], [-75.5525142, 6.1755007], [-75.5492333, 6.1749132], [-75.5467615, 6.1745765], [-75.5444933, 6.1739068], [-75.5434271, 6.1725993], [-75.542832, 6.1721319], [-75.5409551, 6.1713868], [-75.5393912, 6.1708904], [-75.5379723, 6.1703463], [-75.5374378, 6.1701919], [-75.5370032, 6.1702247], [-75.5364992, 6.1708826], [-75.535355, 6.1727615], [-75.5333332, 6.1770507], [-75.5327075, 6.1781779], [-75.5319825, 6.1797912], [-75.5314561, 6.1821972], [-75.5307541, 6.1833416], [-75.5301058, 6.1849072], [-75.5287092, 6.1874116], [-75.5283966, 6.1881006], [-75.5279008, 6.1907608], [-75.5276259, 6.1919797], [-75.527313, 6.1929805], [-75.5269087, 6.1939805], [-75.5261916, 6.1947656], [-75.5259779, 6.1950792], [-75.5255128, 6.1952985], [-75.5240402, 6.1958348], [-75.5229491, 6.1958987], [-75.5216979, 6.1958412], [-75.520103, 6.1955957], [-75.5184019, 6.1957721], [-75.5179246, 6.1957914], [-75.517593, 6.1958048], [-75.5164331, 6.1956837], [-75.5154031, 6.1954051], [-75.5144085, 6.1950505], [-75.5141825, 6.1949699], [-75.5128705, 6.1943169], [-75.5118861, 6.193992], [-75.510696, 6.1933386], [-75.5095362, 6.1924049], [-75.50904, 6.1922176], [-75.506034, 6.1905997], [-75.5045006, 6.1901676], [-75.5030966, 6.189951], [-75.5022882, 6.1899544], [-75.5018303, 6.1895318], [-75.5014258, 6.1894086], [-75.5009528, 6.1894403], [-75.5003652, 6.1896612], [-75.4997089, 6.1902256], [-75.4990528, 6.1910105], [-75.4984959, 6.1917916], [-75.4980918, 6.1924516], [-75.4980308, 6.1928573], [-75.4979083, 6.1931989], [-75.4978397, 6.19339], [-75.4976874, 6.1936402], [-75.4971529, 6.1939241], [-75.4965353, 6.1941438], [-75.4961229, 6.1942388], [-75.4956882, 6.1942399], [-75.4945664, 6.194461], [-75.4932236, 6.1945584], [-75.492812, 6.194747], [-75.4916598, 6.195001], [-75.4912251, 6.1951897], [-75.4905076, 6.1956605], [-75.4892717, 6.1960232], [-75.4886536, 6.1969006], [-75.4879672, 6.1974018], [-75.4875933, 6.19756], [-75.4868071, 6.1978423], [-75.4850905, 6.1983474], [-75.4839079, 6.1983821], [-75.483687, 6.1983206], [-75.4837783, 6.1985079], [-75.4838725, 6.1988937], [-75.4841352, 6.1989748], [-75.4843375, 6.1992523], [-75.4843653, 6.1994412], [-75.4843368, 6.1998399], [-75.4843834, 6.1999651], [-75.4846311, 6.2002204], [-75.4851262, 6.2005372], [-75.4853059, 6.2007876], [-75.4854439, 6.2008924], [-75.4856349, 6.2013834], [-75.4856412, 6.2020693], [-75.4857885, 6.202487], [-75.4858339, 6.2027637], [-75.4858533, 6.2039423], [-75.4858077, 6.2049604], [-75.485857, 6.2050869], [-75.4857989, 6.2051297], [-75.4857999, 6.2056927], [-75.4855786, 6.2061645], [-75.4851136, 6.2064459], [-75.4846174, 6.206853], [-75.4845566, 6.2075741], [-75.4847623, 6.2087126], [-75.4854184, 6.2096193], [-75.4863649, 6.2113977], [-75.4869596, 6.2127713], [-75.4877763, 6.2139579], [-75.4884631, 6.2146748], [-75.4889281, 6.2150181], [-75.4901185, 6.2153268], [-75.4906219, 6.2159199], [-75.4909045, 6.2170762], [-75.4907821, 6.218202], [-75.4908511, 6.2186707], [-75.4911331, 6.2197955], [-75.4916366, 6.220419], [-75.4920107, 6.2213876], [-75.4925064, 6.2220168], [-75.4923918, 6.222234], [-75.4921784, 6.2224516], [-75.4914969, 6.2229097], [-75.4912096, 6.2231028], [-75.4909576, 6.2233488], [-75.4908509, 6.2234529], [-75.4907878, 6.2235492], [-75.490599, 6.2238377], [-75.490546, 6.2240436], [-75.4905608, 6.2247588], [-75.4902223, 6.2256843], [-75.4902422, 6.2260324], [-75.4902782, 6.2266614], [-75.4914915, 6.2282344], [-75.4914825, 6.2282586], [-75.4913772, 6.2285444], [-75.4911482, 6.2288659], [-75.4910265, 6.2289465], [-75.490683, 6.2290434], [-75.4905662, 6.2290494], [-75.4899429, 6.2290816], [-75.4894165, 6.2292717], [-75.4888139, 6.2296224], [-75.4883255, 6.2300136], [-75.487715, 6.2303701], [-75.4855404, 6.2312764], [-75.4850215, 6.2313004], [-75.4844723, 6.2311312], [-75.4835876, 6.2304816], [-75.4831603, 6.2303009], [-75.4829083, 6.2302484], [-75.4824657, 6.230262], [-75.4816876, 6.2304245], [-75.4812907, 6.2306437], [-75.4809971, 6.2308857], [-75.4806148, 6.2311707], [-75.4804062, 6.2314306], [-75.4801138, 6.2317435], [-75.4793916, 6.2320959], [-75.4789867, 6.2324385], [-75.4788496, 6.2326491], [-75.4788396, 6.2329044], [-75.4788819, 6.2333697], [-75.478773, 6.2341449], [-75.4787283, 6.2344954], [-75.4785916, 6.2347817], [-75.4784726, 6.2349713], [-75.4779187, 6.2352732], [-75.4775786, 6.2354597], [-75.4771514, 6.2355689], [-75.4765221, 6.2357877], [-75.4756984, 6.2360124], [-75.4752252, 6.2361979], [-75.47364, 6.2366175], [-75.4738139, 6.2371508], [-75.4743324, 6.2378511], [-75.4747825, 6.238294], [-75.4760033, 6.2387722], [-75.4765606, 6.2392261], [-75.4765983, 6.239392], [-75.4769343, 6.2396545], [-75.4771785, 6.2399329], [-75.4773769, 6.2402533], [-75.4775139, 6.2405829], [-75.4777585, 6.2408648], [-75.4778574, 6.2409154], [-75.4781854, 6.2417326], [-75.4782007, 6.242379], [-75.4781013, 6.2428199], [-75.4774606, 6.2441437], [-75.4775295, 6.2445559], [-75.4777351, 6.2450131], [-75.4780712, 6.2455037], [-75.4786203, 6.2460729], [-75.479101, 6.2467644], [-75.4795818, 6.2473179], [-75.4796959, 6.2475357], [-75.4797574, 6.2479243], [-75.4798866, 6.2483476], [-75.4800929, 6.248633], [-75.480261, 6.2487523], [-75.4806576, 6.2488823], [-75.4819163, 6.2489693], [-75.4821373, 6.249049], [-75.4825112, 6.2495056], [-75.4824507, 6.249673], [-75.4822596, 6.2497865], [-75.4822064, 6.2499629], [-75.4821985, 6.2501766], [-75.4823206, 6.2504045], [-75.4835187, 6.2508589], [-75.4840601, 6.2512632], [-75.4850367, 6.2518437], [-75.4857466, 6.2525051], [-75.4858531, 6.2526652], [-75.4862043, 6.2532982], [-75.4862956, 6.2536415], [-75.486273, 6.253854], [-75.4860746, 6.2544105], [-75.4858153, 6.2547761], [-75.485739, 6.2549595], [-75.4857234, 6.2552634], [-75.4858302, 6.2557264], [-75.4864942, 6.2567609], [-75.4868986, 6.2572435], [-75.4870817, 6.2575299], [-75.4875397, 6.2579457], [-75.4878217, 6.2584659], [-75.4878673, 6.258633], [-75.4880122, 6.2587682], [-75.4883253, 6.2588883], [-75.4888823, 6.2592405], [-75.4895233, 6.2594557], [-75.4900952, 6.2598598], [-75.4908965, 6.2609572], [-75.4910489, 6.261385], [-75.4914458, 6.2621727], [-75.4914534, 6.2625106], [-75.4913388, 6.2633471], [-75.4913235, 6.2637629], [-75.4913922, 6.264096], [-75.4915604, 6.2644956], [-75.4916974, 6.2646557], [-75.4921401, 6.2654557], [-75.4922164, 6.2657188], [-75.4925674, 6.2664737], [-75.492926, 6.2677474], [-75.4932617, 6.2685465], [-75.4933683, 6.2686547], [-75.493483, 6.2687008], [-75.4935895, 6.2688439], [-75.4939557, 6.2691617], [-75.4947264, 6.2693505], [-75.4951158, 6.2695032], [-75.4958861, 6.2699802], [-75.496031, 6.2700827], [-75.4960922, 6.270191], [-75.49626, 6.2706256], [-75.4963213, 6.2709689], [-75.4963136, 6.2714548], [-75.4961377, 6.2719593], [-75.495848, 6.2723781], [-75.4956496, 6.2725155], [-75.4952835, 6.272878], [-75.4947342, 6.2730795], [-75.4938415, 6.2735339], [-75.493597, 6.2737074], [-75.4933533, 6.2740109], [-75.493208, 6.2743605], [-75.4930554, 6.2749066], [-75.4928116, 6.2764284], [-75.4928265, 6.2765254], [-75.4928801, 6.276714], [-75.4930401, 6.2770051], [-75.493399, 6.2771352], [-75.4934685, 6.2773115], [-75.4935802, 6.2773467], [-75.4936628, 6.2774289], [-75.4939099, 6.2775226], [-75.4941466, 6.2775558], [-75.4943756, 6.277458], [-75.49465, 6.2772346], [-75.4950622, 6.2766381], [-75.4953959, 6.2763197], [-75.4954435, 6.2762743], [-75.4957109, 6.2761662], [-75.4959548, 6.2761758], [-75.4959856, 6.2760558], [-75.4960616, 6.2760184], [-75.4961686, 6.2761288], [-75.4961684, 6.2762396], [-75.4959092, 6.2764628], [-75.4959092, 6.2766471], [-75.495985, 6.2767214], [-75.4960616, 6.2766467], [-75.4962067, 6.2766101], [-75.496321, 6.2767205], [-75.4961912, 6.277156], [-75.4961152, 6.2772183], [-75.496008, 6.2774762], [-75.4959853, 6.2776243], [-75.4960691, 6.2777382], [-75.4959931, 6.2782368], [-75.4960464, 6.2782942], [-75.4959317, 6.2784776], [-75.4956113, 6.2785925], [-75.4954896, 6.278689], [-75.4954741, 6.2788053], [-75.4954587, 6.2789174], [-75.4955204, 6.2790416], [-75.4954914, 6.279232], [-75.4953157, 6.2795999], [-75.4951738, 6.2798956], [-75.4949552, 6.2801926], [-75.4947766, 6.2803478], [-75.4946599, 6.2805493], [-75.4948711, 6.2819947], [-75.4951005, 6.2828574], [-75.4952975, 6.2831054], [-75.4953365, 6.2832805], [-75.4955734, 6.2836166], [-75.4959089, 6.2838451], [-75.4963743, 6.2843241], [-75.4965041, 6.2842943], [-75.4966795, 6.2840306], [-75.4968853, 6.2839215], [-75.4970684, 6.2839549], [-75.4971679, 6.284201], [-75.4972975, 6.2843487], [-75.4975571, 6.2848745], [-75.4975928, 6.2850913], [-75.4976284, 6.2853615], [-75.4977478, 6.2858989], [-75.4978471, 6.2864817], [-75.4980146, 6.2870361], [-75.4982362, 6.2875338], [-75.4983202, 6.2880952], [-75.4984877, 6.2884868], [-75.4992886, 6.288348], [-75.4998532, 6.2885363], [-75.5002073, 6.2890123], [-75.5004264, 6.2895375], [-75.5006428, 6.2897379], [-75.5007512, 6.2900571], [-75.5008193, 6.2901624], [-75.5007338, 6.2906804], [-75.5008224, 6.2909639], [-75.5009281, 6.2911512], [-75.500912, 6.2913036], [-75.5008391, 6.2914123], [-75.5004979, 6.2917625], [-75.5002427, 6.29211], [-75.5000325, 6.2927048], [-75.5001621, 6.2931615], [-75.5035655, 6.2954119], [-75.504003, 6.2957445], [-75.5044319, 6.2966483], [-75.5051955, 6.2977569], [-75.5060029, 6.2986656], [-75.5063124, 6.2987312], [-75.508195, 6.2989133], [-75.510708, 6.2997537], [-75.5131419, 6.3005165], [-75.513692, 6.3007469], [-75.5146356, 6.301209], [-75.5154186, 6.3012023], [-75.5161963, 6.3005689], [-75.5172041, 6.299385], [-75.5185252, 6.2981985], [-75.5197653, 6.2966993], [-75.5204533, 6.2947347], [-75.5209091, 6.2930854], [-75.5209734, 6.2914395], [-75.5213542, 6.2901827], [-75.5216994, 6.2897007], [-75.5215902, 6.2886112], [-75.5216898, 6.2884821], [-75.5218118, 6.2885225], [-75.5229635, 6.2884323], [-75.5236426, 6.2881931], [-75.5251149, 6.2878817], [-75.5256342, 6.2875729], [-75.5259163, 6.287127], [-75.5264121, 6.2875391], [-75.5269766, 6.2883128], [-75.5273126, 6.2889311], [-75.5277554, 6.2895501], [-75.5279382, 6.2899112], [-75.527915, 6.2903249], [-75.5280678, 6.2908397], [-75.5283807, 6.2913056], [-75.5288689, 6.2917957], [-75.5293354, 6.2921258], [-75.5290614, 6.2924178], [-75.5289536, 6.2928237], [-75.5286069, 6.2934518], [-75.5280715, 6.2940126], [-75.5279219, 6.2943764], [-75.527832, 6.2945952], [-75.5275795, 6.2949643], [-75.5275772, 6.2949736], [-75.5274862, 6.2953375], [-75.5272654, 6.2955456], [-75.5270244, 6.2956653], [-75.5269638, 6.2956925], [-75.5269532, 6.2957593], [-75.5269515, 6.2958446], [-75.5270188, 6.2959358], [-75.5270526, 6.2960926], [-75.5270645, 6.2961457], [-75.5271213, 6.2961929], [-75.527401, 6.2962451], [-75.5275979, 6.2962812], [-75.5277472, 6.29635], [-75.527833, 6.2964117], [-75.5280387, 6.2964991], [-75.5281655, 6.2965529], [-75.528197, 6.2965978], [-75.5283289, 6.2966557], [-75.5287457, 6.2966865], [-75.5292957, 6.2966428], [-75.5296167, 6.2968601], [-75.529672, 6.2968469], [-75.5297854, 6.2969339], [-75.5298973, 6.2969828], [-75.5299813, 6.2969925], [-75.530314, 6.2970309], [-75.530379, 6.2970988], [-75.5303773, 6.2974007], [-75.530488, 6.2976252], [-75.5303708, 6.2979058], [-75.5305478, 6.2980149], [-75.5309001, 6.298397], [-75.5313888, 6.2991132], [-75.5316257, 6.2991742], [-75.532123, 6.2994509], [-75.5322434, 6.2995944], [-75.5325514, 6.2997906], [-75.53295, 6.3000105], [-75.5332168, 6.300044], [-75.5332241, 6.3000428], [-75.5336753, 6.3000444], [-75.5338062, 6.2999595], [-75.5338364, 6.2999331], [-75.5340067, 6.2996532], [-75.5341693, 6.2994628], [-75.5342263, 6.2994175], [-75.5342992, 6.2993989], [-75.5345423, 6.2993427], [-75.5347011, 6.2992743], [-75.5348705, 6.2992305], [-75.5350534, 6.2992214], [-75.5351295, 6.299201], [-75.5352264, 6.2991382], [-75.5352645, 6.2990917], [-75.5352999, 6.2990441], [-75.5353304, 6.2989271], [-75.5355544, 6.2987628], [-75.5357287, 6.2986242], [-75.535772, 6.2984684], [-75.5358682, 6.2984056], [-75.5358919, 6.2983971], [-75.5360399, 6.2983443], [-75.5361928, 6.2983016], [-75.5363617, 6.298211], [-75.5364771, 6.2981656], [-75.5366729, 6.298163], [-75.5369679, 6.2982296], [-75.5370913, 6.2982963], [-75.5371423, 6.2985122], [-75.5372066, 6.2986642], [-75.5372404, 6.298764], [-75.5373112, 6.2989735], [-75.5373461, 6.2991921], [-75.5375285, 6.2994667], [-75.5376733, 6.2996373], [-75.5379255, 6.2997439], [-75.5381105, 6.2999092], [-75.5382044, 6.2999972], [-75.5382876, 6.3001998], [-75.5382715, 6.3004744], [-75.5382339, 6.3006557], [-75.5382205, 6.3007783], [-75.5383466, 6.3009143], [-75.53849, 6.3008619], [-75.5387104, 6.3007136], [-75.5389197, 6.3007375], [-75.5391056, 6.300861], [-75.5392102, 6.300933], [-75.5392585, 6.300989], [-75.5392719, 6.3010636], [-75.5393712, 6.3012289], [-75.5394892, 6.3013915], [-75.5395603, 6.3016076], [-75.5395733, 6.3017217], [-75.5396136, 6.3018246], [-75.5397007, 6.3019356], [-75.5399887, 6.3021118], [-75.540122, 6.3022101], [-75.5402202, 6.3022808], [-75.5403295, 6.3022966], [-75.5403751, 6.3023878], [-75.5403917, 6.3025283], [-75.540521, 6.3026186], [-75.5405916, 6.3026632], [-75.5407203, 6.3026979], [-75.5408966, 6.3028267], [-75.5409284, 6.3028389], [-75.5410592, 6.3029686], [-75.5412179, 6.3030474], [-75.5412492, 6.3030997], [-75.5412771, 6.3031371], [-75.5413953, 6.3031794], [-75.5415665, 6.3032283], [-75.5415918, 6.3032931], [-75.5416257, 6.3033646], [-75.5418251, 6.3034261], [-75.5418883, 6.3034917], [-75.5420971, 6.3036192], [-75.5422445, 6.3037043], [-75.542371, 6.3038396], [-75.5424719, 6.3039078], [-75.5428172, 6.3039823], [-75.5429275, 6.3039386], [-75.5430018, 6.3039044], [-75.5431125, 6.3038241], [-75.5432026, 6.3037669], [-75.5432896, 6.3037139], [-75.5433458, 6.3036989], [-75.5433758, 6.3037285], [-75.5433938, 6.303795], [-75.543425, 6.3038335], [-75.5435039, 6.3039306], [-75.5436064, 6.3039589], [-75.5437589, 6.3039965], [-75.5439202, 6.3040682], [-75.5439805, 6.3041917], [-75.5439997, 6.3043047], [-75.544045, 6.3043453], [-75.5441847, 6.3043884], [-75.5443515, 6.3044274], [-75.5443737, 6.3044336], [-75.5444715, 6.304453], [-75.5445046, 6.3043999], [-75.5445186, 6.3043654], [-75.5445794, 6.304349], [-75.5446703, 6.3044157], [-75.5447772, 6.30445], [-75.5449521, 6.3044231], [-75.5450261, 6.3044804], [-75.5451024, 6.3045822], [-75.5452122, 6.3046915], [-75.545271, 6.3047924], [-75.5453762, 6.304947], [-75.5456173, 6.3051157], [-75.5457235, 6.3052918], [-75.5457636, 6.3054614], [-75.5459409, 6.3057013], [-75.5460445, 6.3056855], [-75.5462249, 6.3055764], [-75.5463635, 6.3055223], [-75.5465599, 6.3055511], [-75.54693, 6.3056043], [-75.5472346, 6.3054893], [-75.5474209, 6.3054741], [-75.5477407, 6.3055027], [-75.5477045, 6.305651], [-75.5477417, 6.3057082], [-75.5479008, 6.3056795], [-75.5480485, 6.3057881], [-75.5482031, 6.3057476], [-75.5487442, 6.3058479], [-75.5488934, 6.3059015], [-75.5491416, 6.3058836], [-75.549273, 6.3061504], [-75.5493734, 6.3063904], [-75.5495551, 6.3065162], [-75.5496482, 6.3067305], [-75.5497096, 6.3067708], [-75.5498076, 6.3067001], [-75.5498326, 6.3065898], [-75.5500091, 6.3066205], [-75.5500579, 6.3066501], [-75.5501256, 6.3066682], [-75.550279, 6.3067092], [-75.5504632, 6.3067582], [-75.550687, 6.3067493], [-75.5507507, 6.3069162], [-75.5507859, 6.3070493], [-75.550872, 6.3071378], [-75.551019, 6.3071091], [-75.5515481, 6.3071079], [-75.5516095, 6.3070802], [-75.5518123, 6.3071147], [-75.5519189, 6.3071681], [-75.552053, 6.3072406], [-75.5520969, 6.3074357], [-75.552299, 6.3075135], [-75.5523926, 6.3075327], [-75.5524632, 6.3075069], [-75.5525605, 6.3075027], [-75.5526698, 6.3074701], [-75.5530476, 6.307472], [-75.5535505, 6.30765], [-75.5543128, 6.3079356], [-75.5549042, 6.3081498], [-75.5550111, 6.3081835], [-75.555306, 6.3084604], [-75.5555159, 6.3086496], [-75.5558626, 6.3089227], [-75.5561154, 6.309277], [-75.5563715, 6.3094606], [-75.5565235, 6.3096124], [-75.5566827, 6.3097658], [-75.5568548, 6.3099576], [-75.5571715, 6.3101589], [-75.5567727, 6.3107808], [-75.5564534, 6.3112787], [-75.5565274, 6.3113458], [-75.5569084, 6.3116913], [-75.5570003, 6.3117736], [-75.557513, 6.3118813], [-75.5579449, 6.3120767], [-75.5582018, 6.3122601], [-75.5583099, 6.312305], [-75.5584134, 6.312322], [-75.5585797, 6.3122953], [-75.5585954, 6.3122841], [-75.5587308, 6.3121873], [-75.5587661, 6.312162], [-75.5588655, 6.312053], [-75.5590437, 6.312006], [-75.5591917, 6.3120104], [-75.5593638, 6.3120593], [-75.5594921, 6.3120957], [-75.5597625, 6.3121193], [-75.5599368, 6.3121753], [-75.5600374, 6.312134], [-75.5601358, 6.3121383], [-75.560315, 6.3121993], [-75.5605269, 6.3121367], [-75.5606838, 6.3120314], [-75.5608245, 6.3120014], [-75.561075, 6.3120393], [-75.5613641, 6.3120422], [-75.5615734, 6.3120313], [-75.5617532, 6.3120182], [-75.5619534, 6.3119778], [-75.5622767, 6.3120052], [-75.5626527, 6.3119954], [-75.5629511, 6.312053], [-75.5631576, 6.3120325], [-75.5632086, 6.3120274], [-75.5635004, 6.3120274], [-75.5636339, 6.3120127], [-75.5638094, 6.3119933], [-75.5638862, 6.311979], [-75.5640483, 6.3119487], [-75.564084, 6.3119421], [-75.5643415, 6.3119421], [-75.5645818, 6.3119421], [-75.5647707, 6.3120957], [-75.564802, 6.312119], [-75.5649423, 6.3122236], [-75.5649747, 6.3122533], [-75.5652657, 6.3124407], [-75.5654744, 6.3125635], [-75.5656072, 6.3125992], [-75.5657144, 6.3126754], [-75.565732, 6.3126929], [-75.5658462, 6.312707], [-75.5658693, 6.3127099], [-75.566041, 6.3127099], [-75.5661601, 6.3126924], [-75.5662277, 6.3127456], [-75.5663219, 6.3128196], [-75.5665258, 6.3127468], [-75.5665644, 6.3127192], [-75.5667454, 6.3125903], [-75.5670023, 6.3125393], [-75.5670547, 6.3125161], [-75.5673885, 6.3123687], [-75.5676889, 6.3121981], [-75.5679693, 6.3122175], [-75.568058, 6.3122236], [-75.5680862, 6.3122253], [-75.5681753, 6.3122305], [-75.5683498, 6.3122407], [-75.5684337, 6.3122361], [-75.5686588, 6.3122236], [-75.5689163, 6.3121725], [-75.5689764, 6.3117971], [-75.569148, 6.3115582], [-75.5692596, 6.3113449], [-75.5694656, 6.3110634], [-75.5696888, 6.310944], [-75.5697758, 6.3109181], [-75.5698604, 6.3108928], [-75.5699748, 6.3108928], [-75.5701179, 6.3108928], [-75.5701484, 6.3108906], [-75.5706006, 6.3109093], [-75.5708046, 6.3108587], [-75.5711006, 6.3106252], [-75.5712895, 6.3105487], [-75.5713809, 6.3105036], [-75.5714934, 6.3105619], [-75.5715942, 6.3107478], [-75.571744, 6.3108808], [-75.5717609, 6.3108958], [-75.5717876, 6.3109195], [-75.5718345, 6.3109611], [-75.5719291, 6.3109309], [-75.5720285, 6.3108991], [-75.5722562, 6.3106988], [-75.5723431, 6.3106755], [-75.5724096, 6.3106966], [-75.5725564, 6.3107357], [-75.5726873, 6.3106596], [-75.5728015, 6.3106539], [-75.572891, 6.3107294], [-75.5729753, 6.310763], [-75.5731804, 6.3107531], [-75.5733108, 6.3107819], [-75.5734206, 6.3108004], [-75.5735008, 6.3108371], [-75.573609, 6.3108587], [-75.573716, 6.3108344], [-75.5738535, 6.3107078], [-75.5738917, 6.3106961], [-75.5740674, 6.3107011], [-75.5741465, 6.3107571], [-75.5743343, 6.3107504], [-75.5744067, 6.3107784], [-75.574522, 6.3107464], [-75.574628, 6.3107824], [-75.5747353, 6.3108477], [-75.5750055, 6.3108138], [-75.5751963, 6.3108409], [-75.5754666, 6.3108961], [-75.5755399, 6.3109765], [-75.5756227, 6.3110248], [-75.5757015, 6.311043], [-75.5757423, 6.310995], [-75.5757971, 6.3109304], [-75.5758631, 6.3109808], [-75.5759629, 6.3110569], [-75.5760643, 6.3111317], [-75.5764559, 6.311225], [-75.5765833, 6.3111923], [-75.5766671, 6.3110923], [-75.5766671, 6.3110321], [-75.5767268, 6.3109237], [-75.5767865, 6.3109171], [-75.577044, 6.3107378], [-75.5771331, 6.3107324], [-75.5772002, 6.3107744], [-75.5773681, 6.3108105], [-75.5774589, 6.3107726], [-75.5775113, 6.3107508], [-75.5776748, 6.3106827], [-75.5778367, 6.3106153], [-75.5779188, 6.3105587], [-75.5779855, 6.3105127], [-75.5780148, 6.3105052], [-75.5781386, 6.3104733], [-75.5783669, 6.3104089], [-75.5786385, 6.310431], [-75.578783, 6.3103553], [-75.5788794, 6.3102684], [-75.579131, 6.3101342], [-75.5793191, 6.3100496], [-75.5795057, 6.3099656], [-75.5796525, 6.3098995], [-75.5796781, 6.3098887], [-75.5801086, 6.309707], [-75.5804053, 6.3095217], [-75.5805906, 6.309473], [-75.5807516, 6.309381], [-75.5808956, 6.3093723], [-75.581032, 6.3093025], [-75.5810865, 6.3091701], [-75.5816545, 6.3089348], [-75.5820644, 6.3090737], [-75.5823071, 6.3091469], [-75.582575, 6.3093423], [-75.5826308, 6.3093792], [-75.5827612, 6.3093715], [-75.5830541, 6.3093975], [-75.5833197, 6.3092415], [-75.5834109, 6.3092148], [-75.5835678, 6.3093095], [-75.5837408, 6.3093082], [-75.5838762, 6.3092628], [-75.584127, 6.3092548], [-75.5842651, 6.3092775], [-75.5844355, 6.3093641], [-75.5846675, 6.3092548], [-75.584705, 6.3092588], [-75.5847654, 6.3093175], [-75.584992, 6.3093535], [-75.5850853, 6.3094501], [-75.585149, 6.309543], [-75.5852817, 6.3096667], [-75.5855581, 6.3097975], [-75.5858655, 6.3098511], [-75.586004, 6.3099927], [-75.5868677, 6.310033], [-75.5869089, 6.3100397], [-75.5871016, 6.310071], [-75.5873904, 6.310117], [-75.5875252, 6.3100411], [-75.5877333, 6.3098032], [-75.5883401, 6.3097485], [-75.5900025, 6.3088569], [-75.5907811, 6.3086829], [-75.5911831, 6.3084879], [-75.5915843, 6.3084508], [-75.5927068, 6.3084005], [-75.5937867, 6.3083406], [-75.5941056, 6.3079346], [-75.5941883, 6.3078292], [-75.5945617, 6.3077101], [-75.5946544, 6.3076806], [-75.595213, 6.3078059], [-75.5953467, 6.3078345], [-75.5955762, 6.3078459], [-75.5957893, 6.3076912], [-75.5964343, 6.307366], [-75.597086, 6.307032], [-75.597225, 6.307126], [-75.59746, 6.3072], [-75.5974693, 6.3071813], [-75.5975853, 6.3072133], [-75.5976713, 6.3072196], [-75.5979355, 6.3072778], [-75.5984082, 6.3074322], [-75.5990104, 6.3074616], [-75.5994979, 6.3080536], [-75.5996803, 6.30818], [-75.5997458, 6.3082388], [-75.6001623, 6.3085468], [-75.6009347, 6.3088668], [-75.6011846, 6.3088294], [-75.6018604, 6.3089598], [-75.6024655, 6.3089498], [-75.6031642, 6.3087936], [-75.6034705, 6.3087557], [-75.6038645, 6.3087582], [-75.6041733, 6.3089813], [-75.6043177, 6.309295], [-75.604376, 6.3094217], [-75.604784, 6.3093628], [-75.6049544, 6.3096014], [-75.605, 6.3098867], [-75.6051354, 6.310064], [-75.6054372, 6.3102317], [-75.6054947, 6.3103651], [-75.6056115, 6.3105628], [-75.6057006, 6.3106248], [-75.606046, 6.3108338], [-75.6063755, 6.3110782], [-75.6065838, 6.3111783], [-75.6070599, 6.3117182], [-75.6072222, 6.3119381], [-75.6073107, 6.3121874], [-75.6073831, 6.3122607], [-75.6075615, 6.3123447], [-75.607709, 6.312502], [-75.6077921, 6.3127739], [-75.6077305, 6.3132938], [-75.607776, 6.3135044], [-75.6079316, 6.313643], [-75.6084251, 6.3138803], [-75.6087953, 6.3139256], [-75.6097207, 6.3136403], [-75.6100586, 6.313587], [-75.6104583, 6.3136083], [-75.6105951, 6.313675], [-75.6108874, 6.3139362], [-75.6111503, 6.3139336], [-75.611802, 6.3141948], [-75.6123036, 6.3141015], [-75.6128937, 6.3142108], [-75.6131512, 6.3140935], [-75.6138486, 6.3140269], [-75.6145889, 6.3140322], [-75.6147149, 6.313707], [-75.6152338, 6.3134869], [-75.6155929, 6.3131531], [-75.6159765, 6.3131177], [-75.6170301, 6.3131094], [-75.617959, 6.3133548], [-75.6185765, 6.3135203], [-75.6190227, 6.3136769], [-75.6194343, 6.3138348], [-75.6198883, 6.3139859], [-75.6201657, 6.3141139], [-75.6206048, 6.3142193], [-75.6211579, 6.3142548], [-75.6213551, 6.3141941], [-75.6215617, 6.3141941], [-75.6218707, 6.3141983], [-75.6220051, 6.3142723], [-75.6223012, 6.3145096], [-75.6225057, 6.3147737], [-75.6227187, 6.3148654], [-75.6229955, 6.3149746], [-75.6235244, 6.3149761], [-75.6237712, 6.3149162], [-75.6239709, 6.3147322], [-75.6244785, 6.3143656], [-75.624835, 6.3140453], [-75.6254174, 6.3135854], [-75.6256094, 6.3134853], [-75.6259076, 6.3133625], [-75.6260233, 6.3134679], [-75.6263408, 6.3138034], [-75.6265465, 6.3140568], [-75.6267474, 6.3142303], [-75.6270865, 6.3144937], [-75.6273991, 6.3147509], [-75.6277938, 6.3150485], [-75.6282498, 6.3153069], [-75.6287593, 6.3155756], [-75.6289075, 6.3156049], [-75.6291677, 6.3157117], [-75.6294928, 6.3157656], [-75.6298611, 6.3158123], [-75.6303282, 6.3159576], [-75.6309415, 6.3161149], [-75.6317025, 6.3164659], [-75.6323719, 6.3167859], [-75.6328675, 6.3170117], [-75.6331505, 6.3171511], [-75.6335531, 6.3173483], [-75.6336814, 6.3174531], [-75.63387, 6.3176795], [-75.6340718, 6.3179624], [-75.6343989, 6.3183923], [-75.6350279, 6.3190449], [-75.6352913, 6.3192689], [-75.6355112, 6.3194965], [-75.6359416, 6.3198974], [-75.6364386, 6.3204116], [-75.637014, 6.3209755], [-75.6374318, 6.3211721], [-75.6377264, 6.3213366], [-75.6381249, 6.3214608], [-75.6386634, 6.3215567], [-75.6396527, 6.3217389], [-75.6399701, 6.3218146], [-75.640239, 6.3218779], [-75.6406419, 6.3220643], [-75.6410983, 6.3224298], [-75.6414997, 6.3228826], [-75.6423372, 6.3239128], [-75.6429323, 6.3247306], [-75.6435154, 6.3254564], [-75.6442687, 6.3263309], [-75.6451627, 6.3273695], [-75.6460217, 6.3284208], [-75.6468536, 6.3292894], [-75.6476666, 6.3300681], [-75.6478171, 6.3302112], [-75.6481813, 6.3305359], [-75.6483964, 6.3307278], [-75.6487514, 6.3309938], [-75.6495152, 6.3313763], [-75.649829, 6.3315341], [-75.650327, 6.3317913], [-75.651531, 6.3324366], [-75.6525523, 6.3329431], [-75.6526962, 6.3340851], [-75.6533087, 6.3343957], [-75.6543458, 6.3355071], [-75.6549645, 6.3364105], [-75.6548947, 6.3367549], [-75.6547502, 6.3383478], [-75.6546815, 6.3399408], [-75.6550937, 6.3420201], [-75.6549949, 6.3434278], [-75.6547736, 6.3442237], [-75.6546127, 6.3452403], [-75.6546288, 6.3459545], [-75.6545588, 6.3475837], [-75.6548183, 6.3493438], [-75.6550176, 6.3499727], [-75.6558337, 6.3517704], [-75.656193, 6.3527115], [-75.6576418, 6.3551201], [-75.6581561, 6.3557186], [-75.659832, 6.3582664], [-75.6601141, 6.3587881], [-75.6602593, 6.3589365], [-75.6604184, 6.3590002], [-75.6610085, 6.3591341], [-75.6610086, 6.3591713], [-75.6615709, 6.3593266], [-75.662022, 6.3595742], [-75.6626935, 6.3597862], [-75.6628535, 6.3598219], [-75.6632725, 6.3599154], [-75.6637603, 6.3599677], [-75.6639668, 6.3600654], [-75.6640736, 6.360225], [-75.6646846, 6.3627307], [-75.6647527, 6.3634056], [-75.6648826, 6.3638341], [-75.6651335, 6.3641851], [-75.6651861, 6.3644575], [-75.6653707, 6.3654129], [-75.6653406, 6.3660863], [-75.6652797, 6.3664749], [-75.6652945, 6.3680704], [-75.6654325, 6.3685984], [-75.6656377, 6.3689517], [-75.6658969, 6.3695875], [-75.6658995, 6.3698905], [-75.6659046, 6.3704847], [-75.6660188, 6.3708375], [-75.6661789, 6.3709885], [-75.6658875, 6.3716675], [-75.666179, 6.3720128], [-75.6664512, 6.3724814], [-75.6666312, 6.3729803], [-75.6666944, 6.373291], [-75.6667065, 6.3753521], [-75.6667128, 6.3764208], [-75.6677613, 6.3753507], [-75.6683273, 6.374773], [-75.6687682, 6.374323], [-75.6707946, 6.3734291], [-75.6715453, 6.3728912], [-75.6732592, 6.3724898], [-75.6743061, 6.3722893], [-75.6751016, 6.3719918], [-75.6754483, 6.3719522], [-75.6760452, 6.3717628], [-75.6765119, 6.371673], [-75.676986, 6.371662], [-75.6774212, 6.3712151], [-75.6778989, 6.3706453], [-75.6782937, 6.3703349], [-75.6787787, 6.3700396], [-75.6792998, 6.3698939], [-75.6795856, 6.3697306], [-75.6801743, 6.3697932], [-75.680619, 6.3697541], [-75.6819884, 6.3698099], [-75.6823748, 6.3698772], [-75.6828455, 6.3698352], [-75.6833409, 6.3698585], [-75.6837643, 6.3699614], [-75.6840166, 6.3699618], [-75.6843013, 6.3698553], [-75.6846022, 6.3698732], [-75.6850522, 6.3697721], [-75.6853753, 6.3694728], [-75.6856446, 6.3693418], [-75.6861259, 6.3693211], [-75.6862729, 6.3694159], [-75.6864706, 6.3696556], [-75.6869835, 6.3707809], [-75.6876201, 6.3715551], [-75.6883432, 6.3712639], [-75.6888227, 6.3711712], [-75.6892857, 6.3709578], [-75.6902867, 6.3707421], [-75.6910629, 6.3706629], [-75.6915566, 6.3704104], [-75.692338, 6.3699135], [-75.6926623, 6.3695873], [-75.692846, 6.3694911], [-75.6929126, 6.3694979], [-75.6932995, 6.3696826], [-75.6935562, 6.369865], [-75.6942447, 6.3701688], [-75.6944758, 6.3702115], [-75.6950521, 6.3699613], [-75.6953953, 6.369965], [-75.6962092, 6.370294], [-75.6970949, 6.3707301], [-75.6972603, 6.3708298], [-75.6974437, 6.3710669], [-75.6976817, 6.3715728], [-75.6978491, 6.3721432], [-75.6979591, 6.3723345], [-75.6982388, 6.3726067], [-75.6984328, 6.3726939], [-75.6989119, 6.3726932], [-75.6990965, 6.3726445], [-75.6997583, 6.372087], [-75.7001835, 6.3715674], [-75.7003413, 6.3715229], [-75.7007733, 6.3715186], [-75.7011703, 6.3716188], [-75.701521, 6.3717752], [-75.7017953, 6.3718975], [-75.7021298, 6.3722221], [-75.7023724, 6.3722213], [-75.7029014, 6.3723165], [-75.7037871, 6.3723508], [-75.704837, 6.372496], [-75.7050974, 6.3725907], [-75.7055211, 6.3729421], [-75.7056367, 6.373038], [-75.7059248, 6.3729397], [-75.7061607, 6.3729935], [-75.7063954, 6.3729817], [-75.7065648, 6.3728668], [-75.7068002, 6.3728301], [-75.7066987, 6.3726285], [-75.7069133, 6.3724539], [-75.7069485, 6.3724499], [-75.7071353, 6.3724284], [-75.7076735, 6.3727065], [-75.7077985, 6.3727298], [-75.7077206, 6.3725683], [-75.7077002, 6.372526], [-75.7076715, 6.372288], [-75.7079027, 6.3721505], [-75.7081086, 6.3721112], [-75.7084898, 6.3719083], [-75.7086539, 6.3718209], [-75.7089961, 6.3721373], [-75.7093499, 6.3722092], [-75.7097018, 6.3721384], [-75.7099269, 6.3720168], [-75.7100592, 6.3718889], [-75.7107989, 6.3715855], [-75.711787, 6.3716475], [-75.712238, 6.3715572], [-75.7125566, 6.3714298], [-75.7134128, 6.3708566], [-75.7137679, 6.3707016], [-75.7138318, 6.3705189], [-75.7138395, 6.3700553], [-75.7139559, 6.3695329], [-75.713961, 6.3690864], [-75.7144353, 6.3681522], [-75.7145818, 6.3673555], [-75.7149363, 6.3668975], [-75.7158486, 6.3660936], [-75.7165038, 6.3650202], [-75.7167144, 6.3647504], [-75.7168287, 6.3645325], [-75.7169134, 6.3643711], [-75.7171158, 6.3637172], [-75.7171346, 6.3629848], [-75.7171067, 6.3628276], [-75.7169035, 6.3623482], [-75.7169061, 6.3614113], [-75.7169078, 6.3608074], [-75.7166096, 6.3606338], [-75.7162849, 6.3605697], [-75.7162099, 6.3604059], [-75.7164586, 6.3598474], [-75.7162684, 6.358744], [-75.7160492, 6.3583918], [-75.7159557, 6.357812], [-75.7159182, 6.3570517], [-75.7156119, 6.3562969], [-75.7156081, 6.3560737], [-75.7157626, 6.3557555], [-75.7157614, 6.3555192], [-75.7158209, 6.3551883], [-75.7157874, 6.3550593], [-75.7156135, 6.354883], [-75.7155206, 6.3547314], [-75.715104, 6.3543604], [-75.714478, 6.3533655], [-75.7144066, 6.3524946], [-75.7144405, 6.3524078], [-75.7147061, 6.3523065], [-75.7151659, 6.3522169], [-75.7152875, 6.3521054], [-75.7153454, 6.3519832], [-75.7151693, 6.3514892], [-75.714924, 6.3511162], [-75.7149029, 6.3509129], [-75.7151105, 6.3500203], [-75.7152865, 6.3493042], [-75.7151583, 6.3489302], [-75.7146291, 6.3482892], [-75.7140316, 6.3480132], [-75.7138142, 6.3477381], [-75.7136859, 6.3473624], [-75.7137497, 6.3471875], [-75.7139552, 6.3469798], [-75.7141694, 6.3468238], [-75.7143885, 6.3467089], [-75.7146855, 6.3466743], [-75.7147845, 6.3465223], [-75.7149249, 6.3464437], [-75.714988, 6.3463264], [-75.7150631, 6.3462923], [-75.7152241, 6.3460683], [-75.7154947, 6.3462448], [-75.7157242, 6.3463384], [-75.715861, 6.3463331], [-75.7159925, 6.346429], [-75.7160863, 6.3464437], [-75.7162687, 6.346373], [-75.7163626, 6.3461185], [-75.7164095, 6.3460931], [-75.7166536, 6.3460492], [-75.7168072, 6.3461076], [-75.7171096, 6.3459965], [-75.7176505, 6.3459454], [-75.7178947, 6.3458488], [-75.718009, 6.3457407], [-75.7180383, 6.3454359], [-75.7180833, 6.3449873], [-75.7181184, 6.3448235], [-75.7182529, 6.3443869], [-75.7184894, 6.3440256], [-75.7187361, 6.343575], [-75.7188318, 6.3434043], [-75.7188435, 6.3431593], [-75.7187695, 6.3429484], [-75.7186673, 6.3428425], [-75.7185995, 6.3427024], [-75.7186221, 6.342567], [-75.718679, 6.3424401], [-75.7187856, 6.3423072], [-75.7189352, 6.3422341], [-75.7191955, 6.3421089], [-75.7192824, 6.3419525], [-75.7192705, 6.3417535], [-75.7192295, 6.3414152], [-75.7192928, 6.3409357], [-75.7194249, 6.3405585], [-75.7194283, 6.3404105]]]}}, {"type": "Feature", "properties": {"nombre": "Envigado", "zona": "medellin", "centro": [6.1701348, -75.587415]}, "geometry": {"type": "Polygon", "coordinates": [[[-75.6049283, 6.1634166], [-75.6048466, 6.1633207], [-75.604595, 6.16309], [-75.6044714, 6.1628665], [-75.6040828, 6.1623351], [-75.6035567, 6.1615185], [-75.6032539, 6.1612268], [-75.6021884, 6.160143], [-75.6024902, 6.1599292], [-75.6026311, 6.1598889], [-75.6027821, 6.1598524], [-75.6029521, 6.1598073], [-75.6031207, 6.1597475], [-75.603257, 6.1596747], [-75.6033845, 6.1595727], [-75.6034827, 6.1594284], [-75.603825, 6.158902], [-75.603903, 6.1587915], [-75.603988, 6.1586604], [-75.6040614, 6.158543], [-75.6041465, 6.1584083], [-75.6042306, 6.1582709], [-75.6043239, 6.1581066], [-75.6043451, 6.1580672], [-75.6043557, 6.1580285], [-75.6043524, 6.1580003], [-75.6042853, 6.1579264], [-75.6042763, 6.1579165], [-75.604215, 6.1578491], [-75.6040999, 6.1576624], [-75.6039681, 6.1572768], [-75.6039151, 6.1569817], [-75.6038363, 6.1566097], [-75.6038045, 6.1564124], [-75.6038045, 6.1562738], [-75.6037773, 6.156069], [-75.6037394, 6.1560088], [-75.6037167, 6.1558175], [-75.6037227, 6.1556865], [-75.6036288, 6.1556082], [-75.6034546, 6.1556037], [-75.6028595, 6.1552588], [-75.6023469, 6.1544532], [-75.6019355, 6.1536468], [-75.6016749, 6.1527378], [-75.6012807, 6.1520792], [-75.600792, 6.1515363], [-75.5999081, 6.151411], [-75.5989998, 6.1517051], [-75.5973845, 6.1485218], [-75.5966276, 6.1479718], [-75.5960147, 6.1472683], [-75.5955527, 6.1464623], [-75.5949399, 6.1457588], [-75.5940257, 6.145311], [-75.5931129, 6.145015], [-75.59235, 6.1445152], [-75.591537, 6.1440665], [-75.5911757, 6.143209], [-75.591168, 6.1422979], [-75.5910594, 6.1414079], [-75.5915038, 6.1401387], [-75.5916967, 6.1390234], [-75.592284, 6.1366899], [-75.592227, 6.1359311], [-75.5921071, 6.1337048], [-75.5919289, 6.1305678], [-75.5914618, 6.1291544], [-75.5908426, 6.1276917], [-75.5905808, 6.1266308], [-75.5898686, 6.1261306], [-75.5894075, 6.1254258], [-75.5892473, 6.1244148], [-75.5889863, 6.1234552], [-75.5886654, 6.1213825], [-75.5894053, 6.1191489], [-75.5898948, 6.1172212], [-75.5907375, 6.1151893], [-75.5903117, 6.1127359], [-75.590008, 6.1124507], [-75.5894421, 6.1119942], [-75.5892171, 6.1119351], [-75.5879218, 6.1117334], [-75.5871773, 6.1115855], [-75.5866526, 6.1114321], [-75.5858254, 6.1110006], [-75.5850189, 6.1104056], [-75.5847447, 6.1102769], [-75.5828301, 6.1100155], [-75.5820865, 6.1100283], [-75.5816238, 6.1099923], [-75.5811656, 6.1099157], [-75.5806742, 6.1097734], [-75.5800245, 6.1094398], [-75.5791271, 6.1088385], [-75.5788023, 6.1086239], [-75.5779915, 6.1082224], [-75.5770928, 6.1077061], [-75.5768172, 6.1075425], [-75.5764689, 6.107262], [-75.5761091, 6.1068988], [-75.5757873, 6.1064518], [-75.5755416, 6.1059888], [-75.5748757, 6.1046451], [-75.5743533, 6.1037494], [-75.5734218, 6.1021925], [-75.5726059, 6.1012119], [-75.5718773, 6.101013], [-75.570853, 6.1007262], [-75.5704108, 6.1006107], [-75.5699823, 6.1004179], [-75.5693542, 6.1003036], [-75.5690639, 6.1003199], [-75.5687884, 6.1004349], [-75.5684739, 6.1008048], [-75.5682023, 6.1011099], [-75.5679751, 6.1016753], [-75.5670582, 6.1025723], [-75.5653854, 6.1033669], [-75.5642033, 6.104771], [-75.5637721, 6.1048707], [-75.5633096, 6.1049776], [-75.5624151, 6.1050847], [-75.5612213, 6.1050947], [-75.5603234, 6.1048034], [-75.5595234, 6.1043121], [-75.5594622, 6.1043065], [-75.5585278, 6.1042209], [-75.5576308, 6.1040292], [-75.5552338, 6.1040491], [-75.5548971, 6.1040519], [-75.5540494, 6.104059], [-75.5530562, 6.1042665], [-75.550681, 6.1057801], [-75.5500899, 6.1064821], [-75.5499329, 6.1068437], [-75.5496994, 6.1073816], [-75.5492086, 6.1081824], [-75.5491141, 6.1086253], [-75.5488255, 6.1099781], [-75.5486415, 6.1117722], [-75.54795, 6.1123755], [-75.5473589, 6.1130775], [-75.5467678, 6.1137796], [-75.546277, 6.1145803], [-75.5454853, 6.1150849], [-75.5447938, 6.1156881], [-75.5447408, 6.1157063], [-75.5439009, 6.1159943], [-75.5435512, 6.1161534], [-75.5430088, 6.1164001], [-75.5424177, 6.1171022], [-75.5423257, 6.1179992], [-75.5423596, 6.122082], [-75.5425165, 6.1225402], [-75.5426656, 6.1229757], [-75.5427725, 6.1238711], [-75.5417328, 6.1244027], [-75.5407264, 6.1245904], [-75.5396235, 6.1251878], [-75.5386171, 6.1258577], [-75.5377159, 6.1265959], [-75.5368598, 6.1277117], [-75.5366237, 6.1291476], [-75.5364306, 6.1308053], [-75.5362761, 6.1316758], [-75.5349972, 6.1318294], [-75.5300684, 6.1316459], [-75.5294333, 6.1328748], [-75.5287895, 6.1336108], [-75.527736, 6.1338327], [-75.526736, 6.1331863], [-75.5259228, 6.132382], [-75.5245602, 6.1323457], [-75.523365, 6.1325356], [-75.5221291, 6.13283], [-75.5209103, 6.1326785], [-75.5199189, 6.1327575], [-75.5198653, 6.1338626], [-75.5192301, 6.1348717], [-75.5188611, 6.1359662], [-75.5191186, 6.13753], [-75.5193782, 6.1390192], [-75.5205004, 6.1403099], [-75.5214017, 6.1423474], [-75.5214982, 6.1439304], [-75.5208781, 6.1458142], [-75.518786, 6.1470068], [-75.5182581, 6.1489013], [-75.5168655, 6.1507616], [-75.5146811, 6.1516726], [-75.5135138, 6.1516342], [-75.5135095, 6.1523286], [-75.5145524, 6.1533143], [-75.5148485, 6.1545922], [-75.5143335, 6.1558722], [-75.513561, 6.1570242], [-75.5124881, 6.1577496], [-75.5112007, 6.1575363], [-75.5100849, 6.1570242], [-75.5070808, 6.1560002], [-75.5058363, 6.1547202], [-75.504463, 6.1537815], [-75.5032184, 6.1538668], [-75.5029609, 6.1548055], [-75.5021455, 6.1559576], [-75.5003002, 6.1544642], [-75.4996565, 6.1530988], [-75.4989269, 6.1526721], [-75.4984119, 6.1538242], [-75.4976394, 6.1545922], [-75.494292, 6.1549762], [-75.4937985, 6.1556599], [-75.4933908, 6.1563853], [-75.4929617, 6.156812], [-75.4922536, 6.1572387], [-75.4911592, 6.157644], [-75.490494, 6.1580067], [-75.4890349, 6.1585614], [-75.4886272, 6.159116], [-75.4884985, 6.1597347], [-75.4884341, 6.1605027], [-75.4877045, 6.1608014], [-75.4868248, 6.1608227], [-75.4860308, 6.1602894], [-75.4852369, 6.1600334], [-75.4847219, 6.159756], [-75.4843571, 6.1594787], [-75.4840996, 6.1586894], [-75.483134, 6.15854], [-75.4823616, 6.1586254], [-75.481632, 6.158668], [-75.480602, 6.1586254], [-75.4797008, 6.1585187], [-75.4789927, 6.1586894], [-75.4783275, 6.158412], [-75.4774048, 6.1581133], [-75.4764607, 6.1579427], [-75.4762032, 6.1578787], [-75.475538, 6.157964], [-75.4752785, 6.1586678], [-75.4741457, 6.1669735], [-75.474517, 6.1682931], [-75.4745249, 6.1692549], [-75.4758569, 6.1705184], [-75.4780242, 6.1711017], [-75.4801865, 6.1710838], [-75.4822386, 6.1722691], [-75.4841717, 6.1735757], [-75.4846582, 6.1742931], [-75.4846721, 6.1759763], [-75.4843247, 6.1775422], [-75.4843356, 6.1788647], [-75.4849512, 6.1806631], [-75.4848411, 6.1818664], [-75.4831652, 6.1826018], [-75.4824564, 6.1840505], [-75.4829489, 6.1854892], [-75.4847658, 6.1872777], [-75.4856257, 6.189555], [-75.4856447, 6.1918393], [-75.4843382, 6.1936537], [-75.483276, 6.1959471], [-75.483287, 6.1972696], [-75.483687, 6.1983206], [-75.4839079, 6.1983821], [-75.4850905, 6.1983474], [-75.4868071, 6.1978423], [-75.4875933, 6.19756], [-75.4879672, 6.1974018], [-75.4886536, 6.1969006], [-75.4892717, 6.1960232], [-75.4905076, 6.1956605], [-75.4912251, 6.1951897], [-75.4916598, 6.195001], [-75.492812, 6.194747], [-75.4932236, 6.1945584], [-75.4945664, 6.194461], [-75.4956882, 6.1942399], [-75.4961229, 6.1942388], [-75.4965353, 6.1941438], [-75.4971529, 6.1939241], [-75.4976874, 6.1936402], [-75.4978397, 6.19339], [-75.4979083, 6.1931989], [-75.4980308, 6.1928573], [-75.4980918, 6.1924516], [-75.4984959, 6.1917916], [-75.4990528, 6.1910105], [-75.4997089, 6.1902256], [-75.5003652, 6.1896612], [-75.5009528, 6.1894403], [-75.5014258, 6.1894086], [-75.5018303, 6.1895318], [-75.5022882, 6.1899544], [-75.5030966, 6.189951], [-75.5045006, 6.1901676], [-75.506034, 6.1905997], [-75.50904, 6.1922176], [-75.5095362, 6.1924049], [-75.510696, 6.1933386], [-75.5118861, 6.193992], [-75.5128705, 6.1943169], [-75.5141825, 6.1949699], [-75.5144085, 6.1950505], [-75.5154031, 6.1954051], [-75.5164331, 6.1956837], [-75.517593, 6.1958048], [-75.5179246, 6.1957914], [-75.5184019, 6.1957721], [-75.520103, 6.1955957], [-75.5216979, 6.1958412], [-75.5229491, 6.1958987], [-75.5240402, 6.1958348], [-75.5255128, 6.1952985], [-75.5259779, 6.1950792], [-75.5261916, 6.1947656], [-75.5269087, 6.1939805], [-75.527313, 6.1929805], [-75.5276259, 6.1919797], [-75.5279008, 6.1907608], [-75.5283966, 6.1881006], [-75.5287092, 6.1874116], [-75.5301058, 6.1849072], [-75.5307541, 6.1833416], [-75.5314561, 6.1821972], [-75.5319825, 6.1797912], [-75.5327075, 6.1781779], [-75.5333332, 6.1770507], [-75.535355, 6.1727615], [-75.5364992, 6.1708826], [-75.5370032, 6.1702247], [-75.5374378, 6.1701919], [-75.5379723, 6.1703463], [-75.5393912, 6.1708904], [-75.5409551, 6.1713868], [-75.542832, 6.1721319], [-75.5434271, 6.1725993], [-75.5444933, 6.1739068], [-75.5467615, 6.1745765], [-75.5492333, 6.1749132], [-75.5525142, 6.1755007], [-75.5526025, 6.175503], [-75.5535824, 6.1755283], [-75.5548338, 6.1756503], [-75.5551698, 6.1756648], [-75.5552876, 6.1756699], [-75.5561734, 6.1757081], [-75.5563373, 6.1757152], [-75.5572955, 6.1757565], [-75.5572825, 6.1756253], [-75.5574448, 6.1754853], [-75.5575, 6.175472], [-75.5576218, 6.1754427], [-75.5576715, 6.175544], [-75.5578324, 6.1755787], [-75.5579437, 6.175532], [-75.5579678, 6.175448], [-75.5580497, 6.1754267], [-75.5581087, 6.1753587], [-75.5581623, 6.1753173], [-75.5582589, 6.175364], [-75.5583662, 6.175364], [-75.5585405, 6.1754147], [-75.558562, 6.1753427], [-75.5586585, 6.1754093], [-75.5587551, 6.175412], [-75.5588449, 6.1754387], [-75.5588731, 6.1754907], [-75.5589254, 6.1755347], [-75.5589603, 6.1755147], [-75.5589978, 6.1755427], [-75.5590059, 6.1755893], [-75.5590139, 6.175628], [-75.5590474, 6.1756373], [-75.5590997, 6.1756347], [-75.5591118, 6.1756733], [-75.5591588, 6.1756773], [-75.5592164, 6.1756747], [-75.559258, 6.175596], [-75.5593063, 6.1756547], [-75.5593881, 6.1756773], [-75.5594551, 6.17562], [-75.5595235, 6.1756547], [-75.5596952, 6.1756733], [-75.5598038, 6.1757293], [-75.5599031, 6.175784], [-75.5601109, 6.1758853], [-75.560245, 6.1759427], [-75.5603403, 6.175916], [-75.5604328, 6.175872], [-75.5605133, 6.17594], [-75.5605615, 6.1760227], [-75.5606259, 6.1760973], [-75.5607091, 6.17612], [-75.5607547, 6.1761547], [-75.5607936, 6.1761653], [-75.5609223, 6.1761453], [-75.5610618, 6.1761387], [-75.5613073, 6.1763031], [-75.5614239, 6.176316], [-75.5615768, 6.1763067], [-75.5618061, 6.1763253], [-75.5621105, 6.1763013], [-75.5623519, 6.1761813], [-75.562511, 6.1762135], [-75.5625598, 6.176292], [-75.5627073, 6.1763267], [-75.5629112, 6.1762107], [-75.5630158, 6.1760827], [-75.5631418, 6.1759507], [-75.5634345, 6.1757755], [-75.5636582, 6.1757893], [-75.5637198, 6.1758973], [-75.5637882, 6.1758907], [-75.563858, 6.175944], [-75.5638553, 6.1759947], [-75.5639141, 6.1761087], [-75.5640938, 6.1761274], [-75.5642912, 6.1758997], [-75.564361, 6.1759165], [-75.5644185, 6.1760055], [-75.5644387, 6.1761987], [-75.5645232, 6.1762853], [-75.5645031, 6.176368], [-75.5644816, 6.1764573], [-75.5645299, 6.1765387], [-75.5647365, 6.1764691], [-75.5649087, 6.1764661], [-75.5654432, 6.1763493], [-75.5658768, 6.1762727], [-75.5659391, 6.1763324], [-75.5659459, 6.1765436], [-75.5660224, 6.1766485], [-75.5663222, 6.1766635], [-75.5664505, 6.1768002], [-75.5666337, 6.1768344], [-75.5667544, 6.176999], [-75.5668843, 6.1770949], [-75.5671458, 6.1771881], [-75.5673328, 6.1773093], [-75.5674576, 6.1774151], [-75.5678783, 6.1780695], [-75.5682497, 6.1783768], [-75.568478, 6.1786581], [-75.5687117, 6.1787189], [-75.5689015, 6.1788959], [-75.5689868, 6.1789114], [-75.5691479, 6.1788161], [-75.5693079, 6.1787971], [-75.5694816, 6.1790106], [-75.5702678, 6.1793508], [-75.5703377, 6.1793438], [-75.5704316, 6.1792392], [-75.5705423, 6.1792009], [-75.5710753, 6.17938], [-75.5713036, 6.1793208], [-75.5715029, 6.1791519], [-75.5719206, 6.179145], [-75.5722319, 6.1792221], [-75.5726694, 6.1794281], [-75.5731449, 6.1798738], [-75.5734996, 6.1801421], [-75.573777, 6.1802359], [-75.5741296, 6.1802707], [-75.5743389, 6.1805001], [-75.5750839, 6.1808345], [-75.5757212, 6.181855], [-75.5758015, 6.1819837], [-75.5766515, 6.182142], [-75.5767397, 6.1821694], [-75.5767717, 6.1821794], [-75.5773625, 6.1825329], [-75.5775328, 6.1826302], [-75.5779043, 6.1828609], [-75.5780344, 6.1829355], [-75.5782956, 6.1830901], [-75.5787369, 6.1833513], [-75.5788831, 6.1834364], [-75.5792473, 6.1836905], [-75.579314, 6.1837353], [-75.5796039, 6.1838475], [-75.5798178, 6.1841301], [-75.5799276, 6.1844658], [-75.5800006, 6.1848492], [-75.5801094, 6.1854202], [-75.580199, 6.1858905], [-75.5804311, 6.1866429], [-75.580572, 6.1868492], [-75.5807091, 6.1870043], [-75.5813598, 6.1875388], [-75.5816761, 6.1878622], [-75.5827862, 6.1882259], [-75.5828731, 6.1882675], [-75.5829373, 6.1883136], [-75.5830266, 6.1886147], [-75.5831287, 6.188746], [-75.5832474, 6.1889], [-75.5833107, 6.1889801], [-75.583491, 6.1886445], [-75.583671, 6.1883309], [-75.5838719, 6.188069], [-75.5842998, 6.1876799], [-75.5850199, 6.1871288], [-75.5855474, 6.1867403], [-75.5863644, 6.1861331], [-75.5872179, 6.185522], [-75.5874469, 6.1853345], [-75.588369, 6.1843779], [-75.5888893, 6.1837624], [-75.5891278, 6.1835086], [-75.5895064, 6.1830098], [-75.5900924, 6.1820692], [-75.5905853, 6.1812746], [-75.5908857, 6.180786], [-75.5909967, 6.1805867], [-75.591851, 6.1792399], [-75.5925128, 6.1783005], [-75.5931082, 6.1776089], [-75.5932791, 6.1774169], [-75.5937389, 6.1769797], [-75.5942237, 6.1765382], [-75.5949542, 6.1759294], [-75.5951664, 6.1757756], [-75.5960844, 6.1751749], [-75.5970836, 6.174474], [-75.5978117, 6.1739529], [-75.5989122, 6.1731667], [-75.5998007, 6.1725255], [-75.6000318, 6.1723472], [-75.6007363, 6.1716996], [-75.6015434, 6.1710375], [-75.6018696, 6.170659], [-75.6021011, 6.1703337], [-75.6021814, 6.1701781], [-75.6023161, 6.169929], [-75.602415, 6.1696606], [-75.6025678, 6.1691309], [-75.6029092, 6.1675455], [-75.6030713, 6.1666998], [-75.603234, 6.1659151], [-75.6033863, 6.1652498], [-75.6036066, 6.1647557], [-75.6037899, 6.1644119], [-75.604095, 6.1640694], [-75.6044683, 6.1637635], [-75.6049283, 6.1634166]]]}}, {"type": "Feature", "properties": {"nombre": "Itag\u00fc\u00ed", "zona": "medellin", "centro": [6.1724352, -75.6093254]}, "geometry": {"type": "Polygon", "coordinates": [[[-75.6462984, 6.1705897], [-75.6460839, 6.1696937], [-75.645998, 6.1692137], [-75.6462341, 6.1687124], [-75.6459766, 6.1683497], [-75.6458549, 6.1678342], [-75.645852, 6.1678137], [-75.6457019, 6.1667699], [-75.6454255, 6.1654827], [-75.6453457, 6.165489], [-75.6450385, 6.1655303], [-75.6448943, 6.1655515], [-75.6442468, 6.1656468], [-75.6441017, 6.165662], [-75.6439838, 6.1650834], [-75.6439443, 6.1650356], [-75.6438927, 6.1650026], [-75.6438069, 6.164974], [-75.6435865, 6.1649701], [-75.6435125, 6.164945], [-75.6434503, 6.1648946], [-75.6433524, 6.1646643], [-75.6433341, 6.1645863], [-75.6433364, 6.1645425], [-75.6432266, 6.1645221], [-75.6427721, 6.1643946], [-75.642663, 6.1643817], [-75.642428, 6.1643232], [-75.642166, 6.1643276], [-75.6421103, 6.1643319], [-75.6419667, 6.1643446], [-75.6418249, 6.164339], [-75.6416054, 6.1643303], [-75.6412473, 6.164325], [-75.6411052, 6.1643543], [-75.6410768, 6.1643671], [-75.6409898, 6.1644063], [-75.6408437, 6.1644556], [-75.640621, 6.1644063], [-75.6403448, 6.1642436], [-75.6402268, 6.1642049], [-75.6400846, 6.1642076], [-75.6398016, 6.164321], [-75.6396627, 6.1643689], [-75.6394813, 6.1643461], [-75.6393624, 6.1642356], [-75.6392972, 6.1641846], [-75.6391575, 6.1639452], [-75.6390372, 6.1638829], [-75.6386852, 6.1638629], [-75.6380476, 6.1639205], [-75.6377245, 6.1639927], [-75.637561, 6.164005], [-75.6371968, 6.1640051], [-75.6371348, 6.1640037], [-75.6370706, 6.1640365], [-75.6369848, 6.1640804], [-75.6368247, 6.1641283], [-75.6367371, 6.1641538], [-75.636645, 6.1641803], [-75.6365401, 6.1641929], [-75.6363971, 6.1642007], [-75.6362685, 6.16419], [-75.6362961, 6.1640676], [-75.6363, 6.1639476], [-75.6362946, 6.1637196], [-75.6362817, 6.1635882], [-75.6362517, 6.1634743], [-75.6362061, 6.1633569], [-75.6361376, 6.1632453], [-75.6360962, 6.1631943], [-75.6360578, 6.1631782], [-75.6360197, 6.1631623], [-75.6358375, 6.1631257], [-75.6356244, 6.1630814], [-75.6355346, 6.1630441], [-75.6355184, 6.1630274], [-75.6355071, 6.1630064], [-75.6355095, 6.1629802], [-75.6355398, 6.1628478], [-75.6356105, 6.1626234], [-75.6356698, 6.1624809], [-75.6357126, 6.1623904], [-75.6357189, 6.1623249], [-75.6357011, 6.1622616], [-75.6356617, 6.1622088], [-75.6356059, 6.1621732], [-75.6338124, 6.1613896], [-75.6334395, 6.1612181], [-75.6330038, 6.1610555], [-75.6324792, 6.1608763], [-75.6322166, 6.160812], [-75.6320283, 6.1607884], [-75.6319114, 6.1608047], [-75.6318099, 6.1608452], [-75.6315821, 6.1609797], [-75.6313927, 6.1610426], [-75.6312705, 6.1610909], [-75.6311278, 6.1611035], [-75.6310176, 6.1610749], [-75.6306894, 6.1609557], [-75.6305848, 6.1609254], [-75.6304502, 6.1608828], [-75.6302903, 6.160864], [-75.6297059, 6.1608902], [-75.6296092, 6.1608849], [-75.6295134, 6.1608697], [-75.6293048, 6.1607969], [-75.6290541, 6.1606865], [-75.6285241, 6.1604683], [-75.6284199, 6.1604299], [-75.6283167, 6.1603918], [-75.6282762, 6.1603768], [-75.6282078, 6.1603516], [-75.6278679, 6.1602454], [-75.6277292, 6.1602373], [-75.6275843, 6.1602614], [-75.62727, 6.1604172], [-75.6265842, 6.1607219], [-75.626316, 6.1608159], [-75.6261811, 6.1608569], [-75.6260424, 6.1608792], [-75.6256403, 6.1609712], [-75.6255645, 6.1608114], [-75.6253875, 6.1603901], [-75.6252695, 6.1601261], [-75.6252059, 6.1598822], [-75.6251898, 6.1596582], [-75.6252266, 6.1594434], [-75.6253231, 6.1592301], [-75.6254446, 6.1590529], [-75.6256431, 6.1588875], [-75.6258864, 6.1587927], [-75.6261439, 6.1587581], [-75.6262899, 6.1585263], [-75.626258, 6.1575401], [-75.6250245, 6.1560846], [-75.6251863, 6.1558433], [-75.6252319, 6.155638], [-75.6252561, 6.1554406], [-75.625595, 6.1548577], [-75.6254761, 6.1541643], [-75.6252887, 6.1536104], [-75.6250212, 6.1536907], [-75.624727, 6.1538129], [-75.6244179, 6.1540066], [-75.6231784, 6.1547958], [-75.6216729, 6.1557262], [-75.6211335, 6.1560146], [-75.6206559, 6.1562048], [-75.6199342, 6.1563701], [-75.6186852, 6.156679], [-75.6183557, 6.156793], [-75.6181089, 6.1568865], [-75.6179271, 6.1569659], [-75.6177556, 6.1570452], [-75.6150887, 6.1585555], [-75.6138953, 6.1592113], [-75.6127005, 6.1598659], [-75.6100946, 6.1614223], [-75.6091253, 6.1618556], [-75.6083099, 6.1621276], [-75.6067107, 6.1626408], [-75.6056914, 6.162923], [-75.6055792, 6.1629599], [-75.6054247, 6.16303], [-75.6053264, 6.1630899], [-75.6049283, 6.1634166], [-75.6044683, 6.1637635], [-75.604095, 6.1640694], [-75.6037899, 6.1644119], [-75.6036066, 6.1647557], [-75.6033863, 6.1652498], [-75.603234, 6.1659151], [-75.6030713, 6.1666998], [-75.6029092, 6.1675455], [-75.6025678, 6.1691309], [-75.602415, 6.1696606], [-75.6023161, 6.169929], [-75.6021814, 6.1701781], [-75.6021011, 6.1703337], [-75.6018696, 6.170659], [-75.6015434, 6.1710375], [-75.6007363, 6.1716996], [-75.6000318, 6.1723472], [-75.5998007, 6.1725255], [-75.5989122, 6.1731667], [-75.5978117, 6.1739529], [-75.5970836, 6.174474], [-75.5960844, 6.1751749], [-75.5951664, 6.1757756], [-75.5949542, 6.1759294], [-75.5942237, 6.1765382], [-75.5937389, 6.1769797], [-75.5932791, 6.1774169], [-75.5931082, 6.1776089], [-75.5925128, 6.1783005], [-75.591851, 6.1792399], [-75.5909967, 6.1805867], [-75.5908857, 6.180786], [-75.5905853, 6.1812746], [-75.5900924, 6.1820692], [-75.5895064, 6.1830098], [-75.5891278, 6.1835086], [-75.5888893, 6.1837624], [-75.588369, 6.1843779], [-75.5874469, 6.1853345], [-75.5872179, 6.185522], [-75.5863644, 6.1861331], [-75.5855474, 6.1867403], [-75.5850199, 6.1871288], [-75.5842998, 6.1876799], [-75.5838719, 6.188069], [-75.583671, 6.1883309], [-75.583491, 6.1886445], [-75.5833107, 6.1889801], [-75.5832191, 6.1891978], [-75.5830975, 6.1895804], [-75.5829521, 6.1901498], [-75.5824106, 6.1925025], [-75.5823194, 6.19285], [-75.582214, 6.1931942], [-75.5819906, 6.1937698], [-75.5811621, 6.1961366], [-75.580886, 6.1969254], [-75.5808649, 6.1969855], [-75.5832133, 6.1957574], [-75.5844654, 6.1961855], [-75.5846493, 6.1962461], [-75.584817, 6.1962955], [-75.5852943, 6.1964207], [-75.585809, 6.1965686], [-75.5871825, 6.1969586], [-75.5876658, 6.1970761], [-75.5881794, 6.195742], [-75.5884222, 6.1949092], [-75.5892958, 6.1943905], [-75.590173, 6.1939358], [-75.5904696, 6.1937831], [-75.5905356, 6.1932256], [-75.5908754, 6.1932746], [-75.5911925, 6.1934126], [-75.591358, 6.1934846], [-75.5913785, 6.1934935], [-75.5917105, 6.1927219], [-75.5953115, 6.1934766], [-75.5952204, 6.1938159], [-75.5952299, 6.1939341], [-75.5953074, 6.1940179], [-75.5968597, 6.1951739], [-75.5970517, 6.1952886], [-75.5976277, 6.1956327], [-75.5977257, 6.1957499], [-75.597633, 6.1962903], [-75.597728, 6.196568], [-75.5978067, 6.1966525], [-75.5980695, 6.1967433], [-75.5983981, 6.1967649], [-75.5985744, 6.1966311], [-75.5987572, 6.1963967], [-75.5988435, 6.1963682], [-75.5989081, 6.1963909], [-75.5989375, 6.1964662], [-75.598941, 6.1969353], [-75.5989778, 6.1969354], [-75.5992531, 6.197013], [-75.599727, 6.1975511], [-75.5998649, 6.1975902], [-75.6004591, 6.1977588], [-75.6007255, 6.1977822], [-75.6011453, 6.1978918], [-75.6013514, 6.1980641], [-75.6016875, 6.1982198], [-75.6023127, 6.1987301], [-75.6025946, 6.1988461], [-75.6028239, 6.1988128], [-75.6032201, 6.1984524], [-75.6033807, 6.1983613], [-75.6034419, 6.1982699], [-75.6036171, 6.1981835], [-75.6042812, 6.1981299], [-75.6047689, 6.198138], [-75.6053105, 6.1982638], [-75.6056927, 6.1985022], [-75.6058142, 6.1982483], [-75.6060212, 6.1981234], [-75.6065093, 6.1979982], [-75.60683, 6.1979822], [-75.6071278, 6.1980686], [-75.6072259, 6.1980974], [-75.6074849, 6.1983615], [-75.607913, 6.1986949], [-75.6083246, 6.1989017], [-75.6090961, 6.1992009], [-75.6094763, 6.1992822], [-75.6096525, 6.1992771], [-75.6100343, 6.1992092], [-75.6102174, 6.1991182], [-75.6106058, 6.1991272], [-75.6109651, 6.1990298], [-75.6112848, 6.1989957], [-75.6114681, 6.1988765], [-75.6117506, 6.1987789], [-75.6122592, 6.1988204], [-75.6127657, 6.198749], [-75.6130936, 6.1985781], [-75.6133535, 6.1985201], [-75.6145432, 6.1978081], [-75.6149095, 6.1976328], [-75.6158484, 6.1974298], [-75.616825, 6.1974382], [-75.6196933, 6.1964743], [-75.6201525, 6.1964173], [-75.6212339, 6.196283], [-75.621425, 6.1961977], [-75.622264, 6.1961718], [-75.6228589, 6.1962254], [-75.6230427, 6.196288], [-75.624683, 6.1964022], [-75.6248503, 6.1963336], [-75.6252398, 6.1963121], [-75.6259646, 6.1963548], [-75.6266433, 6.196316], [-75.6267886, 6.1964531], [-75.6271474, 6.1957083], [-75.6277802, 6.1951202], [-75.6283848, 6.1944473], [-75.6284167, 6.1937217], [-75.6277086, 6.1929431], [-75.6268718, 6.1918125], [-75.6270434, 6.1907458], [-75.6274619, 6.1902765], [-75.6277945, 6.1898925], [-75.628009, 6.1894445], [-75.6283524, 6.1887299], [-75.6286313, 6.1884526], [-75.6289425, 6.1882072], [-75.6292858, 6.1877166], [-75.6295325, 6.1872153], [-75.6297578, 6.186682], [-75.630187, 6.18633], [-75.6311741, 6.1861166], [-75.6316354, 6.1859033], [-75.6321182, 6.1856047], [-75.6325152, 6.1852527], [-75.6329658, 6.1847833], [-75.6332233, 6.184314], [-75.6334486, 6.184186], [-75.6338348, 6.1841434], [-75.6344034, 6.183738], [-75.6348433, 6.1835354], [-75.6348326, 6.1829167], [-75.6351437, 6.1825434], [-75.6355514, 6.1822341], [-75.635648, 6.1818288], [-75.6361415, 6.1813168], [-75.6365063, 6.1811248], [-75.637201, 6.1807451], [-75.637213, 6.1806104], [-75.6371816, 6.180512], [-75.6371246, 6.1803976], [-75.6370512, 6.1802088], [-75.6369583, 6.1800873], [-75.6367709, 6.1798615], [-75.6366922, 6.1797028], [-75.6366393, 6.1796176], [-75.6365875, 6.1795077], [-75.6365501, 6.1794263], [-75.6365374, 6.1793074], [-75.6365212, 6.1790457], [-75.6364458, 6.1787786], [-75.6363524, 6.1785364], [-75.6363555, 6.1783072], [-75.636214, 6.1780205], [-75.6361725, 6.1780042], [-75.6361358, 6.1780124], [-75.6360142, 6.1779424], [-75.6358948, 6.1779286], [-75.6356797, 6.1778687], [-75.6354766, 6.1778481], [-75.6354094, 6.1778283], [-75.6353806, 6.1778053], [-75.6353524, 6.1777829], [-75.6353203, 6.1777657], [-75.6352668, 6.1776365], [-75.6352256, 6.1775486], [-75.6351778, 6.1774437], [-75.6351231, 6.1773384], [-75.6351601, 6.1771785], [-75.6351323, 6.177049], [-75.6351931, 6.1768186], [-75.6352244, 6.1766618], [-75.6351605, 6.1764459], [-75.635066, 6.1763008], [-75.6349026, 6.17608], [-75.6347448, 6.1758733], [-75.6345066, 6.1756499], [-75.6344825, 6.1756426], [-75.6345345, 6.1755252], [-75.6346365, 6.1754399], [-75.6347974, 6.1753439], [-75.6349422, 6.1754185], [-75.6350924, 6.1753439], [-75.6351944, 6.1751946], [-75.6353392, 6.1749599], [-75.6355095, 6.1747839], [-75.6357308, 6.1744906], [-75.6358381, 6.1742879], [-75.636117, 6.1741279], [-75.6363048, 6.1742452], [-75.6363692, 6.1740479], [-75.6367018, 6.1738879], [-75.6371148, 6.1739786], [-75.6375064, 6.1739359], [-75.6377693, 6.1736852], [-75.6378926, 6.1738292], [-75.6381501, 6.1735172], [-75.6383647, 6.1735572], [-75.6386383, 6.1735199], [-75.6388046, 6.1734186], [-75.6390299, 6.1734239], [-75.639325, 6.1731679], [-75.639502, 6.1731252], [-75.6397487, 6.1730506], [-75.6400384, 6.1728906], [-75.6402637, 6.1729706], [-75.6403657, 6.1728212], [-75.6406392, 6.1727892], [-75.6408753, 6.1728586], [-75.6410791, 6.1728532], [-75.6413795, 6.1726986], [-75.6417872, 6.1726239], [-75.6420179, 6.1726452], [-75.6421305, 6.1721972], [-75.6425168, 6.1721706], [-75.6427957, 6.1719092], [-75.6430318, 6.1719626], [-75.6433858, 6.1718132], [-75.6433375, 6.1715359], [-75.6434663, 6.1714079], [-75.6436272, 6.1714079], [-75.643756, 6.1716052], [-75.6437721, 6.1717172], [-75.64433, 6.1716319], [-75.6445875, 6.1714399], [-75.6449844, 6.1716159], [-75.6455906, 6.1715306], [-75.6458105, 6.1713172], [-75.6461431, 6.1712479], [-75.6460839, 6.1707497], [-75.6462984, 6.1705897]]]}}, {"type": "Feature", "properties": {"nombre": "Copacabana", "zona": "medellin", "centro": [6.3461047, -75.5080262]}, "geometry": {"type": "Polygon", "coordinates": [[[-75.5360162, 6.3320885], [-75.535764, 6.3315766], [-75.5355709, 6.3310914], [-75.5355119, 6.3303023], [-75.5352651, 6.330121], [-75.5351267, 6.3298583], [-75.5350516, 6.3296131], [-75.5348478, 6.3290799], [-75.534719, 6.3287493], [-75.5346225, 6.3284721], [-75.534483, 6.3281948], [-75.5344186, 6.3279282], [-75.5344937, 6.3275657], [-75.5346654, 6.3272351], [-75.5348263, 6.3268619], [-75.5350087, 6.326446], [-75.5348585, 6.3261048], [-75.534601, 6.3255823], [-75.5343448, 6.325121], [-75.5343888, 6.3249145], [-75.5344508, 6.3246439], [-75.5345581, 6.3241747], [-75.5346332, 6.3237801], [-75.5346543, 6.3234516], [-75.5346624, 6.323265], [-75.5346868, 6.3228631], [-75.5341504, 6.3223832], [-75.5337427, 6.3220526], [-75.5333994, 6.3215514], [-75.5330346, 6.320901], [-75.5326805, 6.3206984], [-75.5323158, 6.3204531], [-75.5320368, 6.3200159], [-75.5318115, 6.319792], [-75.5316506, 6.3193121], [-75.5314896, 6.318587], [-75.5311892, 6.3177872], [-75.5307976, 6.3173342], [-75.5304996, 6.3170813], [-75.5304667, 6.3169194], [-75.5305401, 6.3164649], [-75.5305252, 6.3161279], [-75.53017, 6.3153615], [-75.5301399, 6.3150041], [-75.5296121, 6.3140655], [-75.5296109, 6.3137238], [-75.5294392, 6.3135054], [-75.5293889, 6.3133422], [-75.5293439, 6.3132018], [-75.5291213, 6.3130214], [-75.5290242, 6.3129153], [-75.5289476, 6.3127759], [-75.5288869, 6.3119643], [-75.5286679, 6.3116235], [-75.5284963, 6.311165], [-75.5282495, 6.3106425], [-75.5280288, 6.3096368], [-75.5278115, 6.3091514], [-75.5281471, 6.3082596], [-75.5279199, 6.3079866], [-75.5279559, 6.3077006], [-75.5279635, 6.3076407], [-75.5276594, 6.3071874], [-75.5275736, 6.3063876], [-75.5276594, 6.3055238], [-75.5276165, 6.3049693], [-75.52752, 6.3040948], [-75.5274019, 6.303583], [-75.5271766, 6.3028791], [-75.5268509, 6.3025484], [-75.5267972, 6.3021444], [-75.5265651, 6.3019727], [-75.5264256, 6.3017061], [-75.5262325, 6.3012049], [-75.5259965, 6.3007357], [-75.525578, 6.3004904], [-75.5252884, 6.3002131], [-75.5249665, 6.2998719], [-75.5249264, 6.2996476], [-75.5249658, 6.2995109], [-75.5249758, 6.2991893], [-75.5248592, 6.2988908], [-75.524591, 6.2985389], [-75.5242155, 6.2977924], [-75.5240975, 6.2973125], [-75.5240546, 6.2968753], [-75.523987, 6.2966393], [-75.5237971, 6.2962888], [-75.5236095, 6.2959504], [-75.5235691, 6.2958335], [-75.5235843, 6.2956934], [-75.5230353, 6.2950837], [-75.523143, 6.2945], [-75.5231526, 6.2940356], [-75.5228615, 6.2933041], [-75.5226644, 6.2927925], [-75.5224433, 6.2921816], [-75.522147, 6.2917996], [-75.5221254, 6.2914944], [-75.5221946, 6.2911057], [-75.5220839, 6.2904941], [-75.5217364, 6.2898545], [-75.5216994, 6.2897007], [-75.5213542, 6.2901827], [-75.5209734, 6.2914395], [-75.5209091, 6.2930854], [-75.5204533, 6.2947347], [-75.5197653, 6.2966993], [-75.5185252, 6.2981985], [-75.5172041, 6.299385], [-75.5161963, 6.3005689], [-75.5154186, 6.3012023], [-75.5146356, 6.301209], [-75.513692, 6.3007469], [-75.5131419, 6.3005165], [-75.510708, 6.2997537], [-75.508195, 6.2989133], [-75.5063124, 6.2987312], [-75.5060029, 6.2986656], [-75.503651, 6.2986385], [-75.5015328, 6.2981864], [-75.4997286, 6.2978099], [-75.4968308, 6.2977562], [-75.4950299, 6.2977715], [-75.4932263, 6.2974733], [-75.4920458, 6.2967782], [-75.4907067, 6.2958493], [-75.4900007, 6.2956985], [-75.4885163, 6.2961029], [-75.487505, 6.296895], [-75.4870431, 6.2978391], [-75.4869037, 6.2998775], [-75.487925, 6.3002606], [-75.4891008, 6.3004073], [-75.4901267, 6.3013389], [-75.4897438, 6.3023607], [-75.4892043, 6.3033839], [-75.4892893, 6.3041667], [-75.4902329, 6.3046288], [-75.4911752, 6.3049342], [-75.4910319, 6.3065025], [-75.4897856, 6.3072966], [-75.4897863, 6.307375], [-75.4890072, 6.3078517], [-75.4881486, 6.3081724], [-75.4873702, 6.3087275], [-75.4865911, 6.3092042], [-75.4858917, 6.309837], [-75.4843336, 6.3107904], [-75.4836341, 6.3114232], [-75.4831709, 6.3122106], [-75.4831789, 6.3131508], [-75.4831086, 6.3140916], [-75.4826546, 6.315976], [-75.4821132, 6.3167641], [-75.4821291, 6.3186445], [-75.4814296, 6.3192772], [-75.4804906, 6.3193635], [-75.4786113, 6.3193795], [-75.4778242, 6.318916], [-75.4774254, 6.3180575], [-75.4766377, 6.3175157], [-75.4756974, 6.3174453], [-75.4747564, 6.3172966], [-75.4738167, 6.3173045], [-75.4724058, 6.3171598], [-75.4711523, 6.317092], [-75.4697428, 6.3171039], [-75.468178, 6.3172739], [-75.466852, 6.3179119], [-75.4662315, 6.3186224], [-75.4654551, 6.3194125], [-75.4649135, 6.3202006], [-75.464293, 6.3209111], [-75.4638298, 6.3216985], [-75.4637594, 6.3226394], [-75.4635324, 6.3235816], [-75.462754, 6.3241367], [-75.4618156, 6.3243013], [-75.4606423, 6.3244679], [-75.4597039, 6.3246326], [-75.458147, 6.3257427], [-75.4573691, 6.3263761], [-75.4562004, 6.3270912], [-75.4549594, 6.3285121], [-75.4545751, 6.3293773], [-75.4541118, 6.3301647], [-75.4534123, 6.3307975], [-75.4528708, 6.3315856], [-75.4528011, 6.3326049], [-75.4523573, 6.3351664], [-75.4526669, 6.3356606], [-75.45305, 6.3361214], [-75.4533879, 6.3361732], [-75.4539085, 6.3357314], [-75.454549, 6.3355677], [-75.4556941, 6.3358818], [-75.4562618, 6.3361559], [-75.4566011, 6.3361729], [-75.4571904, 6.3359823], [-75.4574428, 6.3359909], [-75.4577447, 6.3362014], [-75.4581865, 6.3363172], [-75.4594906, 6.3364661], [-75.4602776, 6.3369296], [-75.4609101, 6.3376295], [-75.4614649, 6.3384083], [-75.462177, 6.3392642], [-75.4623004, 6.3395504], [-75.4623714, 6.3400918], [-75.4627974, 6.3400742], [-75.4630164, 6.340287], [-75.4631138, 6.3408676], [-75.4633146, 6.3409832], [-75.4633986, 6.3415211], [-75.4635534, 6.34185], [-75.4639022, 6.3426975], [-75.4643799, 6.3430112], [-75.464831, 6.3430183], [-75.4655855, 6.3437373], [-75.4670875, 6.3443033], [-75.46753, 6.345014], [-75.4682187, 6.3456588], [-75.4694127, 6.3460902], [-75.4699681, 6.3466398], [-75.4705828, 6.3466604], [-75.4708327, 6.3467353], [-75.4713182, 6.3469587], [-75.4719218, 6.3477791], [-75.4724683, 6.3483561], [-75.4726159, 6.3485119], [-75.4734572, 6.3488062], [-75.4740897, 6.349506], [-75.4748011, 6.3502835], [-75.4752007, 6.3512203], [-75.4755996, 6.3520789], [-75.4759263, 6.3522829], [-75.4765925, 6.3536323], [-75.4769221, 6.3540262], [-75.4773685, 6.354208], [-75.4786046, 6.3549868], [-75.4791188, 6.3554107], [-75.4795693, 6.3550963], [-75.4797797, 6.3555743], [-75.4807619, 6.356807], [-75.4808224, 6.3575533], [-75.4804113, 6.3584277], [-75.480517, 6.3593239], [-75.4806355, 6.3602421], [-75.4810815, 6.3606988], [-75.4814235, 6.3613686], [-75.4819904, 6.3629021], [-75.4823017, 6.3640154], [-75.4822785, 6.365385], [-75.4823553, 6.3663229], [-75.4827792, 6.3674534], [-75.4832023, 6.3683892], [-75.4836547, 6.3690913], [-75.4836628, 6.3700315], [-75.4843918, 6.3704594], [-75.4848335, 6.3714969], [-75.4853972, 6.371545], [-75.4858916, 6.3717127], [-75.48633, 6.3724524], [-75.4865649, 6.373213], [-75.4856899, 6.3734606], [-75.4851937, 6.3737351], [-75.4847646, 6.3741083], [-75.484381, 6.3743402], [-75.4835093, 6.3747961], [-75.4829729, 6.3751852], [-75.4827476, 6.3753345], [-75.4827368, 6.3754118], [-75.482887, 6.3755984], [-75.4828683, 6.3759023], [-75.4827529, 6.3760649], [-75.4825786, 6.3761369], [-75.4823717, 6.3761618], [-75.4818487, 6.3759496], [-75.4816398, 6.3760302], [-75.4812428, 6.3762328], [-75.4808378, 6.376574], [-75.480701, 6.3767819], [-75.4803953, 6.3768592], [-75.480119, 6.3768353], [-75.4798866, 6.3767157], [-75.4793535, 6.3761893], [-75.4785914, 6.3753669], [-75.47736, 6.3750569], [-75.4760852, 6.3752709], [-75.474964, 6.3754738], [-75.4740424, 6.3756575], [-75.473834, 6.3757102], [-75.4739715, 6.3759292], [-75.4741324, 6.3761531], [-75.4744275, 6.376425], [-75.4744272, 6.3765007], [-75.4745991, 6.3767076], [-75.4747169, 6.3770232], [-75.4749422, 6.3772684], [-75.4752268, 6.3776299], [-75.4753287, 6.3777365], [-75.4755859, 6.3779295], [-75.4756556, 6.3781161], [-75.4757844, 6.3781747], [-75.4758061, 6.378131], [-75.4758329, 6.3779711], [-75.4758651, 6.3778271], [-75.4759453, 6.3777002], [-75.4761331, 6.3776256], [-75.4764764, 6.3776629], [-75.4768734, 6.3779242], [-75.4773081, 6.3781683], [-75.4773135, 6.3782536], [-75.4771955, 6.3783709], [-75.4773081, 6.3784722], [-75.4775549, 6.3787068], [-75.4777534, 6.3789254], [-75.4781557, 6.3789307], [-75.4785792, 6.3788624], [-75.4788585, 6.3789307], [-75.4791693, 6.3790011], [-75.4795076, 6.3793305], [-75.4798292, 6.3794915], [-75.4802157, 6.3795438], [-75.480559, 6.3795331], [-75.4808806, 6.3795342], [-75.481122, 6.3797154], [-75.4812295, 6.3799383], [-75.481251, 6.3801409], [-75.4810683, 6.3803232], [-75.4811383, 6.3804821], [-75.4813261, 6.3807433], [-75.4813797, 6.3809405], [-75.4812615, 6.3812988], [-75.4811652, 6.3815376], [-75.4810686, 6.3819268], [-75.4811005, 6.3821465], [-75.481133, 6.3824439], [-75.48124, 6.3826636], [-75.4813312, 6.3828182], [-75.481428, 6.3829291], [-75.4815246, 6.3829664], [-75.4816319, 6.3829451], [-75.4817657, 6.3829781], [-75.4818679, 6.383105], [-75.4818894, 6.3833289], [-75.4817982, 6.3835901], [-75.4817284, 6.3837661], [-75.4818357, 6.3838993], [-75.4820449, 6.3839953], [-75.4822595, 6.3841392], [-75.482399, 6.3842672], [-75.4825275, 6.3844708], [-75.4825814, 6.384667], [-75.4827689, 6.3853985], [-75.482871, 6.385584], [-75.4828818, 6.3857226], [-75.4829995, 6.3859582], [-75.482973, 6.3861224], [-75.4829301, 6.3861917], [-75.4828332, 6.3861395], [-75.482742, 6.3861715], [-75.4826511, 6.3862557], [-75.4826511, 6.3863677], [-75.4827316, 6.3865649], [-75.4829083, 6.3867952], [-75.4829944, 6.3870127], [-75.4832197, 6.3872366], [-75.4833109, 6.3873646], [-75.4834236, 6.3874872], [-75.4835738, 6.3875032], [-75.4837079, 6.3873699], [-75.4838313, 6.3872846], [-75.4840512, 6.3873699], [-75.4840888, 6.3876151], [-75.4841478, 6.3879883], [-75.48418, 6.3882442], [-75.4842443, 6.3883828], [-75.4843945, 6.3883935], [-75.4844965, 6.3884308], [-75.4845072, 6.3886174], [-75.484534, 6.3888413], [-75.4845233, 6.3889692], [-75.4846145, 6.3890759], [-75.4847325, 6.3891772], [-75.4847432, 6.3894117], [-75.4849095, 6.389577], [-75.4849846, 6.3897103], [-75.4850061, 6.3898969], [-75.4850705, 6.3900248], [-75.4852314, 6.3901208], [-75.4854674, 6.3902167], [-75.4857249, 6.3903287], [-75.4860146, 6.3902754], [-75.4861702, 6.3902221], [-75.4863255, 6.3903084], [-75.4863791, 6.390479], [-75.4865189, 6.3905739], [-75.4866744, 6.3906539], [-75.4868193, 6.3907338], [-75.4869212, 6.3908085], [-75.4870499, 6.3910004], [-75.4871194, 6.3910697], [-75.4873362, 6.3911846], [-75.4875078, 6.3913818], [-75.4875561, 6.391611], [-75.4875722, 6.3919949], [-75.4876366, 6.3922241], [-75.4878672, 6.3925227], [-75.4880604, 6.3928265], [-75.488334, 6.3931144], [-75.4882333, 6.3933214], [-75.4881784, 6.3934343], [-75.4882857, 6.3937381], [-75.4884842, 6.3943246], [-75.4884359, 6.3948203], [-75.4885539, 6.3952895], [-75.4885432, 6.3959132], [-75.4885593, 6.3962597], [-75.4889026, 6.3964996], [-75.4892244, 6.3966329], [-75.4892942, 6.3968248], [-75.4893103, 6.397086], [-75.4892781, 6.3974965], [-75.4892727, 6.3979443], [-75.4892674, 6.3983282], [-75.4892459, 6.3987546], [-75.4891815, 6.3992931], [-75.4892084, 6.4000661], [-75.4893156, 6.4004126], [-75.4894873, 6.4007644], [-75.4893586, 6.4012016], [-75.4891976, 6.401756], [-75.4889723, 6.4022624], [-75.4886558, 6.4032113], [-75.4884842, 6.4037871], [-75.488511, 6.404027], [-75.4885968, 6.4044321], [-75.4882964, 6.4046987], [-75.4881033, 6.4048959], [-75.4882374, 6.4052904], [-75.4885163, 6.4057648], [-75.4885359, 6.4058785], [-75.4885324, 6.4062873], [-75.488511, 6.4065485], [-75.4887685, 6.4069323], [-75.4887256, 6.4073375], [-75.4886988, 6.4077426], [-75.4890528, 6.4080678], [-75.4892191, 6.408313], [-75.4891011, 6.4086915], [-75.4888704, 6.4089687], [-75.4889079, 6.4092886], [-75.4891118, 6.4096991], [-75.48907, 6.41018], [-75.4891279, 6.4109785], [-75.4890581, 6.4113516], [-75.4890474, 6.411922], [-75.4890206, 6.4122472], [-75.489026, 6.412695], [-75.488806, 6.4131535], [-75.4888972, 6.4137399], [-75.4889079, 6.4142196], [-75.4890421, 6.4147154], [-75.4893425, 6.4154404], [-75.4895731, 6.4160001], [-75.4901042, 6.4164799], [-75.4902437, 6.4170343], [-75.4904583, 6.4177806], [-75.4906192, 6.4181644], [-75.490882, 6.4185056], [-75.490866, 6.4187988], [-75.4908713, 6.419028], [-75.4908445, 6.4192253], [-75.4910644, 6.4197743], [-75.4912576, 6.4206326], [-75.4914453, 6.4213629], [-75.4913863, 6.4219813], [-75.4910912, 6.422361], [-75.490723, 6.4227025], [-75.4894372, 6.4232343], [-75.4889439, 6.4235769], [-75.4885722, 6.4240351], [-75.4884531, 6.424351], [-75.4879218, 6.4248572], [-75.4873829, 6.4251711], [-75.4872375, 6.4254977], [-75.4869608, 6.4259015], [-75.4868184, 6.4262829], [-75.486619, 6.4268012], [-75.4859062, 6.4274904], [-75.485702, 6.427779], [-75.485425, 6.427885], [-75.4847607, 6.4279774], [-75.4845772, 6.4281864], [-75.4843783, 6.4282815], [-75.4840321, 6.4284093], [-75.4837854, 6.428653], [-75.4824357, 6.4295186], [-75.481042, 6.430455], [-75.4813567, 6.4306305], [-75.4816613, 6.4307151], [-75.4823774, 6.4308004], [-75.483284, 6.4305685], [-75.4837856, 6.4308031], [-75.4841101, 6.4307551], [-75.4846063, 6.4309823], [-75.4848853, 6.4310137], [-75.4852434, 6.4313362], [-75.485765, 6.4320425], [-75.4862304, 6.4319319], [-75.4865415, 6.4320331], [-75.4867776, 6.4320545], [-75.4869023, 6.4320158], [-75.4870377, 6.4319825], [-75.4870431, 6.4317706], [-75.4872376, 6.4317053], [-75.487538, 6.4315654], [-75.4877807, 6.4316453], [-75.488065, 6.4319825], [-75.4885317, 6.4319585], [-75.488985, 6.4320638], [-75.4893699, 6.4321398], [-75.4899158, 6.432373], [-75.4901035, 6.4326382], [-75.4905716, 6.433054], [-75.4906869, 6.433058], [-75.4908371, 6.4330273], [-75.4908867, 6.4329567], [-75.4909135, 6.4328021], [-75.4906333, 6.4321451], [-75.4904871, 6.4320052], [-75.4904066, 6.4319718], [-75.4903892, 6.4319145], [-75.4904214, 6.4318399], [-75.4905474, 6.431552], [-75.4907969, 6.4313068], [-75.4908451, 6.4311096], [-75.4907861, 6.4308457], [-75.49088, 6.4304673], [-75.4909283, 6.4301314], [-75.4908881, 6.429745], [-75.4910946, 6.4292639], [-75.4911912, 6.4291426], [-75.4917812, 6.4288947], [-75.4920709, 6.4287588], [-75.4924047, 6.4285701], [-75.492621, 6.4282215], [-75.492798, 6.4279933], [-75.4929106, 6.4277367], [-75.4929097, 6.4272003], [-75.4932315, 6.4256678], [-75.4936257, 6.4248106], [-75.4937142, 6.4240995], [-75.4944658, 6.4232464], [-75.4946086, 6.4223411], [-75.4953455, 6.4225235], [-75.4960566, 6.4226118], [-75.4958064, 6.4219103], [-75.4958257, 6.4211911], [-75.4957241, 6.42088], [-75.4954961, 6.4204029], [-75.4954746, 6.4202376], [-75.4956919, 6.4199018], [-75.4957402, 6.4197925], [-75.4957858, 6.4194167], [-75.4958716, 6.4191848], [-75.495885, 6.4189795], [-75.495932, 6.4188823], [-75.4961251, 6.4187956], [-75.4961921, 6.4187476], [-75.4962283, 6.418677], [-75.4962833, 6.4186384], [-75.4963477, 6.418625], [-75.4965207, 6.4186424], [-75.4966146, 6.4186277], [-75.4966776, 6.4185877], [-75.4968372, 6.4183452], [-75.497025, 6.4178681], [-75.4970491, 6.4176522], [-75.4971832, 6.4175429], [-75.4976311, 6.4172604], [-75.4980093, 6.4168872], [-75.4983312, 6.4165354], [-75.4983312, 6.4163061], [-75.4983741, 6.4162662], [-75.4989669, 6.4161889], [-75.4991761, 6.4160769], [-75.4994148, 6.415845], [-75.4998761, 6.4155572], [-75.4999995, 6.4154132], [-75.5003428, 6.415128], [-75.5004555, 6.415096], [-75.5011475, 6.4159916], [-75.5012333, 6.4160183], [-75.5013554, 6.4161196], [-75.5013889, 6.4161995], [-75.5014962, 6.4168139], [-75.5015458, 6.4169378], [-75.5018073, 6.417287], [-75.5019012, 6.417299], [-75.5022445, 6.4172084], [-75.5023974, 6.4172337], [-75.5025704, 6.4173243], [-75.5026804, 6.4175256], [-75.5029795, 6.4176388], [-75.5031672, 6.4176042], [-75.5033603, 6.4173536], [-75.5035105, 6.4170605], [-75.5035266, 6.4166153], [-75.503245, 6.4160849], [-75.5032316, 6.4157811], [-75.5032021, 6.4155278], [-75.5032799, 6.4151613], [-75.5034006, 6.4150401], [-75.5033952, 6.4149548], [-75.5032504, 6.4147042], [-75.5032048, 6.4145443], [-75.5031914, 6.4141205], [-75.5032343, 6.4138913], [-75.5031806, 6.4136807], [-75.503253, 6.4135048], [-75.5031806, 6.4132436], [-75.5031914, 6.413033], [-75.5034059, 6.4128251], [-75.5041033, 6.4133369], [-75.5048704, 6.4136674], [-75.5050314, 6.4136674], [-75.5058816, 6.4135341], [-75.5064154, 6.4135741], [-75.5068794, 6.4135768], [-75.5070215, 6.4136514], [-75.507161, 6.413766], [-75.5072227, 6.4138593], [-75.5072576, 6.4140006], [-75.5075714, 6.4150427], [-75.5076599, 6.4150721], [-75.5077752, 6.4150241], [-75.5079667, 6.4149102], [-75.5082248, 6.4145967], [-75.5086292, 6.4147587], [-75.5087984, 6.4147622], [-75.5090833, 6.4151372], [-75.5093626, 6.4152246], [-75.5096385, 6.4151462], [-75.5107783, 6.4143626], [-75.5110977, 6.4138704], [-75.5121064, 6.4137521], [-75.512398, 6.4126447], [-75.5123772, 6.4102342], [-75.512671, 6.4093778], [-75.5135209, 6.4089687], [-75.514772, 6.4085059], [-75.5165714, 6.4075862], [-75.5173192, 6.4069771], [-75.5178147, 6.4062195], [-75.5198153, 6.4053483], [-75.5209154, 6.4048366], [-75.5219652, 6.4043253], [-75.5228155, 6.4039663], [-75.5233643, 6.4035598], [-75.5238261, 6.4025833], [-75.5238089, 6.4005884], [-75.5235939, 6.3987948], [-75.5231726, 6.396205], [-75.5229611, 6.3948104], [-75.5242008, 6.3936411], [-75.5265214, 6.3927143], [-75.5283395, 6.3912321], [-75.531126, 6.389543], [-75.5315797, 6.3890729], [-75.5318983, 6.3888841], [-75.5326616, 6.38849], [-75.5327801, 6.3883198], [-75.5329718, 6.3879972], [-75.5331961, 6.3876429], [-75.5333553, 6.3872255], [-75.5333863, 6.3868073], [-75.5334495, 6.386389], [-75.5334806, 6.3860025], [-75.5335116, 6.3855854], [-75.5334462, 6.3851992], [-75.5333485, 6.3848141], [-75.5331549, 6.384461], [-75.5328967, 6.3842041], [-75.5325746, 6.3839485], [-75.5322848, 6.3837233], [-75.5320593, 6.3834347], [-75.5317694, 6.383179], [-75.5315117, 6.3829221], [-75.5312539, 6.3826335], [-75.5310278, 6.3823449], [-75.5307701, 6.3820891], [-75.5305123, 6.3818006], [-75.5302866, 6.3814475], [-75.5300604, 6.3811589], [-75.5298027, 6.3808692], [-75.5295771, 6.3805806], [-75.5293508, 6.3802603], [-75.5290609, 6.3799719], [-75.5287708, 6.3796506], [-75.5285132, 6.3793949], [-75.528191, 6.3791065], [-75.5279332, 6.3788179], [-75.5276756, 6.378561], [-75.5274178, 6.3782725], [-75.5270951, 6.3779841], [-75.5268053, 6.3777601], [-75.5268056, 6.3770906], [-75.5267412, 6.3768667], [-75.5265588, 6.3765255], [-75.5264086, 6.3763229], [-75.526237, 6.3760244], [-75.5260009, 6.3758005], [-75.5258507, 6.3754273], [-75.5257542, 6.3751607], [-75.5257542, 6.3748622], [-75.5257005, 6.3746596], [-75.5255718, 6.3741904], [-75.5255289, 6.3736146], [-75.5255074, 6.3733481], [-75.5254323, 6.3728896], [-75.5254216, 6.3725057], [-75.5253572, 6.3719726], [-75.5252499, 6.37177], [-75.5250783, 6.3715781], [-75.5249173, 6.3713968], [-75.5247564, 6.3712582], [-75.5245525, 6.3710556], [-75.5241878, 6.3708317], [-75.5239625, 6.3705652], [-75.5238874, 6.3703199], [-75.5238552, 6.3701067], [-75.5237479, 6.3699041], [-75.5236942, 6.3695629], [-75.5236191, 6.369243], [-75.523426, 6.3690404], [-75.5232222, 6.3688591], [-75.5230505, 6.3686565], [-75.5229218, 6.3684326], [-75.5228145, 6.3681234], [-75.5225248, 6.3680275], [-75.522278, 6.3679422], [-75.5221493, 6.3677715], [-75.5220956, 6.3676223], [-75.5219454, 6.3674943], [-75.5216879, 6.3673664], [-75.5215056, 6.3672811], [-75.5212159, 6.3672278], [-75.5208726, 6.3671425], [-75.520776, 6.3669505], [-75.5205614, 6.3668119], [-75.5204541, 6.3666306], [-75.5203683, 6.36646], [-75.5202717, 6.3663321], [-75.5201001, 6.3662148], [-75.5198426, 6.3660335], [-75.5196387, 6.3656177], [-75.5195207, 6.3654471], [-75.5193598, 6.3653405], [-75.5191774, 6.3652018], [-75.5189843, 6.3650526], [-75.5187697, 6.3648713], [-75.5185659, 6.364722], [-75.5183298, 6.3645301], [-75.5181796, 6.3643915], [-75.5179114, 6.3642102], [-75.5175144, 6.3639117], [-75.5172462, 6.3637624], [-75.5171067, 6.3635278], [-75.5169351, 6.3633039], [-75.5168063, 6.3631226], [-75.5166239, 6.3629413], [-75.5164523, 6.3626108], [-75.5162377, 6.3624828], [-75.5160553, 6.3623229], [-75.51583, 6.362131], [-75.5156583, 6.361971], [-75.5154867, 6.3618324], [-75.5153901, 6.3616831], [-75.5153043, 6.3615072], [-75.5152077, 6.361294], [-75.5152185, 6.3610647], [-75.5152775, 6.3608088], [-75.5152989, 6.3606115], [-75.5152989, 6.3603929], [-75.5153579, 6.3601051], [-75.5153633, 6.3599558], [-75.5154277, 6.3597372], [-75.5155028, 6.3595826], [-75.515551, 6.3594066], [-75.5156047, 6.3592467], [-75.5156637, 6.3590921], [-75.5157066, 6.3589108], [-75.5157281, 6.3587242], [-75.5157924, 6.358447], [-75.5157565, 6.3582288], [-75.5157834, 6.3580368], [-75.5158115, 6.3578361], [-75.5158676, 6.3576953], [-75.5159373, 6.357514], [-75.5160017, 6.357338], [-75.516066, 6.3571301], [-75.5160982, 6.3568795], [-75.5160338, 6.3566503], [-75.5159051, 6.3564424], [-75.5158568, 6.3562558], [-75.5159641, 6.3556267], [-75.5162645, 6.3553601], [-75.5163182, 6.3551522], [-75.5163527, 6.3549313], [-75.5165435, 6.354603], [-75.516522, 6.3544964], [-75.5166883, 6.3543151], [-75.5166829, 6.3541658], [-75.5166615, 6.3539899], [-75.5166722, 6.3538566], [-75.5166132, 6.3536316], [-75.5165954, 6.3533763], [-75.5165926, 6.3531502], [-75.5165904, 6.3529334], [-75.5166454, 6.3526902], [-75.5170155, 6.3524171], [-75.5173481, 6.3521345], [-75.5175144, 6.3520492], [-75.5175949, 6.3518573], [-75.5177129, 6.3516014], [-75.5178417, 6.3514414], [-75.5179085, 6.351314], [-75.5179325, 6.3511641], [-75.5179437, 6.3509237], [-75.5179597, 6.350727], [-75.5178631, 6.3505884], [-75.5178631, 6.3504391], [-75.5178417, 6.3502792], [-75.5177987, 6.3500393], [-75.5175901, 6.3495073], [-75.5174397, 6.3490657], [-75.5173866, 6.3489427], [-75.5172134, 6.3487038], [-75.5170477, 6.3481679], [-75.5170209, 6.3479706], [-75.5170209, 6.3476881], [-75.5171241, 6.3475501], [-75.5172355, 6.3473682], [-75.5171926, 6.3472029], [-75.5171067, 6.346947], [-75.5169994, 6.3466484], [-75.5170209, 6.3464618], [-75.5170102, 6.3462166], [-75.5170211, 6.3461569], [-75.517068, 6.3458987], [-75.5180751, 6.3460426], [-75.5187932, 6.3460058], [-75.5192698, 6.3455412], [-75.5195847, 6.3449441], [-75.5201217, 6.3433089], [-75.5204231, 6.3421842], [-75.5206066, 6.3418006], [-75.520859, 6.3417102], [-75.5221127, 6.3417139], [-75.5228226, 6.3412863], [-75.5232271, 6.3404149], [-75.5233012, 6.3395213], [-75.5232523, 6.338829], [-75.523556, 6.3384121], [-75.5244124, 6.3383854], [-75.5251943, 6.3384142], [-75.5262245, 6.3383558], [-75.5271362, 6.3379546], [-75.527383, 6.3378451], [-75.5279325, 6.3376014], [-75.5287552, 6.3374708], [-75.5294155, 6.3374918], [-75.5304066, 6.3374865], [-75.5321895, 6.3373257], [-75.5336019, 6.3369897], [-75.5346165, 6.3366225], [-75.5347829, 6.3365623], [-75.5356541, 6.3362237], [-75.5355816, 6.3360872], [-75.5354261, 6.3358686], [-75.53519, 6.3354261], [-75.5350828, 6.3349036], [-75.535072, 6.3344557], [-75.535233, 6.3341998], [-75.5353402, 6.3340345], [-75.5353027, 6.333672], [-75.5354207, 6.333608], [-75.5356138, 6.3335547], [-75.5356353, 6.3334587], [-75.535469, 6.3333947], [-75.535469, 6.3331335], [-75.5356299, 6.3330002], [-75.5358016, 6.3328562], [-75.5359411, 6.3327016], [-75.5360162, 6.3320885]]]}}, {"type": "Feature", "properties": {"nombre": "Bucaramanga", "zona": "bucaramanga", "centro": [7.1274586, -73.1191299]}, "geometry": {"type": "Polygon", "coordinates": [[[-73.17216, 7.1008507], [-73.1721565, 7.0996533], [-73.1720867, 7.0990096], [-73.171799, 7.0989554], [-73.1714557, 7.0988489], [-73.1709944, 7.0986785], [-73.1703255, 7.0984094], [-73.169943, 7.0983132], [-73.169408, 7.0980355], [-73.1689039, 7.0976892], [-73.1682351, 7.0972828], [-73.1669318, 7.096826], [-73.1670284, 7.0964959], [-73.1669345, 7.0965012], [-73.1667934, 7.0965091], [-73.1663544, 7.0964901], [-73.1662321, 7.0964707], [-73.1661414, 7.0964335], [-73.1656515, 7.096178], [-73.1653683, 7.0961319], [-73.1651351, 7.0961477], [-73.1649384, 7.0961779], [-73.1640286, 7.0960576], [-73.1638339, 7.095378], [-73.1629286, 7.0954118], [-73.160763, 7.0959955], [-73.1606441, 7.0959808], [-73.1603352, 7.0959425], [-73.1593317, 7.0957977], [-73.1588174, 7.0955216], [-73.1587687, 7.0958337], [-73.1586951, 7.0965295], [-73.159031, 7.0968394], [-73.159149, 7.0972459], [-73.1602003, 7.0974827], [-73.1606008, 7.0975779], [-73.162038, 7.0979196], [-73.1626123, 7.0980963], [-73.162809, 7.097338], [-73.1635728, 7.0975331], [-73.1633763, 7.0982913], [-73.1643439, 7.0985437], [-73.1646885, 7.0973953], [-73.1653743, 7.0975979], [-73.1652791, 7.0979154], [-73.1655588, 7.098006], [-73.1658998, 7.0968977], [-73.1660697, 7.096869], [-73.1667854, 7.0969431], [-73.1668937, 7.0969736], [-73.1667632, 7.097412], [-73.1661943, 7.0992993], [-73.1659912, 7.099434], [-73.1659506, 7.0994474], [-73.1656839, 7.0995352], [-73.165914, 7.1000371], [-73.1659754, 7.1000389], [-73.1658409, 7.1002141], [-73.1654459, 7.1001992], [-73.1653471, 7.100701], [-73.1651433, 7.1006598], [-73.164978, 7.1009776], [-73.1645783, 7.1011712], [-73.1642731, 7.1012711], [-73.1639217, 7.1018102], [-73.164412, 7.1018093], [-73.164282, 7.1020099], [-73.1641046, 7.1020992], [-73.1639209, 7.1021351], [-73.1634768, 7.1023201], [-73.1633212, 7.1027516], [-73.1631303, 7.1026884], [-73.1627444, 7.1037247], [-73.1633226, 7.1043093], [-73.1633851, 7.1046153], [-73.1633743, 7.1048357], [-73.1632644, 7.1050668], [-73.1630422, 7.1054434], [-73.1624427, 7.105161], [-73.1622695, 7.1054711], [-73.1626239, 7.1056553], [-73.1624665, 7.1059463], [-73.1624772, 7.1062759], [-73.1622448, 7.1063736], [-73.1618586, 7.1068154], [-73.1618804, 7.1074047], [-73.1622602, 7.1075252], [-73.1620274, 7.1079871], [-73.1618389, 7.1084402], [-73.1615119, 7.1094829], [-73.1612265, 7.1106419], [-73.1596505, 7.110278], [-73.1581726, 7.1104337], [-73.1582577, 7.1107273], [-73.1599351, 7.1110829], [-73.1606698, 7.1115381], [-73.1606188, 7.1117844], [-73.1604121, 7.1120306], [-73.1601081, 7.1121836], [-73.1599543, 7.1124414], [-73.15923, 7.1137674], [-73.1590208, 7.1144754], [-73.1588545, 7.1148108], [-73.1587311, 7.1153058], [-73.1589618, 7.1161256], [-73.1591174, 7.1167111], [-73.1589189, 7.1177811], [-73.1587043, 7.118143], [-73.1583395, 7.1185848], [-73.1581571, 7.1189308], [-73.1572881, 7.1186274], [-73.1568911, 7.1186594], [-73.1567946, 7.1187552], [-73.1568589, 7.1189308], [-73.1571808, 7.119], [-73.157551, 7.1191118], [-73.1578514, 7.1193726], [-73.157905, 7.1198038], [-73.1574919, 7.1205011], [-73.1570735, 7.1213528], [-73.1566712, 7.1219277], [-73.1564405, 7.122657], [-73.1563869, 7.1232106], [-73.1561455, 7.1244082], [-73.1561991, 7.1250151], [-73.1561562, 7.1264682], [-73.1558826, 7.1273039], [-73.1555125, 7.127932], [-73.1550511, 7.1282993], [-73.1547185, 7.1279427], [-73.1543001, 7.1274743], [-73.1537315, 7.1271975], [-73.1533238, 7.1268249], [-73.1530931, 7.126431], [-73.1525191, 7.1261009], [-73.1520792, 7.1256751], [-73.1514141, 7.1252759], [-73.1512048, 7.125228], [-73.1507811, 7.1256591], [-73.1506952, 7.1260264], [-73.1509903, 7.1263458], [-73.1513872, 7.1264895], [-73.1521812, 7.1272294], [-73.1533828, 7.1281609], [-73.1542948, 7.1289966], [-73.1547829, 7.129332], [-73.1554427, 7.1296886], [-73.1550189, 7.1307479], [-73.1546113, 7.1317859], [-73.1540373, 7.1325417], [-73.153828, 7.1331592], [-73.1536886, 7.1339523], [-73.1535652, 7.1344792], [-73.1533023, 7.1354001], [-73.1527176, 7.1377209], [-73.1517574, 7.1372631], [-73.1513229, 7.1370236], [-73.1509044, 7.1368426], [-73.1507381, 7.1368852], [-73.1505289, 7.1371247], [-73.1503841, 7.13746], [-73.1505933, 7.1377102], [-73.1507864, 7.1377688], [-73.1509634, 7.1377634], [-73.1511512, 7.1377794], [-73.151339, 7.1377794], [-73.1515911, 7.137971], [-73.1517842, 7.1382798], [-73.1517735, 7.1384767], [-73.1517681, 7.1387482], [-73.1519881, 7.1389345], [-73.1521704, 7.1392485], [-73.1518861, 7.1400576], [-73.1516769, 7.1408454], [-73.1508883, 7.1406537], [-73.1504914, 7.1407017], [-73.1504914, 7.1409305], [-73.1506094, 7.1412126], [-73.1508723, 7.1415001], [-73.1510064, 7.1419472], [-73.1505558, 7.1426338], [-73.1498691, 7.1434642], [-73.1498691, 7.1439965], [-73.1499764, 7.144401], [-73.1499871, 7.1454922], [-73.1500032, 7.1461522], [-73.1496438, 7.1468441], [-73.1491288, 7.1472061], [-73.1490376, 7.1476159], [-73.1488445, 7.1480151], [-73.1487694, 7.148228], [-73.1487909, 7.1483611], [-73.1487056, 7.1485358], [-73.1485795, 7.1486129], [-73.1483703, 7.1485251], [-73.1482389, 7.1483841], [-73.1481369, 7.1482882], [-73.1478473, 7.148102], [-73.1477829, 7.1478145], [-73.1476488, 7.1476442], [-73.147461, 7.1474792], [-73.1471445, 7.1473834], [-73.1469514, 7.1475005], [-73.1469353, 7.1477453], [-73.147048, 7.1480274], [-73.1472465, 7.1481605], [-73.1474825, 7.1481924], [-73.1477293, 7.1483521], [-73.1478956, 7.1485491], [-73.1479599, 7.1488099], [-73.1471767, 7.1489163], [-73.1465813, 7.1490867], [-73.146018, 7.1494965], [-73.1456479, 7.1498584], [-73.1449666, 7.1510135], [-73.1442531, 7.1508591], [-73.143824, 7.1506675], [-73.1433787, 7.1504333], [-73.1431856, 7.150263], [-73.1429388, 7.1501672], [-73.1424936, 7.1500341], [-73.1424185, 7.1499489], [-73.1424399, 7.1496083], [-73.1422468, 7.1494273], [-73.141925, 7.1491505], [-73.1418767, 7.1490441], [-73.1418284, 7.1488631], [-73.1416728, 7.1486662], [-73.1414314, 7.1485118], [-73.1411364, 7.1484905], [-73.1408521, 7.1484958], [-73.1405248, 7.1485384], [-73.1403317, 7.1485437], [-73.1401118, 7.1485437], [-73.1399294, 7.1486129], [-73.1397738, 7.1486395], [-73.1396075, 7.1485704], [-73.1396719, 7.1484533], [-73.1398972, 7.1482457], [-73.1401064, 7.1480647], [-73.1403746, 7.1478944], [-73.1408467, 7.1476229], [-73.1409915, 7.1475644], [-73.1411686, 7.1475005], [-73.1412866, 7.1473514], [-73.1412329, 7.1471971], [-73.1410559, 7.1471598], [-73.1409325, 7.1471013], [-73.1408467, 7.1469895], [-73.1407126, 7.1468777], [-73.1405195, 7.1470055], [-73.1403103, 7.1471705], [-73.1400152, 7.14741], [-73.1396934, 7.1477294], [-73.1395056, 7.1478731], [-73.1391515, 7.1479582], [-73.1387868, 7.1480061], [-73.1385507, 7.1480008], [-73.1380948, 7.1480647], [-73.1378748, 7.148054], [-73.1375905, 7.1480221], [-73.1372901, 7.1479636], [-73.1370594, 7.1479955], [-73.1368556, 7.14807], [-73.1366464, 7.1481924], [-73.1363728, 7.1480807], [-73.1360938, 7.1479582], [-73.1357022, 7.1476176], [-73.1354823, 7.1473674], [-73.1354447, 7.1471119], [-73.1354877, 7.1469416], [-73.1349995, 7.1466914], [-73.1346669, 7.1466116], [-73.1337389, 7.1463295], [-73.1334196, 7.1462599], [-73.13294, 7.1458603], [-73.1329054, 7.1458122], [-73.1328869, 7.1457615], [-73.132926, 7.1453075], [-73.1329544, 7.1452075], [-73.1329975, 7.1451148], [-73.1330621, 7.1450194], [-73.1332778, 7.1449982], [-73.133472, 7.1449903], [-73.1336273, 7.1450103], [-73.1337611, 7.1450409], [-73.1343898, 7.1452872], [-73.1347744, 7.1454815], [-73.1351844, 7.1457837], [-73.1355968, 7.1460517], [-73.1358518, 7.1461838], [-73.1361459, 7.1462679], [-73.13648, 7.146308], [-73.136767, 7.1462857], [-73.1370174, 7.1462472], [-73.1376588, 7.146137], [-73.1379164, 7.146066], [-73.1381311, 7.1459843], [-73.138449, 7.1458111], [-73.1385623, 7.1457045], [-73.1386082, 7.145618], [-73.13863, 7.1455288], [-73.138618, 7.1454611], [-73.1385925, 7.1454015], [-73.1384907, 7.1452848], [-73.1383915, 7.1452373], [-73.1382869, 7.1452112], [-73.1380872, 7.1451868], [-73.1378741, 7.145173], [-73.1377077, 7.1451752], [-73.1375307, 7.1451908], [-73.1371792, 7.1452458], [-73.1369431, 7.1452226], [-73.1367552, 7.1451435], [-73.1366102, 7.1450173], [-73.1366394, 7.1449763], [-73.1367317, 7.144847], [-73.1367348, 7.1446816], [-73.1368316, 7.14455], [-73.136723, 7.1444557], [-73.1367923, 7.1443201], [-73.1366966, 7.1442166], [-73.1367191, 7.1437601], [-73.136892, 7.1433358], [-73.1369323, 7.1431313], [-73.1368069, 7.1430004], [-73.1369613, 7.142564], [-73.1369258, 7.1423826], [-73.1370741, 7.1421365], [-73.1368254, 7.1420234], [-73.1366814, 7.1419579], [-73.1364138, 7.1419258], [-73.1362387, 7.1416577], [-73.1360433, 7.1416709], [-73.1358151, 7.1411791], [-73.1359282, 7.1406888], [-73.1358325, 7.1405034], [-73.1358012, 7.1404426], [-73.1356446, 7.1401434], [-73.1355076, 7.1396864], [-73.1353822, 7.1396506], [-73.1353299, 7.1389815], [-73.135679, 7.1388522], [-73.1357286, 7.1388182], [-73.1361043, 7.1385601], [-73.1361108, 7.1384049], [-73.1361135, 7.1383405], [-73.1361994, 7.138249], [-73.1362927, 7.1384631], [-73.1363554, 7.1385568], [-73.1364234, 7.1386169], [-73.1365061, 7.1386771], [-73.1368072, 7.1388218], [-73.1367192, 7.139112], [-73.1371373, 7.1392714], [-73.1374103, 7.139121], [-73.1379143, 7.1393568], [-73.1385173, 7.139627], [-73.1387983, 7.1396087], [-73.138827, 7.1394395], [-73.1389552, 7.1394252], [-73.1390264, 7.1394603], [-73.1390549, 7.139503], [-73.1390607, 7.1395458], [-73.1390516, 7.139606], [-73.1390171, 7.1396466], [-73.1383988, 7.1400677], [-73.1384764, 7.1402126], [-73.1387321, 7.1403855], [-73.1390381, 7.1402572], [-73.139295, 7.1402736], [-73.1394057, 7.1400763], [-73.1394497, 7.1400233], [-73.1394833, 7.1399827], [-73.1394978, 7.1396837], [-73.1391883, 7.139592], [-73.1391587, 7.1394575], [-73.1391277, 7.1393999], [-73.1390658, 7.1393617], [-73.1389932, 7.139353], [-73.1388995, 7.1393766], [-73.1387429, 7.1393623], [-73.138608, 7.1393027], [-73.1388506, 7.1391134], [-73.1384799, 7.1384068], [-73.1381135, 7.1386617], [-73.1379871, 7.1386292], [-73.1378865, 7.1386262], [-73.1377929, 7.1386429], [-73.1376866, 7.1386754], [-73.1373581, 7.1388203], [-73.137429, 7.1383558], [-73.1371599, 7.1381391], [-73.1369605, 7.138344], [-73.1366664, 7.1382349], [-73.1366554, 7.1382663], [-73.1366202, 7.1383668], [-73.136667, 7.1385253], [-73.1366649, 7.1386691], [-73.1365581, 7.1386023], [-73.1364464, 7.1384994], [-73.1363533, 7.1383274], [-73.1361553, 7.1379845], [-73.136072, 7.1379662], [-73.1359999, 7.1379788], [-73.1359699, 7.1381164], [-73.1355262, 7.1381755], [-73.134922, 7.1381635], [-73.1346305, 7.1379871], [-73.1342348, 7.1376481], [-73.1338159, 7.1375702], [-73.1329256, 7.1372812], [-73.1328682, 7.1371823], [-73.1328063, 7.1371937], [-73.1325346, 7.1372501], [-73.1325024, 7.1370377], [-73.1319832, 7.1363027], [-73.1319022, 7.1361402], [-73.1316156, 7.1358979], [-73.1316746, 7.1356837], [-73.1315778, 7.1354609], [-73.1314108, 7.1355003], [-73.1311588, 7.1353012], [-73.1311105, 7.1351408], [-73.1313446, 7.1350409], [-73.1312761, 7.134743], [-73.1316035, 7.1346475], [-73.1316884, 7.1345237], [-73.1317482, 7.1344366], [-73.1320253, 7.1340326], [-73.1321463, 7.1340029], [-73.1324797, 7.1337242], [-73.1333016, 7.1335741], [-73.1335052, 7.1334312], [-73.13399, 7.1333342], [-73.1344343, 7.1333932], [-73.1345857, 7.1334132], [-73.1347584, 7.1333697], [-73.1348943, 7.1334265], [-73.1352259, 7.1335651], [-73.1352039, 7.1336157], [-73.135756, 7.1340224], [-73.1358522, 7.1338946], [-73.1362375, 7.1338251], [-73.1362816, 7.1337517], [-73.1366501, 7.1331321], [-73.1366483, 7.1331154], [-73.1366415, 7.1329829], [-73.136726, 7.1326394], [-73.1364837, 7.1324668], [-73.1365973, 7.1322568], [-73.1365551, 7.1321041], [-73.1360936, 7.1322691], [-73.1355825, 7.1319392], [-73.13525, 7.1319564], [-73.134982, 7.1318062], [-73.134982, 7.1317151], [-73.1347413, 7.1315748], [-73.1347934, 7.1314738], [-73.1346669, 7.1313704], [-73.1346191, 7.1310438], [-73.1348485, 7.1310015], [-73.135054, 7.1305736], [-73.135188, 7.1305454], [-73.1356269, 7.1300558], [-73.1356589, 7.1300209], [-73.1361406, 7.129967], [-73.1364954, 7.1301515], [-73.1366643, 7.1300656], [-73.1366045, 7.129907], [-73.1368066, 7.1298807], [-73.1371526, 7.1299627], [-73.137172, 7.130106], [-73.1375491, 7.1301438], [-73.1377501, 7.1300781], [-73.1377601, 7.1300378], [-73.1377736, 7.1299654], [-73.1375455, 7.1299765], [-73.1373745, 7.1299566], [-73.1374238, 7.1297674], [-73.1368025, 7.1295756], [-73.1364446, 7.1295778], [-73.1364253, 7.1294305], [-73.1360295, 7.1294119], [-73.1360141, 7.1295518], [-73.1357133, 7.1295582], [-73.1355329, 7.1295975], [-73.1354268, 7.1296626], [-73.1352638, 7.1296391], [-73.1350438, 7.1296573], [-73.1349998, 7.1294624], [-73.1347615, 7.1291822], [-73.1349418, 7.1291214], [-73.1350292, 7.128772], [-73.1345216, 7.1286042], [-73.1342883, 7.1289875], [-73.1337475, 7.1290933], [-73.1336838, 7.1289368], [-73.1333981, 7.1288969], [-73.1329764, 7.1288647], [-73.1326633, 7.1289284], [-73.1326177, 7.1287919], [-73.1326635, 7.1287331], [-73.1326451, 7.128639], [-73.1326361, 7.1285931], [-73.132404, 7.128634], [-73.1320333, 7.1281316], [-73.1319347, 7.128095], [-73.1319071, 7.1279056], [-73.1318947, 7.1278175], [-73.1318421, 7.1274444], [-73.1320823, 7.1272549], [-73.1323949, 7.1266312], [-73.133081, 7.1264624], [-73.1337899, 7.1264464], [-73.1337463, 7.1261012], [-73.134028, 7.125937], [-73.1339997, 7.1258001], [-73.1346673, 7.1256703], [-73.1346889, 7.1258278], [-73.1353735, 7.1261071], [-73.1353761, 7.1261852], [-73.1353925, 7.1266659], [-73.135391, 7.1267305], [-73.1353856, 7.1269639], [-73.1358292, 7.1268365], [-73.1358444, 7.1267268], [-73.1360334, 7.1267023], [-73.1364631, 7.1264296], [-73.1373065, 7.1262952], [-73.137456, 7.1262519], [-73.1376234, 7.1261754], [-73.1378151, 7.1262276], [-73.138098, 7.1262234], [-73.1385634, 7.1261152], [-73.1386916, 7.126111], [-73.1388096, 7.1261406], [-73.1388938, 7.1261837], [-73.1390828, 7.1263603], [-73.1392, 7.1263738], [-73.1392612, 7.1262996], [-73.1395427, 7.1262768], [-73.1396286, 7.1262002], [-73.1394018, 7.1261626], [-73.1387714, 7.1258848], [-73.1387897, 7.1256738], [-73.1387915, 7.1256376], [-73.138802, 7.1254318], [-73.1386827, 7.1253935], [-73.1386236, 7.125519], [-73.1382668, 7.1255415], [-73.1381658, 7.1256433], [-73.1366588, 7.1256413], [-73.1364004, 7.1256098], [-73.1357198, 7.1254012], [-73.1355341, 7.1253061], [-73.1352311, 7.1249915], [-73.1349951, 7.1246911], [-73.1348618, 7.1247209], [-73.1348471, 7.1244831], [-73.1349977, 7.1244581], [-73.135145, 7.1240747], [-73.1351205, 7.1239019], [-73.1351577, 7.1238649], [-73.1353199, 7.1237039], [-73.1355066, 7.1234952], [-73.135822, 7.1233148], [-73.1362441, 7.1232384], [-73.1362584, 7.1233412], [-73.135912, 7.1236296], [-73.1355672, 7.1237457], [-73.135484, 7.1238421], [-73.1354395, 7.1238936], [-73.1353566, 7.1239896], [-73.1352688, 7.1246375], [-73.1355854, 7.1248403], [-73.1357478, 7.1251311], [-73.1365912, 7.1253606], [-73.1377177, 7.1253565], [-73.1377046, 7.1251758], [-73.1373035, 7.1247611], [-73.1364397, 7.1244912], [-73.1364305, 7.1243146], [-73.13661, 7.1243055], [-73.1370307, 7.1242842], [-73.137653, 7.1240651], [-73.1377384, 7.1239411], [-73.1377544, 7.1239178], [-73.1378144, 7.1238307], [-73.1379765, 7.1238568], [-73.1380337, 7.123866], [-73.138172, 7.1238883], [-73.138177, 7.1239129], [-73.1381853, 7.1239535], [-73.1381931, 7.123992], [-73.1381984, 7.1240181], [-73.1382251, 7.1241494], [-73.1382364, 7.1242045], [-73.1382426, 7.1242352], [-73.1389084, 7.1239984], [-73.1390381, 7.1239522], [-73.1390991, 7.1239305], [-73.1394033, 7.1238223], [-73.1393424, 7.1234367], [-73.1393069, 7.1232118], [-73.1393415, 7.1231838], [-73.1394771, 7.1230741], [-73.1394973, 7.1230577], [-73.1395066, 7.1230502], [-73.1396611, 7.1229252], [-73.1397631, 7.1226758], [-73.139523, 7.1219156], [-73.1391397, 7.1214402], [-73.1388254, 7.121288], [-73.138699, 7.1212692], [-73.1385361, 7.1213149], [-73.138324, 7.1212449], [-73.1388634, 7.1211535], [-73.1391534, 7.1212327], [-73.1395167, 7.1215255], [-73.1397585, 7.1219623], [-73.1399121, 7.1226134], [-73.139923, 7.1226596], [-73.1401376, 7.1227534], [-73.140261, 7.1227515], [-73.1405662, 7.1227085], [-73.1410244, 7.1226286], [-73.1412092, 7.1225942], [-73.1415476, 7.1225986], [-73.1420095, 7.1227516], [-73.142101, 7.1227819], [-73.1426267, 7.1225506], [-73.1415476, 7.122314], [-73.1412036, 7.122097], [-73.1407271, 7.121932], [-73.1408001, 7.1217273], [-73.1409688, 7.1216008], [-73.1409076, 7.1215165], [-73.1409796, 7.1214392], [-73.1409822, 7.120979], [-73.1408963, 7.1209208], [-73.1410128, 7.1207705], [-73.1411099, 7.1208072], [-73.1411892, 7.120673], [-73.1418471, 7.1203008], [-73.1421314, 7.1200103], [-73.1422165, 7.1201256], [-73.1419525, 7.1204643], [-73.1416534, 7.1206732], [-73.1416809, 7.1207143], [-73.1418116, 7.1209099], [-73.1422627, 7.1209925], [-73.1423505, 7.1207754], [-73.1426492, 7.1207078], [-73.1426208, 7.1203614], [-73.1425588, 7.1200885], [-73.1427915, 7.1199713], [-73.1426855, 7.119788], [-73.1430739, 7.1194705], [-73.1432282, 7.1194092], [-73.1431927, 7.1193211], [-73.1435321, 7.11921], [-73.1441808, 7.1189301], [-73.1442163, 7.1190047], [-73.1448783, 7.1188024], [-73.1452328, 7.1184608], [-73.1454243, 7.1183519], [-73.1456582, 7.118298], [-73.1459713, 7.1182645], [-73.1460267, 7.1183612], [-73.1460874, 7.1184128], [-73.1461775, 7.1184515], [-73.1463072, 7.1184481], [-73.1464739, 7.11842], [-73.1466373, 7.1184114], [-73.1467001, 7.118324], [-73.1465923, 7.1182468], [-73.1459506, 7.1180816], [-73.1458515, 7.1180821], [-73.145741, 7.1180911], [-73.1454647, 7.1181387], [-73.1453133, 7.118189], [-73.1451662, 7.1182697], [-73.145039, 7.1183503], [-73.1449228, 7.118442], [-73.1448166, 7.1185479], [-73.1447902, 7.11852], [-73.1449945, 7.1182839], [-73.1450967, 7.118201], [-73.1452244, 7.1181323], [-73.1458743, 7.1178719], [-73.1458603, 7.1178237], [-73.1458413, 7.1177584], [-73.1460609, 7.1176291], [-73.1461764, 7.1175887], [-73.1464867, 7.1175222], [-73.1467653, 7.1172738], [-73.1471109, 7.1169656], [-73.1468953, 7.1166811], [-73.1462932, 7.1172518], [-73.1459501, 7.117282], [-73.1456911, 7.1174643], [-73.1448117, 7.1179618], [-73.1446491, 7.1181985], [-73.1447712, 7.1182748], [-73.1443595, 7.1185564], [-73.1440779, 7.1185373], [-73.143776, 7.1188377], [-73.1435569, 7.118989], [-73.1431751, 7.1189263], [-73.1430357, 7.1189912], [-73.1428691, 7.119273], [-73.1429102, 7.1193487], [-73.1424479, 7.1196328], [-73.1420398, 7.1196382], [-73.141866, 7.1197502], [-73.1416838, 7.1198086], [-73.1415299, 7.1195626], [-73.141616, 7.1194647], [-73.1413155, 7.1188979], [-73.1411305, 7.118986], [-73.1410542, 7.1190224], [-73.140946, 7.119074], [-73.1406135, 7.1192198], [-73.1405147, 7.1192632], [-73.1403337, 7.1193425], [-73.1397544, 7.1194031], [-73.1389277, 7.1198606], [-73.1387153, 7.1200745], [-73.1385223, 7.1202689], [-73.1383686, 7.1205943], [-73.138197, 7.1207646], [-73.137748, 7.1208401], [-73.1377411, 7.1209746], [-73.1375082, 7.120961], [-73.1374681, 7.1208205], [-73.1368358, 7.1206125], [-73.1368462, 7.1202245], [-73.137173, 7.1199368], [-73.137103, 7.1198532], [-73.1370374, 7.1199177], [-73.1368072, 7.1198114], [-73.1368882, 7.1194093], [-73.1363991, 7.1191669], [-73.1363409, 7.1194758], [-73.1361786, 7.1195036], [-73.1359743, 7.1193099], [-73.1357992, 7.1193438], [-73.1357762, 7.1192338], [-73.1360241, 7.1191053], [-73.1360709, 7.1189725], [-73.1362752, 7.1188501], [-73.1364512, 7.1188074], [-73.1366572, 7.119031], [-73.1369754, 7.1187545], [-73.137479, 7.1180148], [-73.1371716, 7.1178027], [-73.1373575, 7.1175575], [-73.1379415, 7.117619], [-73.1380462, 7.1171117], [-73.1383057, 7.1170495], [-73.1386199, 7.1174017], [-73.1389144, 7.1173869], [-73.1390784, 7.1175668], [-73.1394036, 7.1172748], [-73.1391664, 7.1170147], [-73.1390547, 7.1168497], [-73.1390731, 7.1165378], [-73.1392395, 7.1162922], [-73.1393157, 7.1160843], [-73.1393855, 7.1159998], [-73.1394965, 7.1159185], [-73.1395789, 7.1157874], [-73.1402101, 7.1161912], [-73.1402641, 7.1163376], [-73.1404719, 7.1164802], [-73.1406625, 7.1163506], [-73.1410675, 7.1160753], [-73.1416007, 7.1158873], [-73.1415616, 7.1156937], [-73.1416811, 7.1156757], [-73.1420191, 7.1158887], [-73.1421696, 7.1158706], [-73.1426306, 7.1158074], [-73.1428674, 7.1155193], [-73.1432516, 7.1154734], [-73.1435895, 7.1152069], [-73.1441494, 7.1150142], [-73.1441183, 7.114925], [-73.1440981, 7.1148662], [-73.1435466, 7.1150516], [-73.1432224, 7.1149745], [-73.1429918, 7.1147357], [-73.1429365, 7.1142869], [-73.1431542, 7.1139312], [-73.1434654, 7.1137164], [-73.1437644, 7.113389], [-73.1446768, 7.1128143], [-73.1452892, 7.1128103], [-73.1456074, 7.1127414], [-73.145652, 7.1126294], [-73.1457688, 7.112336], [-73.1460956, 7.1120849], [-73.146159, 7.1118146], [-73.1467109, 7.111409], [-73.1472558, 7.1111228], [-73.1475435, 7.1110748], [-73.1477994, 7.1110321], [-73.1478125, 7.1108212], [-73.1472229, 7.1107865], [-73.1472217, 7.1103792], [-73.147055, 7.1103823], [-73.1470483, 7.1101605], [-73.1469464, 7.1101594], [-73.1468391, 7.1101958], [-73.1465377, 7.1102979], [-73.1466623, 7.1105641], [-73.1466703, 7.1110154], [-73.1453999, 7.1119352], [-73.1451663, 7.1117185], [-73.1450258, 7.1118445], [-73.1451793, 7.1120061], [-73.1451512, 7.1120452], [-73.144979, 7.1122855], [-73.144704, 7.1124074], [-73.1435409, 7.113089], [-73.143266, 7.1134398], [-73.1428676, 7.1134725], [-73.1428871, 7.1135515], [-73.1424288, 7.1136516], [-73.1424507, 7.1138077], [-73.141947, 7.1138729], [-73.1417488, 7.1147532], [-73.1415672, 7.1147768], [-73.1416733, 7.1155817], [-73.1413505, 7.1156258], [-73.1410181, 7.1154066], [-73.1410621, 7.115335], [-73.140889, 7.1152302], [-73.1408691, 7.1148051], [-73.1405616, 7.114619], [-73.1398568, 7.1141996], [-73.1392024, 7.1143316], [-73.1393286, 7.1146798], [-73.1390231, 7.1147819], [-73.1384532, 7.1156855], [-73.1382412, 7.115746], [-73.1379783, 7.1158555], [-73.1378527, 7.1159577], [-73.1377545, 7.1160656], [-73.1375367, 7.1164272], [-73.1369166, 7.1164302], [-73.134953, 7.1182528], [-73.1340865, 7.1185601], [-73.1339952, 7.1185925], [-73.1334775, 7.1188094], [-73.132795, 7.1192029], [-73.1320972, 7.1202101], [-73.131569, 7.1199301], [-73.1314796, 7.1199723], [-73.1313959, 7.119964], [-73.1313362, 7.1199198], [-73.131297, 7.1198193], [-73.1313758, 7.1194042], [-73.1312513, 7.1193719], [-73.1312652, 7.1193177], [-73.1317133, 7.1191467], [-73.131902, 7.1187531], [-73.1319363, 7.1183148], [-73.132036, 7.1181916], [-73.1324014, 7.1180617], [-73.1323611, 7.1178876], [-73.1326422, 7.1175358], [-73.1327167, 7.1174781], [-73.1327254, 7.1174714], [-73.1328129, 7.1174496], [-73.1329793, 7.1174403], [-73.1333722, 7.1171092], [-73.1337309, 7.1167512], [-73.1343396, 7.1163913], [-73.134522, 7.1162102], [-73.1349839, 7.1151432], [-73.1355803, 7.1146367], [-73.1359075, 7.1148422], [-73.1363516, 7.1141627], [-73.1367208, 7.1144033], [-73.1376036, 7.1130507], [-73.1377435, 7.1129174], [-73.1379584, 7.1127618], [-73.1394596, 7.11172], [-73.1396562, 7.1120126], [-73.1400304, 7.1117651], [-73.1403792, 7.1115345], [-73.1401827, 7.1112418], [-73.1401097, 7.1111033], [-73.1406555, 7.1114219], [-73.1405565, 7.1116775], [-73.1407889, 7.111766], [-73.1408822, 7.111525], [-73.1410467, 7.1115877], [-73.1411672, 7.1112761], [-73.1410265, 7.1112224], [-73.141105, 7.1110196], [-73.1408491, 7.110922], [-73.140697, 7.1113148], [-73.1405287, 7.1112465], [-73.1405903, 7.1109838], [-73.1404333, 7.1107246], [-73.1403225, 7.1107441], [-73.1402057, 7.1108565], [-73.1401077, 7.1109958], [-73.1401181, 7.1109319], [-73.1401759, 7.1108102], [-73.1402854, 7.1106831], [-73.1404858, 7.1105756], [-73.1406538, 7.1105628], [-73.1408604, 7.1105668], [-73.141297, 7.1106029], [-73.1426036, 7.1096931], [-73.1427656, 7.1099147], [-73.1427859, 7.1099424], [-73.1424268, 7.1099913], [-73.1417343, 7.1104699], [-73.1416858, 7.1105034], [-73.1417823, 7.1106684], [-73.141411, 7.1109054], [-73.141526, 7.1110827], [-73.1417428, 7.1114225], [-73.1424485, 7.1110732], [-73.1424878, 7.1110538], [-73.142658, 7.1109695], [-73.1430508, 7.1106008], [-73.1430653, 7.1100088], [-73.1430234, 7.1099001], [-73.1428558, 7.109865], [-73.1433314, 7.1095781], [-73.1430655, 7.1091282], [-73.1443483, 7.1082485], [-73.1444205, 7.108199], [-73.1446653, 7.1081905], [-73.1449442, 7.1079563], [-73.1453023, 7.1075022], [-73.145138, 7.1072118], [-73.1447949, 7.1072826], [-73.1442771, 7.1081412], [-73.1440201, 7.1077682], [-73.144229, 7.1076112], [-73.144323, 7.1076419], [-73.1444741, 7.1072835], [-73.1443183, 7.1070277], [-73.1444294, 7.1068362], [-73.1442759, 7.1066331], [-73.1438461, 7.1068837], [-73.1439383, 7.1069896], [-73.1438171, 7.1070767], [-73.1434113, 7.1073679], [-73.1435475, 7.107554], [-73.1429169, 7.1080035], [-73.1430446, 7.1081738], [-73.1425296, 7.108537], [-73.1422839, 7.1081853], [-73.1401416, 7.1097052], [-73.1400162, 7.1098469], [-73.1399196, 7.1099851], [-73.1397048, 7.1103435], [-73.1396182, 7.1104373], [-73.1395316, 7.1105061], [-73.1376046, 7.1118526], [-73.1373559, 7.1117781], [-73.1369391, 7.1119066], [-73.1363784, 7.1119225], [-73.1357557, 7.1115401], [-73.1344713, 7.1135098], [-73.1342822, 7.1133655], [-73.1341795, 7.1134993], [-73.1339338, 7.1132754], [-73.1334653, 7.1136701], [-73.1330964, 7.1138027], [-73.1328897, 7.1131577], [-73.1330797, 7.1131516], [-73.1331498, 7.1132606], [-73.1342756, 7.1125057], [-73.1346241, 7.1116603], [-73.1345214, 7.1115475], [-73.1336797, 7.1121459], [-73.1331391, 7.1127045], [-73.1327609, 7.1128733], [-73.1325131, 7.1126487], [-73.1331166, 7.1122245], [-73.1329651, 7.1120072], [-73.1334221, 7.1116659], [-73.1340528, 7.1106396], [-73.1342047, 7.1102913], [-73.134136, 7.1102016], [-73.1341285, 7.1101918], [-73.1341142, 7.1101732], [-73.1340733, 7.1101198], [-73.134061, 7.1101036], [-73.1338884, 7.1098783], [-73.1343063, 7.1095378], [-73.1345676, 7.109871], [-73.1350247, 7.1098623], [-73.1353432, 7.1096867], [-73.1360454, 7.110063], [-73.1362972, 7.1101198], [-73.1367112, 7.1102132], [-73.1370496, 7.110097], [-73.1376067, 7.109557], [-73.1383117, 7.1086838], [-73.138424, 7.1085974], [-73.1383122, 7.1084183], [-73.1381756, 7.1084415], [-73.1380395, 7.1081992], [-73.1381734, 7.1080218], [-73.1382239, 7.1079864], [-73.138086, 7.1078385], [-73.1384134, 7.1077631], [-73.13892, 7.1073347], [-73.1389449, 7.1070141], [-73.1388609, 7.1069158], [-73.1393242, 7.1065619], [-73.1394088, 7.1066497], [-73.1396473, 7.1064917], [-73.1398305, 7.1065472], [-73.1399429, 7.1065079], [-73.1403057, 7.1068668], [-73.1403507, 7.1068195], [-73.1404594, 7.1067055], [-73.1401836, 7.1063702], [-73.1403779, 7.1061965], [-73.140789, 7.106331], [-73.1409049, 7.1060425], [-73.1409767, 7.1059677], [-73.1408619, 7.1058749], [-73.1407617, 7.1059293], [-73.140458, 7.105812], [-73.1404232, 7.1057682], [-73.1404026, 7.1057423], [-73.1405702, 7.1055882], [-73.14066, 7.1056638], [-73.1407208, 7.1056675], [-73.1408941, 7.1056779], [-73.1411087, 7.1057525], [-73.1412267, 7.105827], [-73.1413757, 7.1059031], [-73.1415044, 7.1057675], [-73.1415369, 7.1057332], [-73.1416612, 7.1058217], [-73.1418107, 7.1057183], [-73.1414786, 7.105464], [-73.1412815, 7.1050603], [-73.141064, 7.1051046], [-73.1409386, 7.1049203], [-73.140978, 7.1048649], [-73.1410688, 7.1047372], [-73.1412428, 7.1048209], [-73.1413183, 7.1047667], [-73.1413393, 7.1047517], [-73.1414818, 7.1047462], [-73.1417464, 7.1047359], [-73.1425946, 7.1049327], [-73.1426244, 7.1047042], [-73.1426318, 7.1046467], [-73.1426428, 7.1045625], [-73.1419122, 7.1042725], [-73.1419285, 7.1040867], [-73.1414632, 7.1037339], [-73.1413976, 7.1038246], [-73.1409425, 7.1035766], [-73.1410024, 7.1034848], [-73.141251, 7.1036125], [-73.1418593, 7.1031634], [-73.1419104, 7.1031613], [-73.1420743, 7.1031547], [-73.1423608, 7.1026892], [-73.1427221, 7.1031535], [-73.1429362, 7.1032401], [-73.1430204, 7.1031541], [-73.1434272, 7.1033496], [-73.1434565, 7.1032812], [-73.1436682, 7.1033543], [-73.1437509, 7.1031241], [-73.1431408, 7.1028427], [-73.1430613, 7.1027502], [-73.14289, 7.1021497], [-73.1426404, 7.1018043], [-73.1426638, 7.101789], [-73.142685, 7.1017752], [-73.143062, 7.1015297], [-73.1432835, 7.1018614], [-73.1434663, 7.1017413], [-73.1435029, 7.1017973], [-73.1436093, 7.1019628], [-73.144212, 7.1015813], [-73.1441056, 7.1014157], [-73.1439948, 7.1014858], [-73.143753, 7.1011185], [-73.1436211, 7.1009244], [-73.1437348, 7.1008482], [-73.1436348, 7.1007011], [-73.1437105, 7.1006666], [-73.1438108, 7.1006391], [-73.1439329, 7.1006291], [-73.1440614, 7.1006382], [-73.1443302, 7.1006637], [-73.145439, 7.1007621], [-73.1454351, 7.1005808], [-73.1452734, 7.1005677], [-73.1452953, 7.1004777], [-73.145359, 7.1002158], [-73.1451025, 7.1000867], [-73.1450783, 7.0996919], [-73.1453307, 7.0994805], [-73.1450631, 7.099324], [-73.1447495, 7.0997011], [-73.1446051, 7.0996952], [-73.1445147, 7.0999653], [-73.143798, 7.100247], [-73.1436404, 7.1002764], [-73.1434015, 7.1004359], [-73.1432865, 7.100285], [-73.1431133, 7.1002652], [-73.1428926, 7.1004079], [-73.1425383, 7.0998824], [-73.142535, 7.0997875], [-73.1425231, 7.0995178], [-73.1422153, 7.0995311], [-73.1422272, 7.0998009], [-73.142242, 7.0999726], [-73.1425613, 7.1004842], [-73.1422778, 7.1006803], [-73.1423756, 7.1008227], [-73.1421911, 7.1009422], [-73.1420288, 7.1008196], [-73.1419173, 7.10082], [-73.1412539, 7.1015766], [-73.141375, 7.1017019], [-73.14135, 7.1017627], [-73.1410482, 7.1015742], [-73.1411262, 7.1014144], [-73.1409243, 7.1013174], [-73.1408422, 7.1009514], [-73.1405788, 7.1010095], [-73.1402609, 7.1016616], [-73.1403396, 7.1016994], [-73.1403159, 7.101748], [-73.1400395, 7.1023147], [-73.139893, 7.1022475], [-73.1397766, 7.102194], [-73.1392756, 7.1013278], [-73.1390879, 7.101452], [-73.1385436, 7.1005862], [-73.1385388, 7.1004872], [-73.1385295, 7.1002918], [-73.1381212, 7.1005363], [-73.1390487, 7.1020901], [-73.1391957, 7.1022015], [-73.1391145, 7.102321], [-73.1390538, 7.1024475], [-73.1386234, 7.1022441], [-73.1385134, 7.1024733], [-73.138354, 7.1024379], [-73.1382536, 7.10245], [-73.1381705, 7.102512], [-73.1378251, 7.103211], [-73.1392162, 7.1038342], [-73.1390861, 7.104022], [-73.1389791, 7.1039622], [-73.1389006, 7.1040182], [-73.1389898, 7.1041109], [-73.1385403, 7.1043775], [-73.1385829, 7.1044291], [-73.1385403, 7.1044596], [-73.1384253, 7.1043054], [-73.1382868, 7.1043842], [-73.138211, 7.1042992], [-73.138146, 7.1043226], [-73.1378836, 7.1044172], [-73.1378162, 7.1043432], [-73.1375914, 7.1044818], [-73.1369952, 7.1038753], [-73.1368774, 7.1039952], [-73.1368381, 7.1040353], [-73.1367367, 7.1041448], [-73.1366569, 7.1044877], [-73.1362231, 7.1047392], [-73.1361067, 7.1048453], [-73.1358676, 7.1050632], [-73.1360025, 7.1052156], [-73.136221, 7.1050047], [-73.1364031, 7.1051127], [-73.1365454, 7.1053226], [-73.1366556, 7.1054852], [-73.1364347, 7.1058785], [-73.136291, 7.1063598], [-73.1362425, 7.1064733], [-73.1361065, 7.1064641], [-73.1360638, 7.1063293], [-73.136024, 7.1062846], [-73.1359313, 7.1062512], [-73.1358402, 7.1062667], [-73.1355746, 7.1064562], [-73.1355828, 7.1065078], [-73.1355961, 7.1065916], [-73.1354312, 7.1068345], [-73.1354739, 7.1069029], [-73.1354688, 7.1069798], [-73.1354248, 7.1070524], [-73.13532, 7.1071121], [-73.1350093, 7.1071703], [-73.1346201, 7.1074109], [-73.1345584, 7.1076421], [-73.1346306, 7.1077955], [-73.1346928, 7.1077729], [-73.1346891, 7.1078781], [-73.1346777, 7.1079588], [-73.1346366, 7.1080259], [-73.1345785, 7.1080563], [-73.1345024, 7.1080682], [-73.1343852, 7.1080448], [-73.134308, 7.1080092], [-73.13424, 7.1079441], [-73.1341187, 7.1080137], [-73.1340562, 7.1079283], [-73.1338086, 7.1080422], [-73.1334629, 7.1082451], [-73.1332983, 7.1082235], [-73.1330114, 7.1078447], [-73.1327297, 7.1080571], [-73.1325882, 7.108066], [-73.1324778, 7.1079451], [-73.1323609, 7.1080969], [-73.132565, 7.1087115], [-73.1323801, 7.1088133], [-73.1321091, 7.1089399], [-73.1321136, 7.1091793], [-73.1319088, 7.1094925], [-73.1317314, 7.1095373], [-73.1317391, 7.1096133], [-73.131379, 7.1097888], [-73.1313545, 7.1097467], [-73.1311997, 7.1097954], [-73.1310378, 7.1099149], [-73.1310481, 7.1099286], [-73.1310792, 7.1099701], [-73.1310656, 7.1099911], [-73.1308783, 7.1102795], [-73.1308298, 7.1103542], [-73.1307835, 7.1104255], [-73.1307772, 7.1104352], [-73.1306425, 7.1104949], [-73.1305808, 7.1105222], [-73.1305685, 7.1105243], [-73.1305043, 7.1105349], [-73.1303226, 7.1105652], [-73.1302016, 7.1105538], [-73.1300771, 7.1104615], [-73.1299101, 7.1104839], [-73.1297438, 7.1107023], [-73.1296571, 7.1108263], [-73.1293766, 7.1107927], [-73.1293565, 7.1108033], [-73.1292045, 7.1108837], [-73.1289798, 7.1109527], [-73.1288655, 7.1110972], [-73.1287655, 7.1113289], [-73.1286873, 7.1115099], [-73.1287358, 7.1116555], [-73.1285982, 7.1117117], [-73.1285193, 7.1117439], [-73.1285401, 7.1118011], [-73.1281571, 7.111961], [-73.1278665, 7.1118318], [-73.1278225, 7.1117414], [-73.127881, 7.1116644], [-73.1277782, 7.111445], [-73.1272462, 7.1116906], [-73.1273246, 7.1118579], [-73.1268107, 7.1120138], [-73.1259263, 7.1124919], [-73.1258758, 7.1124949], [-73.1254512, 7.1125194], [-73.1253413, 7.1124121], [-73.125475, 7.1122172], [-73.1252864, 7.1121018], [-73.1251155, 7.1123928], [-73.1250457, 7.1125117], [-73.1250208, 7.1124843], [-73.1248247, 7.1122679], [-73.1247726, 7.1122104], [-73.1245939, 7.1123676], [-73.1245454, 7.1123193], [-73.1244911, 7.1122652], [-73.1241652, 7.1125541], [-73.1240914, 7.1125641], [-73.1239225, 7.1125871], [-73.1236873, 7.1124045], [-73.1236229, 7.1122975], [-73.1231969, 7.1124726], [-73.1230094, 7.1127451], [-73.1227506, 7.1126396], [-73.1226273, 7.1124868], [-73.1225796, 7.1124164], [-73.122575, 7.1123156], [-73.1226304, 7.1121046], [-73.1227922, 7.1119242], [-73.1230117, 7.1118688], [-73.1231753, 7.1114433], [-73.1234041, 7.1113262], [-73.1235386, 7.1116224], [-73.1238107, 7.1114779], [-73.1242951, 7.1108778], [-73.1247356, 7.1102092], [-73.1249525, 7.1103656], [-73.1251621, 7.1100794], [-73.1252319, 7.1101297], [-73.1255788, 7.1096562], [-73.1257776, 7.1095452], [-73.1260543, 7.1094599], [-73.1268153, 7.1092252], [-73.1268231, 7.1090461], [-73.1276012, 7.1090815], [-73.1287248, 7.108502], [-73.1293991, 7.1082317], [-73.12919, 7.1077122], [-73.127374, 7.1070398], [-73.1260205, 7.1075744], [-73.1251397, 7.1087285], [-73.1237274, 7.1092804], [-73.1229243, 7.1087355], [-73.1221292, 7.1089156], [-73.1219225, 7.1089937], [-73.120388, 7.1093081], [-73.1203111, 7.1090444], [-73.1204288, 7.1090079], [-73.1206999, 7.1085482], [-73.1207911, 7.1082581], [-73.1211346, 7.1081585], [-73.1211933, 7.1083577], [-73.1213996, 7.1082978], [-73.1215204, 7.1082621], [-73.1214199, 7.1079088], [-73.121922, 7.1077637], [-73.121981, 7.10797], [-73.1223478, 7.1078667], [-73.1224986, 7.1077001], [-73.1224724, 7.1076086], [-73.1230034, 7.1074393], [-73.1236779, 7.1076182], [-73.1237787, 7.1076207], [-73.1239043, 7.107588], [-73.124045, 7.1074865], [-73.1241383, 7.1073832], [-73.1242016, 7.1072588], [-73.1243941, 7.1068671], [-73.1245179, 7.1066296], [-73.1248429, 7.1062576], [-73.1253603, 7.1058099], [-73.1257492, 7.1055627], [-73.1261983, 7.1053594], [-73.1266565, 7.1052101], [-73.1270263, 7.1051325], [-73.1274814, 7.1050886], [-73.1280783, 7.1051256], [-73.1286143, 7.1051977], [-73.128991, 7.1052749], [-73.1292358, 7.1053256], [-73.1294807, 7.1053623], [-73.1297804, 7.1053976], [-73.1298576, 7.1054192], [-73.1299349, 7.1054669], [-73.1299761, 7.105523], [-73.1300112, 7.1055976], [-73.1300208, 7.1056722], [-73.1300017, 7.1057758], [-73.1302746, 7.1058137], [-73.1303433, 7.105374], [-73.1305043, 7.1053613], [-73.1306711, 7.1052791], [-73.1307936, 7.1051629], [-73.1308321, 7.1050839], [-73.1308625, 7.1049809], [-73.1308735, 7.1048886], [-73.1308738, 7.1047883], [-73.1312252, 7.1049374], [-73.1314089, 7.1045954], [-73.1314827, 7.1045205], [-73.1316489, 7.1045195], [-73.1319011, 7.1044024], [-73.131948, 7.1043923], [-73.1320083, 7.1043794], [-73.1322229, 7.1043332], [-73.1323259, 7.1043842], [-73.1323839, 7.104413], [-73.13254, 7.1045867], [-73.1327107, 7.1046143], [-73.1327818, 7.1046258], [-73.1328956, 7.1048773], [-73.1330747, 7.1047788], [-73.1329825, 7.1045957], [-73.133007, 7.1042713], [-73.1333112, 7.1042853], [-73.1333273, 7.1040403], [-73.1330676, 7.1040152], [-73.133048, 7.1038907], [-73.1330791, 7.1038069], [-73.1331701, 7.1035621], [-73.1334191, 7.1034614], [-73.1333767, 7.1033752], [-73.1331241, 7.103479], [-73.1325931, 7.1036465], [-73.1324237, 7.103838], [-73.1317945, 7.1039559], [-73.1315238, 7.1040945], [-73.1309273, 7.1040814], [-73.130811, 7.1040531], [-73.1307205, 7.1040156], [-73.1306347, 7.1039397], [-73.1306041, 7.1038356], [-73.1306915, 7.1033783], [-73.1307444, 7.1032791], [-73.130815, 7.1031798], [-73.1310903, 7.1029605], [-73.1311657, 7.1028322], [-73.1311898, 7.1027038], [-73.1312253, 7.1024268], [-73.1312596, 7.1023399], [-73.1313275, 7.1022564], [-73.1320358, 7.1016964], [-73.1324861, 7.1020083], [-73.1326491, 7.101916], [-73.1325022, 7.1017225], [-73.1327902, 7.1015162], [-73.1328322, 7.1015739], [-73.1333489, 7.1012038], [-73.1331249, 7.1008958], [-73.1339907, 7.1002435], [-73.1337229, 7.0996258], [-73.1340735, 7.0995141], [-73.1342945, 7.0990985], [-73.1350919, 7.0987551], [-73.1348841, 7.0982447], [-73.1335247, 7.0989951], [-73.1334162, 7.0988073], [-73.1333998, 7.098616], [-73.1335127, 7.0983602], [-73.1336957, 7.0979453], [-73.1340092, 7.0977287], [-73.1337042, 7.0970681], [-73.1338956, 7.096861], [-73.1340622, 7.0966364], [-73.1342853, 7.0963488], [-73.1345564, 7.0961473], [-73.1352266, 7.0959746], [-73.1353343, 7.0959703], [-73.135562, 7.0960448], [-73.1359239, 7.0960894], [-73.1361517, 7.096174], [-73.1362696, 7.0962659], [-73.1363768, 7.0962959], [-73.1365029, 7.0963126], [-73.1366629, 7.0962918], [-73.1367664, 7.0962067], [-73.1370319, 7.0960898], [-73.1374959, 7.0959894], [-73.1380156, 7.0961032], [-73.1382294, 7.0964085], [-73.1384605, 7.0962515], [-73.1387013, 7.0962849], [-73.1390349, 7.0965439], [-73.1390959, 7.0959986], [-73.1391629, 7.0956746], [-73.139432, 7.0954724], [-73.1398728, 7.0953843], [-73.1400881, 7.0949947], [-73.1401489, 7.094792], [-73.1402804, 7.0945542], [-73.140314, 7.0944946], [-73.1406943, 7.0940692], [-73.1412621, 7.0938066], [-73.1417763, 7.0941888], [-73.1419836, 7.0939218], [-73.1420198, 7.0937817], [-73.1421999, 7.0935626], [-73.1423527, 7.0935536], [-73.1426621, 7.0935352], [-73.1429612, 7.0937164], [-73.1433649, 7.0936942], [-73.1433515, 7.0933815], [-73.143112, 7.0934053], [-73.1430647, 7.0932975], [-73.1435053, 7.0928189], [-73.1439033, 7.0929807], [-73.1441695, 7.0927763], [-73.1443036, 7.0925421], [-73.1443076, 7.0925292], [-73.1444105, 7.0921996], [-73.1442726, 7.0920807], [-73.1445143, 7.0917575], [-73.1448041, 7.0917822], [-73.1449591, 7.0915928], [-73.1449283, 7.0914179], [-73.1445558, 7.0911112], [-73.1443588, 7.0913226], [-73.1440449, 7.0913843], [-73.1438141, 7.0912112], [-73.143824, 7.0910421], [-73.1438365, 7.090828], [-73.1438275, 7.0907947], [-73.1447246, 7.0898123], [-73.1449329, 7.090333], [-73.145552, 7.0900977], [-73.1456721, 7.0904022], [-73.1458527, 7.090331], [-73.1457511, 7.090076], [-73.1458565, 7.0900343], [-73.1458758, 7.089895], [-73.1459627, 7.0896653], [-73.1460801, 7.0895627], [-73.1462125, 7.0890792], [-73.1459555, 7.089014], [-73.1459746, 7.0888789], [-73.1457756, 7.0888197], [-73.1458286, 7.088436], [-73.1455998, 7.0884049], [-73.1452912, 7.0887325], [-73.1449811, 7.0889489], [-73.1448759, 7.0890042], [-73.1446951, 7.088962], [-73.1443581, 7.0890883], [-73.1441115, 7.0895203], [-73.1439174, 7.0897087], [-73.1436116, 7.0898019], [-73.1433369, 7.0900203], [-73.142884, 7.0904873], [-73.1427542, 7.0906702], [-73.1426531, 7.0910926], [-73.1418473, 7.0921966], [-73.1417786, 7.0928879], [-73.1414741, 7.0932745], [-73.1412083, 7.0931915], [-73.1410087, 7.0933204], [-73.1409241, 7.0936303], [-73.1405484, 7.0937028], [-73.1400006, 7.0937949], [-73.1399025, 7.0938296], [-73.1398299, 7.0938812], [-73.1395866, 7.0942076], [-73.1394328, 7.0942895], [-73.1390578, 7.0949224], [-73.1382141, 7.0947871], [-73.1373701, 7.0942403], [-73.1375209, 7.0939696], [-73.1371931, 7.0937582], [-73.1368726, 7.0939363], [-73.1365805, 7.0938966], [-73.1361873, 7.0939825], [-73.1359852, 7.0938623], [-73.1357507, 7.0937227], [-73.1356065, 7.0940747], [-73.1355211, 7.0943106], [-73.1347341, 7.0945618], [-73.1346866, 7.0947473], [-73.1339467, 7.0947214], [-73.1336538, 7.0950908], [-73.1334355, 7.0952007], [-73.133417, 7.09521], [-73.1331002, 7.0962072], [-73.132942, 7.0967054], [-73.1326154, 7.0966238], [-73.1325479, 7.0960814], [-73.1326741, 7.0958977], [-73.1326233, 7.09562], [-73.132636, 7.0954633], [-73.1325573, 7.0953957], [-73.1319453, 7.0957562], [-73.1317706, 7.09578], [-73.1315682, 7.0958815], [-73.131418, 7.0960766], [-73.1313378, 7.0962567], [-73.1311033, 7.0965768], [-73.1311639, 7.096863], [-73.1312863, 7.0971768], [-73.1313997, 7.0973485], [-73.1317489, 7.0975889], [-73.130117, 7.0987777], [-73.1296677, 7.098628], [-73.1299565, 7.0981606], [-73.1302825, 7.0978148], [-73.1306136, 7.097546], [-73.1307263, 7.0972852], [-73.1306838, 7.0971516], [-73.1305872, 7.0971289], [-73.1299435, 7.0972931], [-73.1297633, 7.0974231], [-73.1297865, 7.0970781], [-73.1304987, 7.0964363], [-73.1305169, 7.09642], [-73.1306399, 7.0963077], [-73.1309122, 7.0956215], [-73.1315778, 7.0950329], [-73.1319333, 7.0949376], [-73.1323088, 7.0947353], [-73.1324965, 7.0946022], [-73.1325096, 7.0945672], [-73.1328641, 7.0944043], [-73.133206, 7.0941348], [-73.1333552, 7.0938516], [-73.1335946, 7.0937748], [-73.1337997, 7.0937965], [-73.1338396, 7.0937837], [-73.134188, 7.0936721], [-73.1343474, 7.0927656], [-73.1346088, 7.0926312], [-73.1347284, 7.0923671], [-73.1347905, 7.0922922], [-73.1348739, 7.0922209], [-73.1349697, 7.09219], [-73.1350726, 7.0921731], [-73.1357305, 7.0921499], [-73.1363072, 7.0922782], [-73.1370308, 7.0919408], [-73.1371359, 7.0915166], [-73.1371575, 7.0914708], [-73.1371866, 7.0914465], [-73.1372241, 7.0914277], [-73.1372871, 7.0914355], [-73.1373299, 7.0914644], [-73.1373614, 7.091499], [-73.1375183, 7.0914427], [-73.1376991, 7.0917978], [-73.1378243, 7.091735], [-73.1379671, 7.0920154], [-73.1380168, 7.0921162], [-73.1385152, 7.0922703], [-73.1383974, 7.0919368], [-73.1384721, 7.0916577], [-73.1382773, 7.0912189], [-73.1382849, 7.0910842], [-73.1384515, 7.0906271], [-73.1388499, 7.0900211], [-73.1392853, 7.0896861], [-73.1392321, 7.0893494], [-73.13886, 7.0892668], [-73.1378883, 7.0898583], [-73.1380691, 7.090192], [-73.1375334, 7.0904672], [-73.1374013, 7.0905158], [-73.1372661, 7.0905339], [-73.1367939, 7.0904874], [-73.1365832, 7.0906066], [-73.1364108, 7.0909236], [-73.1354597, 7.0915105], [-73.1351351, 7.0915209], [-73.1350373, 7.0913229], [-73.1347259, 7.0914746], [-73.1348237, 7.0916725], [-73.1342899, 7.0919326], [-73.1339498, 7.0922006], [-73.1336169, 7.0924089], [-73.1333463, 7.0919757], [-73.1335854, 7.0917918], [-73.1342392, 7.0914628], [-73.1350845, 7.0908279], [-73.1351405, 7.0904734], [-73.1349887, 7.0902579], [-73.135069, 7.0902032], [-73.134759, 7.0898378], [-73.1343361, 7.0895638], [-73.1339346, 7.0896102], [-73.1337452, 7.0894386], [-73.1334976, 7.0897145], [-73.1335104, 7.0904819], [-73.133488, 7.0906403], [-73.1333022, 7.0908451], [-73.1332566, 7.0910086], [-73.1331306, 7.0910658], [-73.1328942, 7.0905166], [-73.1327567, 7.0904793], [-73.1323685, 7.0910663], [-73.1324417, 7.0912616], [-73.1324725, 7.0913436], [-73.1326421, 7.0915202], [-73.1327049, 7.0915857], [-73.1325181, 7.091789], [-73.1326435, 7.0919123], [-73.1324945, 7.0920685], [-73.1327594, 7.0923264], [-73.132808, 7.0923738], [-73.1326648, 7.0926135], [-73.132578, 7.0928099], [-73.1325739, 7.0929224], [-73.1326129, 7.0930448], [-73.1327025, 7.0931077], [-73.132864, 7.0931553], [-73.1329098, 7.093206], [-73.1329184, 7.0932622], [-73.1329111, 7.0932929], [-73.1328934, 7.0933235], [-73.1327621, 7.093412], [-73.1326544, 7.0932784], [-73.1323063, 7.0929567], [-73.1321713, 7.0930585], [-73.1321468, 7.0935537], [-73.1323004, 7.0938157], [-73.1322444, 7.0939049], [-73.1321264, 7.0941018], [-73.1319708, 7.0943467], [-73.131665, 7.0947459], [-73.1307025, 7.0956302], [-73.1304809, 7.0957459], [-73.129443, 7.0959914], [-73.1284061, 7.0969887], [-73.1283805, 7.0970827], [-73.1273657, 7.096506], [-73.1276149, 7.0961726], [-73.1276188, 7.0960586], [-73.1277123, 7.0959584], [-73.1283878, 7.0952457], [-73.1282276, 7.09508], [-73.1280553, 7.0952311], [-73.1279261, 7.0950922], [-73.1277668, 7.0952174], [-73.1273902, 7.0950919], [-73.127318, 7.0950678], [-73.1277701, 7.0949482], [-73.1283146, 7.0947598], [-73.1284466, 7.0946974], [-73.1289149, 7.0943745], [-73.1292017, 7.0944617], [-73.1294208, 7.0947231], [-73.1301646, 7.094148], [-73.130412, 7.0938679], [-73.1306627, 7.0936779], [-73.1307054, 7.0935578], [-73.13057, 7.0933742], [-73.1306445, 7.0933219], [-73.1306116, 7.0932643], [-73.130688, 7.0930905], [-73.130573, 7.0929224], [-73.1306459, 7.0928141], [-73.1306764, 7.0926788], [-73.1308449, 7.0927473], [-73.1310244, 7.0917601], [-73.130865, 7.0917485], [-73.1304621, 7.0921315], [-73.130062, 7.0919325], [-73.1299159, 7.0918119], [-73.1298618, 7.0916705], [-73.1298644, 7.0914975], [-73.1299099, 7.0914069], [-73.1304774, 7.0909138], [-73.1310856, 7.0903803], [-73.1312455, 7.0902638], [-73.13136, 7.0902479], [-73.1314457, 7.0903247], [-73.1314601, 7.0904418], [-73.1313648, 7.0907162], [-73.1313024, 7.0909553], [-73.1313031, 7.0911496], [-73.1313642, 7.0913386], [-73.1314993, 7.0915011], [-73.1316365, 7.0915809], [-73.1318198, 7.0915962], [-73.1319827, 7.0915348], [-73.1320651, 7.0914654], [-73.1321505, 7.0913576], [-73.1322177, 7.0911805], [-73.1325046, 7.0905857], [-73.1326387, 7.0903728], [-73.1329046, 7.0900267], [-73.1332096, 7.0897226], [-73.1333888, 7.0893724], [-73.1335251, 7.0891061], [-73.1336409, 7.0889857], [-73.1339625, 7.088842], [-73.1340771, 7.0890825], [-73.1351048, 7.0891159], [-73.1357447, 7.0887492], [-73.1362039, 7.0887816], [-73.136597, 7.088678], [-73.1364474, 7.0884031], [-73.1363401, 7.0881689], [-73.1365547, 7.0879613], [-73.1367425, 7.0878548], [-73.1369088, 7.0877058], [-73.1369409, 7.0875461], [-73.1372628, 7.0874023], [-73.1374023, 7.0874662], [-73.137531, 7.087562], [-73.1376705, 7.087578], [-73.1379816, 7.0874343], [-73.1384483, 7.0873065], [-73.1387005, 7.0871681], [-73.1388829, 7.0871362], [-73.1392101, 7.0870776], [-73.1394354, 7.0869658], [-73.1395266, 7.086838], [-73.1394569, 7.0866358], [-73.139532, 7.0865186], [-73.1397734, 7.0864281], [-73.1400309, 7.0863376], [-73.1401167, 7.0866304], [-73.1402883, 7.0869978], [-73.1404546, 7.0875833], [-73.1406317, 7.087956], [-73.1411394, 7.0878395], [-73.1411842, 7.0878229], [-73.1409964, 7.0874609], [-73.1409643, 7.0870084], [-73.1410179, 7.086327], [-73.1412164, 7.0862791], [-73.1414256, 7.0861566], [-73.1415222, 7.0860874], [-73.1418655, 7.0859863], [-73.1421873, 7.0859011], [-73.1424127, 7.0858319], [-73.1425789, 7.0857627], [-73.142933, 7.0857201], [-73.14333, 7.0856509], [-73.143861, 7.0855072], [-73.1444136, 7.085273], [-73.1445584, 7.0848045], [-73.1451324, 7.0846767], [-73.1464682, 7.0843786], [-73.1467042, 7.0847566], [-73.1467954, 7.0849855], [-73.14701, 7.0850494], [-73.1483993, 7.0847406], [-73.1486139, 7.0846554], [-73.149204, 7.0842988], [-73.1493971, 7.0841763], [-73.1496224, 7.0841337], [-73.1500301, 7.0841391], [-73.1503144, 7.0841018], [-73.1505455, 7.0831287], [-73.1508888, 7.0827933], [-73.1509907, 7.0827134], [-73.1511678, 7.0825803], [-73.1512482, 7.082575], [-73.1514152, 7.0826404], [-73.151672, 7.0827826], [-73.1518383, 7.0828838], [-73.1520958, 7.0829636], [-73.1523399, 7.0829663], [-73.1525001, 7.0828544], [-73.1524253, 7.0825437], [-73.1523398, 7.0821583], [-73.1522727, 7.0819973], [-73.1521963, 7.0819119], [-73.152108, 7.0817984], [-73.1520552, 7.0817306], [-73.1520266, 7.0817019], [-73.1518609, 7.0814453], [-73.1517203, 7.0812185], [-73.1515821, 7.0808994], [-73.151514, 7.0807646], [-73.1514863, 7.0806788], [-73.1513983, 7.0804069], [-73.1513384, 7.0802525], [-73.151072, 7.0798583], [-73.1508508, 7.0794914], [-73.1506316, 7.0789783], [-73.1503309, 7.0786307], [-73.149993, 7.0783691], [-73.1495126, 7.0779972], [-73.1493863, 7.0778994], [-73.1493262, 7.0778529], [-73.1492506, 7.0778002], [-73.1489426, 7.0777221], [-73.1483042, 7.0775038], [-73.1477517, 7.0773015], [-73.1469631, 7.0772908], [-73.1463033, 7.0773121], [-73.145386, 7.0773121], [-73.1449354, 7.0771844], [-73.1443829, 7.0770034], [-73.1436372, 7.0769448], [-73.1431329, 7.0767212], [-73.142516, 7.0765455], [-73.1421674, 7.0766254], [-73.1415022, 7.0765455], [-73.1409443, 7.0763645], [-73.1404688, 7.0763645], [-73.1402201, 7.0763645], [-73.1397855, 7.0764284], [-73.1391303, 7.0762618], [-73.1388519, 7.0767661], [-73.1386798, 7.0771174], [-73.1384784, 7.0773977], [-73.1378522, 7.0776611], [-73.1374708, 7.077965], [-73.1373085, 7.0784692], [-73.1372282, 7.0787074], [-73.1370991, 7.0788662], [-73.1366527, 7.0789045], [-73.1360396, 7.0788724], [-73.1352843, 7.0787068], [-73.134646, 7.0786105], [-73.1335636, 7.0785714], [-73.1334657, 7.0787243], [-73.133421, 7.0789177], [-73.1334009, 7.0790049], [-73.1333567, 7.079304], [-73.1332474, 7.0794423], [-73.1328, 7.0797802], [-73.1317664, 7.0803302], [-73.1307716, 7.080951], [-73.1303998, 7.0811809], [-73.1299701, 7.0812188], [-73.1293664, 7.0811254], [-73.1290024, 7.0811368], [-73.1280462, 7.0812243], [-73.1273161, 7.0813077], [-73.1272023, 7.0812881], [-73.1269536, 7.0812487], [-73.126476, 7.0813264], [-73.1259561, 7.081269], [-73.12595, 7.0812686], [-73.1259362, 7.0812678], [-73.1255374, 7.0811965], [-73.1247031, 7.0814812], [-73.1239186, 7.081969], [-73.1232864, 7.082325], [-73.1232149, 7.0821091], [-73.1232172, 7.0818922], [-73.1234081, 7.0813879], [-73.1235399, 7.0809474], [-73.1235477, 7.0808511], [-73.1235301, 7.0803635], [-73.1238791, 7.0797109], [-73.1239987, 7.0795267], [-73.1243279, 7.0787021], [-73.1244105, 7.0783198], [-73.1244475, 7.0779064], [-73.1246119, 7.0776279], [-73.124731, 7.077372], [-73.1248659, 7.0771263], [-73.1249965, 7.0769975], [-73.1252428, 7.0767403], [-73.1253371, 7.0765592], [-73.1254086, 7.0763445], [-73.1259209, 7.0755938], [-73.1260029, 7.0753083], [-73.1261209, 7.0743391], [-73.1262436, 7.0739129], [-73.126279, 7.0735868], [-73.1263081, 7.0734104], [-73.1255364, 7.073106], [-73.1248876, 7.0725641], [-73.1244608, 7.0719276], [-73.1243746, 7.0715894], [-73.1243463, 7.0709823], [-73.1235119, 7.0705154], [-73.1233705, 7.0706003], [-73.1232251, 7.0706498], [-73.1230787, 7.0705812], [-73.1228001, 7.0707164], [-73.1226477, 7.0708519], [-73.1223298, 7.0709644], [-73.1222753, 7.0708898], [-73.1220539, 7.0710561], [-73.1220667, 7.071143], [-73.1217996, 7.0712956], [-73.1216016, 7.071332], [-73.1215324, 7.0712672], [-73.1213959, 7.0713236], [-73.1211252, 7.0715875], [-73.1208671, 7.0717526], [-73.1206548, 7.0719669], [-73.1204269, 7.0721045], [-73.120282, 7.0722268], [-73.1200584, 7.0723628], [-73.1198708, 7.0725733], [-73.1195831, 7.072749], [-73.1193383, 7.072851], [-73.1193178, 7.072867], [-73.1189169, 7.0731786], [-73.1186232, 7.0734302], [-73.1179869, 7.0736246], [-73.1175788, 7.0737604], [-73.1172345, 7.073977], [-73.1169271, 7.0739329], [-73.1163986, 7.0743165], [-73.1164312, 7.0745322], [-73.1160049, 7.074995], [-73.1158706, 7.0755315], [-73.1156815, 7.0759586], [-73.1153222, 7.0762119], [-73.1147473, 7.0762556], [-73.1143678, 7.0763127], [-73.114293, 7.0769967], [-73.1140418, 7.0776012], [-73.1136745, 7.0780504], [-73.1131656, 7.0783641], [-73.112708, 7.0784342], [-73.1125634, 7.0785313], [-73.1125349, 7.0786902], [-73.1125578, 7.0788945], [-73.1126499, 7.0792418], [-73.112493, 7.0793476], [-73.1123414, 7.0792618], [-73.1121026, 7.0791382], [-73.1118082, 7.0791976], [-73.1115718, 7.0793725], [-73.1114026, 7.0794581], [-73.1111583, 7.079519], [-73.1111813, 7.0797002], [-73.1115971, 7.0800388], [-73.111645, 7.0801091], [-73.1115504, 7.0803436], [-73.1113702, 7.0804512], [-73.1111663, 7.0805342], [-73.1110594, 7.0807165], [-73.1111275, 7.0808738], [-73.1113001, 7.0810976], [-73.1112117, 7.0812879], [-73.1112252, 7.0814144], [-73.1112022, 7.0815734], [-73.111047, 7.0817039], [-73.111038, 7.0817115], [-73.1108059, 7.0817564], [-73.1106336, 7.0818603], [-73.1104841, 7.0820296], [-73.1103439, 7.0821071], [-73.110218, 7.082255], [-73.1101097, 7.082444], [-73.1101159, 7.0825804], [-73.1101584, 7.0826954], [-73.1102139, 7.0829375], [-73.1102529, 7.0832565], [-73.1102982, 7.0833291], [-73.1102787, 7.0833782], [-73.1101624, 7.0835097], [-73.1099907, 7.0835838], [-73.1098352, 7.0837224], [-73.109733, 7.0839621], [-73.1097701, 7.0842818], [-73.1097242, 7.0845632], [-73.1096738, 7.0847336], [-73.1097308, 7.0848929], [-73.1095846, 7.0851054], [-73.1094525, 7.0852065], [-73.1094814, 7.0854094], [-73.1092498, 7.0855585], [-73.1091122, 7.0856862], [-73.1090753, 7.0858206], [-73.1091014, 7.086041], [-73.1089983, 7.0861377], [-73.108863, 7.0862185], [-73.1088177, 7.0864917], [-73.108646, 7.0867195], [-73.1083995, 7.0868612], [-73.1082552, 7.0869316], [-73.1081624, 7.087026], [-73.108035, 7.0871693], [-73.1080013, 7.0872431], [-73.1079843, 7.0872528], [-73.1076282, 7.0874574], [-73.1072853, 7.0877812], [-73.1069994, 7.0884889], [-73.1063736, 7.0896496], [-73.1064162, 7.0898427], [-73.1059198, 7.0900129], [-73.1057252, 7.0900797], [-73.1056368, 7.09], [-73.1049075, 7.0902444], [-73.1052229, 7.0908004], [-73.1054695, 7.0913102], [-73.1055431, 7.0915603], [-73.1056302, 7.0918849], [-73.1057055, 7.092922], [-73.1061092, 7.0938605], [-73.1064985, 7.0944722], [-73.1068043, 7.0950325], [-73.1070572, 7.095516], [-73.1064917, 7.095846], [-73.1065106, 7.096307], [-73.1060431, 7.0961444], [-73.1058971, 7.0960555], [-73.1054632, 7.0949515], [-73.1049564, 7.0937864], [-73.1044474, 7.0940626], [-73.102961, 7.0946596], [-73.1019704, 7.0950905], [-73.1019778, 7.0952271], [-73.1019987, 7.0954834], [-73.1019822, 7.0957989], [-73.1016287, 7.0952823], [-73.1015814, 7.0952014], [-73.1012749, 7.0953063], [-73.1013079, 7.0955013], [-73.1013394, 7.0956794], [-73.1013848, 7.0958512], [-73.1016044, 7.0966262], [-73.1012892, 7.0967918], [-73.1009759, 7.0968964], [-73.1005813, 7.0967388], [-73.100119, 7.096623], [-73.099889, 7.0967261], [-73.0995595, 7.0968691], [-73.0985667, 7.0974533], [-73.0984247, 7.0968394], [-73.0982712, 7.0968662], [-73.0981827, 7.0968755], [-73.0981663, 7.0970623], [-73.0980822, 7.0973017], [-73.0975512, 7.0972359], [-73.0966467, 7.0971945], [-73.0965129, 7.0973075], [-73.0963857, 7.0972814], [-73.0955691, 7.0976093], [-73.0950746, 7.0977473], [-73.0946801, 7.0978953], [-73.0943444, 7.0980008], [-73.0942384, 7.0979668], [-73.0941691, 7.0978265], [-73.0941244, 7.0977193], [-73.0940923, 7.0979935], [-73.0937267, 7.0979822], [-73.0936548, 7.0979799], [-73.0935687, 7.0979773], [-73.0936477, 7.0984319], [-73.0935742, 7.0985344], [-73.0935693, 7.0986861], [-73.0935698, 7.0988054], [-73.0934333, 7.0988148], [-73.0934409, 7.0990469], [-73.0935957, 7.0991079], [-73.0936254, 7.0992602], [-73.0936533, 7.0993732], [-73.0935821, 7.0993836], [-73.0935896, 7.0996844], [-73.0936083, 7.1000038], [-73.0940641, 7.0999468], [-73.0941008, 7.0999785], [-73.094158, 7.1000213], [-73.094204, 7.1000498], [-73.0936706, 7.1001621], [-73.0938352, 7.1004228], [-73.0937601, 7.1008806], [-73.0937708, 7.101381], [-73.0937171, 7.1017537], [-73.093803, 7.1024244], [-73.0939639, 7.1029993], [-73.0939961, 7.1034464], [-73.0939639, 7.1041172], [-73.0939371, 7.104559], [-73.093883, 7.1049729], [-73.0934543, 7.1049316], [-73.0931566, 7.1046868], [-73.0931271, 7.1043887], [-73.0927462, 7.1039575], [-73.0922848, 7.104016], [-73.0923009, 7.1043141], [-73.0926067, 7.1046176], [-73.0927998, 7.1049423], [-73.0930788, 7.105267], [-73.0933294, 7.1059645], [-73.0938379, 7.1061121], [-73.0940475, 7.1061729], [-73.0941436, 7.1062614], [-73.0942445, 7.1062789], [-73.0942182, 7.1064425], [-73.0938086, 7.1063629], [-73.0931923, 7.1063298], [-73.0931635, 7.1064978], [-73.0937342, 7.1065233], [-73.0937159, 7.1067124], [-73.0940008, 7.1067563], [-73.09406, 7.1068774], [-73.0942738, 7.1067983], [-73.094376, 7.1068485], [-73.0945344, 7.1068801], [-73.0950474, 7.1069469], [-73.0949699, 7.1071701], [-73.0949928, 7.1073205], [-73.0950278, 7.1078219], [-73.0950248, 7.1080352], [-73.0949407, 7.1083256], [-73.0950314, 7.1087572], [-73.0950887, 7.1089325], [-73.095716, 7.1088371], [-73.0960177, 7.1091237], [-73.0960428, 7.1102587], [-73.0963911, 7.1112048], [-73.0969408, 7.111159], [-73.0971414, 7.1110545], [-73.0973379, 7.1108612], [-73.0976365, 7.110769], [-73.0979932, 7.1109326], [-73.0981837, 7.1109782], [-73.098342, 7.1109485], [-73.0984962, 7.1108784], [-73.0985542, 7.1107654], [-73.0986691, 7.1107087], [-73.0989437, 7.1106157], [-73.0991572, 7.1104339], [-73.0991778, 7.1101908], [-73.0992715, 7.1101257], [-73.0993996, 7.1101194], [-73.0995237, 7.1101776], [-73.0996706, 7.1101514], [-73.0997245, 7.1100665], [-73.0995411, 7.1096845], [-73.0996521, 7.1094989], [-73.0997254, 7.1092601], [-73.1000309, 7.1089484], [-73.1007467, 7.1087201], [-73.1009296, 7.1088151], [-73.1012639, 7.1087019], [-73.1015188, 7.1083245], [-73.1034041, 7.1058275], [-73.1037406, 7.1056327], [-73.1039849, 7.1060454], [-73.1042217, 7.1064684], [-73.1041491, 7.1067043], [-73.103891, 7.1068683], [-73.103859, 7.1074993], [-73.1038954, 7.1075839], [-73.1044095, 7.1073686], [-73.1048324, 7.1082759], [-73.1048717, 7.1083065], [-73.1049131, 7.1083139], [-73.1049574, 7.1083125], [-73.1050789, 7.1082771], [-73.1051729, 7.1084945], [-73.105302, 7.1084819], [-73.1052819, 7.108742], [-73.1051626, 7.1087327], [-73.1048949, 7.1093956], [-73.1049039, 7.1086962], [-73.1048448, 7.108568], [-73.1047297, 7.1084506], [-73.1045755, 7.1084458], [-73.1044423, 7.1084852], [-73.1042013, 7.1085845], [-73.104033, 7.1087242], [-73.1039989, 7.1087992], [-73.1040065, 7.1088762], [-73.1040939, 7.108973], [-73.1042441, 7.1090026], [-73.1042923, 7.109077], [-73.1042898, 7.1091217], [-73.1042569, 7.1091589], [-73.1041937, 7.1091757], [-73.1040293, 7.1091716], [-73.1038775, 7.109159], [-73.10376, 7.1092769], [-73.1037764, 7.1094916], [-73.1038204, 7.1095783], [-73.1038036, 7.1096801], [-73.103713, 7.1098082], [-73.1028598, 7.110415], [-73.1024885, 7.1110153], [-73.1023935, 7.1110304], [-73.1023023, 7.1113585], [-73.1026292, 7.1127877], [-73.1025551, 7.1134288], [-73.1027261, 7.1134458], [-73.1026592, 7.1138732], [-73.1024098, 7.1142407], [-73.1023421, 7.1143789], [-73.1023353, 7.1146957], [-73.1023754, 7.1149911], [-73.1029362, 7.1155205], [-73.1028663, 7.1156061], [-73.1026329, 7.1154548], [-73.1025347, 7.1154703], [-73.1022017, 7.1152804], [-73.1017069, 7.1145547], [-73.1013076, 7.1148239], [-73.1012196, 7.1146987], [-73.1008034, 7.1149707], [-73.100663, 7.1147643], [-73.1001667, 7.1151047], [-73.1004389, 7.1155265], [-73.1000595, 7.1157838], [-73.1002663, 7.1160841], [-73.1001895, 7.1161826], [-73.1001868, 7.1162853], [-73.100208, 7.1163784], [-73.0999701, 7.1165697], [-73.0999413, 7.1166095], [-73.0999307, 7.1166564], [-73.0999423, 7.1167252], [-73.1012039, 7.1185553], [-73.1015949, 7.1183059], [-73.1017606, 7.1183043], [-73.1018471, 7.1182893], [-73.1022133, 7.1181696], [-73.1023246, 7.1181631], [-73.1024342, 7.1181902], [-73.102497, 7.1182208], [-73.1024256, 7.1183858], [-73.102699, 7.1185284], [-73.1027553, 7.1188264], [-73.1031583, 7.1196642], [-73.1034837, 7.119126], [-73.1036557, 7.119091], [-73.1035118, 7.1188842], [-73.1031556, 7.1186814], [-73.1030267, 7.1180804], [-73.1030786, 7.1178306], [-73.1028889, 7.1177652], [-73.1027823, 7.1178164], [-73.1025599, 7.117703], [-73.1025414, 7.11697], [-73.1028906, 7.1169701], [-73.1029142, 7.1166044], [-73.1028036, 7.1162822], [-73.102809, 7.1158411], [-73.1028869, 7.1158636], [-73.1029703, 7.115859], [-73.1030198, 7.11582], [-73.1030567, 7.1157738], [-73.1030852, 7.1157189], [-73.1030961, 7.1156621], [-73.1030932, 7.1155914], [-73.103055, 7.1155187], [-73.1025461, 7.1150493], [-73.1026727, 7.1148511], [-73.1027634, 7.1149235], [-73.1028393, 7.1148134], [-73.1030828, 7.1149631], [-73.1035553, 7.1142482], [-73.1036677, 7.1139367], [-73.1037503, 7.1135301], [-73.10383, 7.1125118], [-73.1038221, 7.1124319], [-73.1038019, 7.1122435], [-73.1036667, 7.1121522], [-73.1035401, 7.1117811], [-73.1034941, 7.1115698], [-73.103474, 7.1109418], [-73.1035085, 7.1106278], [-73.1037444, 7.1099141], [-73.103917, 7.1097313], [-73.1039614, 7.1096231], [-73.1039557, 7.1095149], [-73.1038986, 7.1093807], [-73.1038994, 7.109326], [-73.1039402, 7.1092812], [-73.1041421, 7.1092762], [-73.1043004, 7.1092513], [-73.1044021, 7.109199], [-73.1044537, 7.109107], [-73.1044429, 7.1090311], [-73.1044082, 7.1089551], [-73.1043563, 7.1088845], [-73.1042906, 7.1088683], [-73.1042141, 7.1088858], [-73.104158, 7.108866], [-73.1041319, 7.1088307], [-73.1041332, 7.1087818], [-73.1042388, 7.1086831], [-73.1044702, 7.1085801], [-73.1046323, 7.1085481], [-73.1047311, 7.1086381], [-73.1047835, 7.1088181], [-73.1046124, 7.1118871], [-73.1050266, 7.1120252], [-73.1050033, 7.1123626], [-73.104753, 7.1123532], [-73.1047559, 7.1123038], [-73.1047351, 7.112303], [-73.1043591, 7.1122859], [-73.1042878, 7.1134015], [-73.104544, 7.1139481], [-73.1043119, 7.1146523], [-73.1044259, 7.1146714], [-73.1048075, 7.114735], [-73.1048589, 7.1145525], [-73.1049492, 7.1143981], [-73.1050253, 7.1143055], [-73.1051722, 7.1142002], [-73.1053456, 7.1141264], [-73.1055655, 7.114073], [-73.1055607, 7.1142373], [-73.105408, 7.1143432], [-73.105348, 7.1144008], [-73.1053076, 7.1144728], [-73.1052798, 7.1148039], [-73.1051754, 7.1147972], [-73.1050495, 7.1147857], [-73.1050032, 7.1152828], [-73.1051292, 7.1152944], [-73.1050765, 7.1153939], [-73.1049994, 7.1154813], [-73.104894, 7.1155552], [-73.1044493, 7.1157872], [-73.1043453, 7.1158582], [-73.1043106, 7.1159139], [-73.1042902, 7.1159696], [-73.1043386, 7.1166373], [-73.1041354, 7.1165784], [-73.1040212, 7.1170317], [-73.1044808, 7.1179404], [-73.1043271, 7.1184847], [-73.1044656, 7.1185447], [-73.1046444, 7.1187936], [-73.1047576, 7.1189621], [-73.1048466, 7.1190499], [-73.1047878, 7.1192635], [-73.1047911, 7.1193105], [-73.104817, 7.1193905], [-73.1048695, 7.1194319], [-73.1049556, 7.1194487], [-73.104909, 7.1196199], [-73.1049129, 7.119712], [-73.1049814, 7.119817], [-73.1050499, 7.1198866], [-73.1050694, 7.1199707], [-73.1050553, 7.1200631], [-73.1049049, 7.1199883], [-73.1044378, 7.1207667], [-73.1045209, 7.1213203], [-73.1046975, 7.1212854], [-73.1047873, 7.1212676], [-73.1049846, 7.1212285], [-73.1052235, 7.1213943], [-73.1052974, 7.1218236], [-73.1052764, 7.1220177], [-73.1054082, 7.1226434], [-73.1050808, 7.1227219], [-73.1051343, 7.1229171], [-73.10541, 7.1228538], [-73.1060022, 7.1243308], [-73.106392, 7.1242182], [-73.1061328, 7.1250074], [-73.1057313, 7.1250307], [-73.1055439, 7.1254242], [-73.1051634, 7.1252478], [-73.1048706, 7.126238], [-73.1047806, 7.1264422], [-73.1049768, 7.1270572], [-73.1054529, 7.1272365], [-73.1056714, 7.127079], [-73.105769, 7.1273269], [-73.1059609, 7.1273201], [-73.1060241, 7.1273179], [-73.1060081, 7.1276184], [-73.1060787, 7.1279906], [-73.106049, 7.1286132], [-73.1056703, 7.1285787], [-73.105652, 7.1285315], [-73.1053793, 7.1285932], [-73.1048667, 7.1287099], [-73.1049934, 7.1293233], [-73.1051136, 7.1299048], [-73.1050677, 7.1301384], [-73.1048819, 7.1300418], [-73.1047757, 7.1302051], [-73.1047368, 7.1306406], [-73.1048571, 7.1306371], [-73.1048067, 7.130711], [-73.1047675, 7.1308054], [-73.1047651, 7.1308917], [-73.1048023, 7.1309935], [-73.104546, 7.1308458], [-73.1044537, 7.1309145], [-73.1047651, 7.131278], [-73.1047917, 7.1313676], [-73.1047864, 7.1314466], [-73.104712, 7.1315677], [-73.1046554, 7.1316134], [-73.1045917, 7.1317029], [-73.1045457, 7.1317978], [-73.1045209, 7.1318838], [-73.1045245, 7.1320137], [-73.1044236, 7.1320647], [-73.1044276, 7.1321361], [-73.1042849, 7.1321783], [-73.1042062, 7.1322266], [-73.1041357, 7.1322829], [-73.1040998, 7.1322464], [-73.1041186, 7.1322221], [-73.1041655, 7.1321616], [-73.1042576, 7.1320802], [-73.1041818, 7.1318078], [-73.1041055, 7.1315336], [-73.1040654, 7.131421], [-73.1039942, 7.1312214], [-73.1040012, 7.1310122], [-73.1040112, 7.1307135], [-73.1041011, 7.130674], [-73.1041106, 7.1303528], [-73.1042326, 7.1300318], [-73.1045018, 7.1301045], [-73.1047181, 7.1299553], [-73.1048225, 7.1298083], [-73.104805, 7.1297137], [-73.1047469, 7.1296272], [-73.1046313, 7.1293863], [-73.1045198, 7.1294002], [-73.1045204, 7.1296273], [-73.1043282, 7.1296578], [-73.1041564, 7.1297003], [-73.1036343, 7.1298454], [-73.1032046, 7.1300516], [-73.1028927, 7.1303609], [-73.1026621, 7.13073], [-73.1023087, 7.1308092], [-73.1020278, 7.1309369], [-73.1018363, 7.1306577], [-73.1017774, 7.1306974], [-73.1017426, 7.1307208], [-73.1016899, 7.1307563], [-73.1017771, 7.1308864], [-73.1021821, 7.1314534], [-73.1015552, 7.1312821], [-73.1013268, 7.1311753], [-73.1006854, 7.1308208], [-73.1002791, 7.130693], [-73.1001977, 7.1306652], [-73.1000356, 7.130534], [-73.0998532, 7.1304552], [-73.0996921, 7.1304202], [-73.0995433, 7.1304036], [-73.0992872, 7.1303107], [-73.0988703, 7.1304787], [-73.0985807, 7.1305695], [-73.0982632, 7.1305377], [-73.098269, 7.1305834], [-73.0982878, 7.130732], [-73.0983099, 7.1307303], [-73.0983778, 7.1307251], [-73.098451, 7.1307195], [-73.0986092, 7.1307073], [-73.0986998, 7.1307004], [-73.0988411, 7.1306895], [-73.098891, 7.1308651], [-73.098891, 7.1309714], [-73.098891, 7.1310378], [-73.098891, 7.1311064], [-73.098891, 7.1311361], [-73.098891, 7.1313176], [-73.0990876, 7.1312975], [-73.0990853, 7.1313735], [-73.0992198, 7.1314601], [-73.0991519, 7.1315455], [-73.0990919, 7.1314604], [-73.0989568, 7.1315249], [-73.0989193, 7.1315764], [-73.0988214, 7.1317107], [-73.0987782, 7.1317699], [-73.0988439, 7.1319744], [-73.0984431, 7.1326044], [-73.098594, 7.1328516], [-73.0988778, 7.1328772], [-73.0989828, 7.1326443], [-73.0991347, 7.1326002], [-73.0993069, 7.1327586], [-73.0991841, 7.1328808], [-73.0988988, 7.1329607], [-73.0986698, 7.1329926], [-73.0984407, 7.1328929], [-73.0982941, 7.1328159], [-73.0981235, 7.1330844], [-73.0978476, 7.1330591], [-73.0978667, 7.1332509], [-73.0982954, 7.1332679], [-73.0988463, 7.1334466], [-73.0993962, 7.1332296], [-73.1002207, 7.1334203], [-73.1008527, 7.1336323], [-73.1012781, 7.1341154], [-73.1011785, 7.1341977], [-73.1013023, 7.1348863], [-73.1019201, 7.1353756], [-73.1020413, 7.1354716], [-73.1021223, 7.1353892], [-73.1022515, 7.1353174], [-73.1024434, 7.1352582], [-73.1026514, 7.1351511], [-73.103062, 7.1348837], [-73.1032758, 7.1347244], [-73.103541, 7.1346235], [-73.1038545, 7.1345545], [-73.1039061, 7.1344694], [-73.1040055, 7.134171], [-73.1049289, 7.1339859], [-73.1051833, 7.1339037], [-73.1053759, 7.13392], [-73.1056363, 7.1340356], [-73.105617, 7.1340942], [-73.1056256, 7.1341479], [-73.1056854, 7.134215], [-73.1059732, 7.1344012], [-73.1060521, 7.1345504], [-73.1063046, 7.1347603], [-73.1063034, 7.1348978], [-73.1058478, 7.1356029], [-73.1049948, 7.1363387], [-73.1048648, 7.1363809], [-73.1047306, 7.1363976], [-73.1044535, 7.1363845], [-73.1041929, 7.1364191], [-73.1039685, 7.1364962], [-73.1038137, 7.1365553], [-73.1036804, 7.1366526], [-73.1034815, 7.1373192], [-73.1039586, 7.1374965], [-73.1039693, 7.138034], [-73.1040564, 7.1380374], [-73.1043086, 7.1379883], [-73.1042392, 7.1375446], [-73.1048133, 7.1377666], [-73.1054551, 7.1374245], [-73.1057448, 7.137718], [-73.1058766, 7.1375986], [-73.1065106, 7.1372358], [-73.1065699, 7.1373219], [-73.106701, 7.1375393], [-73.107016, 7.1377783], [-73.1070947, 7.1378344], [-73.1071609, 7.1379673], [-73.1076556, 7.1384582], [-73.1080449, 7.1383308], [-73.1082655, 7.1381588], [-73.1084142, 7.138043], [-73.1077273, 7.1376298], [-73.1077275, 7.1374215], [-73.1075552, 7.1374275], [-73.1077289, 7.1371286], [-73.1077474, 7.1369302], [-73.1075064, 7.1364803], [-73.1077104, 7.1360969], [-73.1077405, 7.1358721], [-73.1075918, 7.1358273], [-73.1075628, 7.1357696], [-73.1075585, 7.1357209], [-73.1075807, 7.1356698], [-73.1076304, 7.1356284], [-73.1076715, 7.1356228], [-73.1077255, 7.1356365], [-73.1078854, 7.135728], [-73.1080433, 7.1358726], [-73.108301, 7.1360802], [-73.1084722, 7.1363765], [-73.1086063, 7.1363686], [-73.1086076, 7.1366804], [-73.1086234, 7.1376925], [-73.1110418, 7.1386078], [-73.1114023, 7.1387056], [-73.1115486, 7.1386781], [-73.1116164, 7.1387897], [-73.1124113, 7.138776], [-73.113219, 7.1391359], [-73.1131875, 7.1391995], [-73.1130962, 7.1393891], [-73.1139908, 7.1397968], [-73.1139485, 7.1398958], [-73.114984, 7.1403914], [-73.1152844, 7.1405351], [-73.1155584, 7.1407818], [-73.1156142, 7.1408187], [-73.1157715, 7.1408506], [-73.1159558, 7.1408405], [-73.1164031, 7.1408585], [-73.1163979, 7.1409814], [-73.116554, 7.1410046], [-73.117226, 7.1417677], [-73.1175903, 7.1424428], [-73.1186224, 7.1423117], [-73.1193668, 7.1422178], [-73.1194782, 7.1422037], [-73.119618, 7.1421668], [-73.1200233, 7.1420596], [-73.1200799, 7.1420894], [-73.1204731, 7.1422999], [-73.121005, 7.1429364], [-73.1209239, 7.1431107], [-73.1209009, 7.14316], [-73.1213475, 7.1433415], [-73.1215615, 7.1433939], [-73.121811, 7.1433905], [-73.121962, 7.1432698], [-73.1221121, 7.1431881], [-73.1222162, 7.143086], [-73.1220237, 7.1429119], [-73.1222188, 7.1427117], [-73.1223254, 7.1427686], [-73.1225576, 7.1425383], [-73.1230127, 7.1422573], [-73.1234655, 7.1429004], [-73.1229407, 7.1431257], [-73.122769, 7.1433013], [-73.1227154, 7.1436313], [-73.1227154, 7.1440518], [-73.1226188, 7.1443659], [-73.1223077, 7.1450259], [-73.1226832, 7.1454943], [-73.1224579, 7.1459947], [-73.1223077, 7.1463034], [-73.1221146, 7.1466068], [-73.1214923, 7.1468569], [-73.121723, 7.1474691], [-73.1219912, 7.1479321], [-73.1222487, 7.1485549], [-73.122356, 7.1488796], [-73.1224257, 7.1493959], [-73.1225652, 7.1500985], [-73.1227261, 7.1507106], [-73.1230104, 7.1508596], [-73.1235093, 7.1507638], [-73.1237185, 7.1508809], [-73.1237561, 7.1511737], [-73.1238956, 7.1516474], [-73.1240887, 7.1518124], [-73.1245017, 7.1519135], [-73.1247646, 7.152004], [-73.1249089, 7.152287], [-73.1246568, 7.1523159], [-73.1239756, 7.1525607], [-73.1235528, 7.1527443], [-73.1226135, 7.1532176], [-73.1226403, 7.1538723], [-73.1234181, 7.1541969], [-73.1237293, 7.1544471], [-73.1241048, 7.1546494], [-73.1245232, 7.1548144], [-73.1250972, 7.1547984], [-73.1257409, 7.1548144], [-73.126213, 7.1548463], [-73.126508, 7.1548569], [-73.1272859, 7.1548729], [-73.1277794, 7.155006], [-73.1285219, 7.1551102], [-73.128581, 7.155237], [-73.1287312, 7.1554499], [-73.1288224, 7.155567], [-73.1288706, 7.156094], [-73.1288009, 7.1563548], [-73.1288009, 7.157068], [-73.128876, 7.1574406], [-73.1290959, 7.1576961], [-73.1289994, 7.1581698], [-73.1289511, 7.1584146], [-73.128994, 7.1586807], [-73.1291496, 7.1589469], [-73.1292783, 7.1591119], [-73.1294875, 7.159197], [-73.1301474, 7.1592503], [-73.1308394, 7.1593887], [-73.1314402, 7.1616507], [-73.1325131, 7.1621724], [-73.1341975, 7.1620925], [-73.1350665, 7.1612675], [-73.1350344, 7.1618903], [-73.134852, 7.1624225], [-73.1343155, 7.1636254], [-73.1341761, 7.164328], [-73.1339507, 7.1647751], [-73.1338542, 7.1652115], [-73.1337898, 7.1658928], [-73.1338113, 7.1662122], [-73.133704, 7.1664783], [-73.1336342, 7.1667231], [-73.133763, 7.1668615], [-73.1338971, 7.1670691], [-73.1339883, 7.167298], [-73.1340366, 7.1674736], [-73.1340419, 7.1676386], [-73.1339856, 7.167934], [-73.1339051, 7.1681948], [-73.1336021, 7.1689133], [-73.1333177, 7.1696452], [-73.1331702, 7.1700177], [-73.1332699, 7.1702385], [-73.1332871, 7.1704099], [-73.1333816, 7.1706936], [-73.1334256, 7.1707922], [-73.1334625, 7.1708749], [-73.1335287, 7.1710009], [-73.1335972, 7.1711282], [-73.1336815, 7.1712488], [-73.1338068, 7.1714108], [-73.1338567, 7.1715418], [-73.1338333, 7.1717076], [-73.1337026, 7.1720746], [-73.1334954, 7.1725176], [-73.1334065, 7.172692], [-73.1333419, 7.1729557], [-73.1332212, 7.1732698], [-73.1332024, 7.1734241], [-73.1331139, 7.1738047], [-73.1332721, 7.1744407], [-73.1334908, 7.1752537], [-73.1336128, 7.1755863], [-73.1325265, 7.1764313], [-73.1324353, 7.1769263], [-73.1325211, 7.1772722], [-73.1324192, 7.1774745], [-73.1321403, 7.1776128], [-73.1317218, 7.1776128], [-73.131585, 7.1776265], [-73.131504, 7.1782439], [-73.1313946, 7.1783793], [-73.1311908, 7.1787093], [-73.1310298, 7.1790499], [-73.1311157, 7.1793586], [-73.1313249, 7.1795928], [-73.1315073, 7.1798855], [-73.1318984, 7.1801474], [-73.1321298, 7.1801229], [-73.1323213, 7.1800702], [-73.1327404, 7.1799946], [-73.1328642, 7.179677], [-73.1333095, 7.179488], [-73.1334201, 7.1795073], [-73.1335063, 7.1795281], [-73.1337306, 7.179586], [-73.1339261, 7.1795504], [-73.1340116, 7.179452], [-73.1340014, 7.1793336], [-73.1340441, 7.1791652], [-73.1341054, 7.1789872], [-73.1341546, 7.1788819], [-73.1342363, 7.1787734], [-73.1343259, 7.1787293], [-73.1344766, 7.1786169], [-73.1347742, 7.1785656], [-73.1351229, 7.1787146], [-73.1352731, 7.1789754], [-73.1354501, 7.1791138], [-73.1356486, 7.1789807], [-73.1357505, 7.1787146], [-73.1357183, 7.1785496], [-73.1354072, 7.1781291], [-73.1353106, 7.1779588], [-73.1353087, 7.1777126], [-73.1358012, 7.1776237], [-73.1359717, 7.177657], [-73.1360629, 7.1776324], [-73.1363148, 7.1775449], [-73.1366195, 7.1776607], [-73.1368288, 7.1778257], [-73.1371345, 7.1779748], [-73.1373867, 7.1779854], [-73.1377514, 7.1780972], [-73.1380733, 7.1780652], [-73.1384381, 7.1780333], [-73.1386848, 7.1781131], [-73.1388565, 7.178028], [-73.1390496, 7.1777353], [-73.1392964, 7.1775809], [-73.1397148, 7.1775916], [-73.1398918, 7.1775862], [-73.1401708, 7.1774798], [-73.140203, 7.1772083], [-73.1401225, 7.1770008], [-73.1399026, 7.1769954], [-73.139511, 7.1770753], [-73.1391301, 7.1771551], [-73.1388458, 7.1773574], [-73.1386205, 7.1774266], [-73.1382611, 7.1774745], [-73.137907, 7.177682], [-73.137612, 7.1776395], [-73.1373276, 7.1775064], [-73.1372096, 7.1774266], [-73.1368448, 7.1771871], [-73.1365552, 7.1771711], [-73.1364264, 7.176873], [-73.1360992, 7.1767453], [-73.1357773, 7.176873], [-73.1354555, 7.1768943], [-73.1352409, 7.1769582], [-73.1347474, 7.1768038], [-73.1345757, 7.1760906], [-73.1344684, 7.1754253], [-73.1340071, 7.1750927], [-73.1337496, 7.1745711], [-73.1336047, 7.1737514], [-73.1337389, 7.1735811], [-73.1340071, 7.1735811], [-73.1342592, 7.1737035], [-73.1343987, 7.1735705], [-73.1345113, 7.173315], [-73.1345757, 7.173134], [-73.1347205, 7.1729957], [-73.1351068, 7.1726603], [-73.135375, 7.1724421], [-73.1356379, 7.1723729], [-73.1358685, 7.1722771], [-73.1358095, 7.17216], [-73.1354823, 7.172176], [-73.1354769, 7.1720642], [-73.1351926, 7.1719205], [-73.1345596, 7.1719365], [-73.1341251, 7.1720376], [-73.1342002, 7.1717928], [-73.1345006, 7.1715107], [-73.1345006, 7.1713457], [-73.1343719, 7.1710104], [-73.1340983, 7.1708081], [-73.1338944, 7.1706006], [-73.1338944, 7.1701109], [-73.1340554, 7.1695786], [-73.1341251, 7.1690251], [-73.1343987, 7.1685514], [-73.1346723, 7.1683864], [-73.1348707, 7.1680351], [-73.1350585, 7.1677317], [-73.1353482, 7.1674124], [-73.1356003, 7.1671569], [-73.1361314, 7.1673485], [-73.1369629, 7.167588], [-73.1376012, 7.1675774], [-73.1380357, 7.1677477], [-73.1386527, 7.1677477], [-73.1391247, 7.1672208], [-73.1395914, 7.1668801], [-73.139865, 7.1667737], [-73.140557, 7.1669121], [-73.1410774, 7.16696], [-73.1420001, 7.1670877], [-73.1427511, 7.1670185], [-73.1432231, 7.1666726], [-73.143802, 7.1659583], [-73.1437001, 7.1658315], [-73.143694, 7.1657767], [-73.1436958, 7.1657342], [-73.1436996, 7.1656715], [-73.1436929, 7.1656129], [-73.1436917, 7.1655153], [-73.1436995, 7.1652575], [-73.1437148, 7.1650253], [-73.1437596, 7.1647761], [-73.1437697, 7.1645145], [-73.1438107, 7.1642246], [-73.1438693, 7.1638565], [-73.1440097, 7.1630269], [-73.1440781, 7.1625846], [-73.1441704, 7.1621139], [-73.1442011, 7.1619251], [-73.144215, 7.1617948], [-73.1442268, 7.1616078], [-73.1442316, 7.1614378], [-73.1442306, 7.1612705], [-73.1442189, 7.1610353], [-73.1441956, 7.1608126], [-73.1441579, 7.1605815], [-73.144105, 7.160337], [-73.1440452, 7.1601072], [-73.143984, 7.1599032], [-73.1439404, 7.1598021], [-73.1438275, 7.159577], [-73.1437887, 7.1594818], [-73.1437681, 7.1594016], [-73.1437641, 7.1593652], [-73.1437643, 7.159331], [-73.1437718, 7.1592852], [-73.1437888, 7.1592406], [-73.1438157, 7.1591957], [-73.1438532, 7.1591497], [-73.1438914, 7.1591113], [-73.1439389, 7.1590695], [-73.144116, 7.1589304], [-73.1441817, 7.1588751], [-73.1442404, 7.1588179], [-73.1442851, 7.1587632], [-73.1443411, 7.1586703], [-73.1443952, 7.158561], [-73.1443643, 7.1584968], [-73.1444417, 7.1574087], [-73.1444891, 7.1557349], [-73.1445376, 7.1556072], [-73.1445962, 7.1554528], [-73.1446958, 7.1551905], [-73.1447947, 7.15493], [-73.1452393, 7.1545416], [-73.1457772, 7.1540716], [-73.1462805, 7.1538249], [-73.1469764, 7.1534549], [-73.1473214, 7.1533067], [-73.1476758, 7.1531053], [-73.1476967, 7.1530934], [-73.1481305, 7.1527158], [-73.1488343, 7.1520519], [-73.1498428, 7.151147], [-73.1504564, 7.1501746], [-73.150705, 7.1497222], [-73.1512657, 7.1483533], [-73.151534, 7.147986], [-73.1517039, 7.1478062], [-73.1521522, 7.1474137], [-73.1542297, 7.1461788], [-73.1545651, 7.1458501], [-73.1547205, 7.1456628], [-73.1555684, 7.1448391], [-73.155653, 7.1447151], [-73.1557254, 7.1445996], [-73.1557854, 7.1444921], [-73.1558273, 7.1444059], [-73.1558616, 7.1443236], [-73.1558937, 7.1442326], [-73.1559229, 7.1441335], [-73.1559699, 7.1439319], [-73.1560432, 7.1435373], [-73.1560769, 7.1433771], [-73.1561201, 7.143214], [-73.1561693, 7.1430721], [-73.1562218, 7.142955], [-73.1562847, 7.1428469], [-73.1563557, 7.142744], [-73.1565298, 7.1425103], [-73.1566052, 7.142396], [-73.1566614, 7.1422895], [-73.1566822, 7.1422389], [-73.1566993, 7.1421871], [-73.1567202, 7.1421061], [-73.1567359, 7.1420201], [-73.1567465, 7.1419286], [-73.1567521, 7.1418309], [-73.1567529, 7.1417278], [-73.1567488, 7.1416157], [-73.1567254, 7.1413461], [-73.1566852, 7.1409906], [-73.1566591, 7.1408096], [-73.1566156, 7.1405789], [-73.1565592, 7.1403371], [-73.1564814, 7.1400541], [-73.1563853, 7.1397481], [-73.1562832, 7.1394558], [-73.1561766, 7.1391824], [-73.1560705, 7.1389379], [-73.1559593, 7.1387078], [-73.1558426, 7.1384914], [-73.1557204, 7.1382884], [-73.1556186, 7.1381356], [-73.1555329, 7.1380194], [-73.1554559, 7.1379298], [-73.1552707, 7.1377287], [-73.155189, 7.1376299], [-73.1551342, 7.137552], [-73.1550379, 7.137394], [-73.1549963, 7.1373123], [-73.1549745, 7.1372438], [-73.1549703, 7.1372122], [-73.15497, 7.1371795], [-73.1549737, 7.1371457], [-73.1549814, 7.1371105], [-73.1549949, 7.1370692], [-73.1550135, 7.1370259], [-73.1550671, 7.136931], [-73.1551274, 7.1368437], [-73.1553022, 7.1366103], [-73.1553704, 7.1365263], [-73.1554454, 7.1364439], [-73.1555267, 7.1363633], [-73.1556139, 7.136285], [-73.1557233, 7.1361965], [-73.1558391, 7.1361128], [-73.1559651, 7.1360316], [-73.1560751, 7.1359696], [-73.1561449, 7.1359394], [-73.1562263, 7.1359112], [-73.1565078, 7.1358342], [-73.1566096, 7.1358021], [-73.1567052, 7.1357625], [-73.1567842, 7.1357173], [-73.1568394, 7.1356758], [-73.1568949, 7.1356271], [-73.156949, 7.1355726], [-73.1570021, 7.1355121], [-73.157054, 7.1354458], [-73.1571049, 7.1353733], [-73.1571548, 7.1352948], [-73.1572039, 7.1352101], [-73.157256, 7.1351112], [-73.1573075, 7.1350045], [-73.1573653, 7.1348732], [-73.1573987, 7.1347881], [-73.1574218, 7.1347126], [-73.1574401, 7.1346335], [-73.1574538, 7.1345504], [-73.1574628, 7.1344627], [-73.1574669, 7.1343806], [-73.1574675, 7.1342938], [-73.1574581, 7.1341011], [-73.1574393, 7.1339144], [-73.1573835, 7.1334634], [-73.1573649, 7.1332368], [-73.1573615, 7.1331276], [-73.1573629, 7.1330259], [-73.1573692, 7.1329301], [-73.1573803, 7.1328395], [-73.1574118, 7.1326554], [-73.1574494, 7.13247], [-73.1574929, 7.1322839], [-73.1575423, 7.1320974], [-73.1575975, 7.1319111], [-73.1576583, 7.1317255], [-73.1577244, 7.1315409], [-73.1577959, 7.131358], [-73.1578744, 7.1311728], [-73.157958, 7.1309903], [-73.1580464, 7.1308111], [-73.1581394, 7.1306357], [-73.1582347, 7.1304681], [-73.1583238, 7.1303223], [-73.1584245, 7.1301693], [-73.1585368, 7.1300096], [-73.1586463, 7.1298619], [-73.1587697, 7.1297021], [-73.1590677, 7.1293339], [-73.1591439, 7.1292492], [-73.1592316, 7.1291579], [-73.1595778, 7.1288194], [-73.1597188, 7.1286739], [-73.1597915, 7.1285924], [-73.1598561, 7.128514], [-73.1599139, 7.1284373], [-73.1599654, 7.1283615], [-73.1600447, 7.1282306], [-73.1601195, 7.128095], [-73.1601889, 7.1279563], [-73.1602531, 7.1278143], [-73.160312, 7.1276691], [-73.1603657, 7.1275205], [-73.1604141, 7.1273686], [-73.1604574, 7.1272133], [-73.1606514, 7.1264007], [-73.1607128, 7.1259732], [-73.1607772, 7.1255445], [-73.1608498, 7.1251181], [-73.1609409, 7.124698], [-73.1610776, 7.1242892], [-73.1612076, 7.1238787], [-73.1612963, 7.1234582], [-73.161369, 7.1230337], [-73.1614375, 7.1226084], [-73.1615064, 7.1221836], [-73.1615713, 7.1217582], [-73.161699, 7.1209161], [-73.1617687, 7.1204915], [-73.1618448, 7.1200679], [-73.1619238, 7.1196449], [-73.1620043, 7.1192222], [-73.1620853, 7.1187995], [-73.1621655, 7.1183766], [-73.1628385, 7.117851], [-73.1631716, 7.1175784], [-73.163476, 7.1172828], [-73.1636555, 7.1168873], [-73.1639532, 7.1163369], [-73.1641521, 7.1159545], [-73.1643151, 7.1155584], [-73.1644457, 7.1151499], [-73.1645601, 7.1147352], [-73.1646653, 7.1143169], [-73.1647686, 7.1138979], [-73.1648769, 7.1134809], [-73.165086, 7.1127138], [-73.1651823, 7.1122943], [-73.1652719, 7.1118732], [-73.1653356, 7.1114486], [-73.1653865, 7.1108415], [-73.1654276, 7.1105076], [-73.1656092, 7.1101718], [-73.1657097, 7.1098038], [-73.1657957, 7.1093048], [-73.1657637, 7.1088516], [-73.1657743, 7.1085963], [-73.1657564, 7.1081565], [-73.1656159, 7.107371], [-73.1656194, 7.1070262], [-73.1657296, 7.1065205], [-73.1658828, 7.1061273], [-73.1660323, 7.105854], [-73.1662666, 7.1055518], [-73.16657, 7.1052771], [-73.1668745, 7.1050928], [-73.1672554, 7.1050023], [-73.1678883, 7.1048885], [-73.168508, 7.1047575], [-73.1688808, 7.1046403], [-73.1694012, 7.1044247], [-73.1699351, 7.1041505], [-73.1703245, 7.1039301], [-73.170678, 7.1037193], [-73.1709596, 7.1035414], [-73.1712467, 7.10336], [-73.1716007, 7.1030592], [-73.1717505, 7.1028796], [-73.1720433, 7.1023911], [-73.1721357, 7.101879], [-73.17216, 7.1008507]]]}}, {"type": "Feature", "properties": {"nombre": "Floridablanca", "zona": "bucaramanga", "centro": [7.0625677, -73.0859086]}, "geometry": {"type": "Polygon", "coordinates": [[[-73.1351658, 7.0518535], [-73.1349058, 7.0517118], [-73.1345844, 7.0515587], [-73.1344818, 7.0514083], [-73.1342949, 7.0510624], [-73.1341353, 7.0508563], [-73.1340553, 7.0505103], [-73.1339076, 7.0502347], [-73.1337286, 7.049494], [-73.1335515, 7.0485871], [-73.133266, 7.0480865], [-73.1331265, 7.0476739], [-73.1333025, 7.0471905], [-73.1331457, 7.0468046], [-73.1325663, 7.0467055], [-73.1322571, 7.0466614], [-73.131988, 7.0464854], [-73.1313302, 7.0463449], [-73.1308736, 7.0462173], [-73.1305587, 7.0460708], [-73.1296137, 7.0453471], [-73.1291652, 7.0444196], [-73.1286685, 7.0433559], [-73.1281357, 7.04224], [-73.1274354, 7.0404991], [-73.1276408, 7.0400971], [-73.127926, 7.0398627], [-73.1279967, 7.0395219], [-73.1277416, 7.0390929], [-73.1269071, 7.0384297], [-73.1262731, 7.0378637], [-73.1260836, 7.0373121], [-73.126201, 7.0368299], [-73.1264776, 7.0360993], [-73.1271138, 7.0352102], [-73.1271778, 7.0348665], [-73.127127, 7.034518], [-73.1268672, 7.034405], [-73.126457, 7.0342245], [-73.1264126, 7.033939], [-73.1260756, 7.033702], [-73.1258194, 7.033543], [-73.1256739, 7.0332036], [-73.1254097, 7.0331464], [-73.1251475, 7.0329041], [-73.1248453, 7.0329665], [-73.124576, 7.0327839], [-73.1243183, 7.0329057], [-73.1239472, 7.0330306], [-73.1237018, 7.0333287], [-73.123568, 7.0333654], [-73.1229629, 7.033374], [-73.1224224, 7.0337254], [-73.1221622, 7.0336602], [-73.1220308, 7.0336788], [-73.1218658, 7.0338172], [-73.121641, 7.0342075], [-73.121071, 7.0349848], [-73.1203583, 7.0352428], [-73.1197229, 7.0354337], [-73.1195615, 7.0356459], [-73.1194281, 7.0358699], [-73.1192446, 7.0360144], [-73.1192885, 7.0359397], [-73.1191223, 7.0357303], [-73.1191585, 7.0351516], [-73.1191491, 7.0349945], [-73.1190975, 7.0348267], [-73.1188095, 7.0340728], [-73.1188219, 7.0338183], [-73.1187933, 7.0337705], [-73.118627, 7.0333727], [-73.1189327, 7.0329255], [-73.1186591, 7.0323133], [-73.1185023, 7.0323514], [-73.1183376, 7.032354], [-73.1179533, 7.0323274], [-73.1179698, 7.0321797], [-73.1179555, 7.0319319], [-73.1180034, 7.0317127], [-73.1180742, 7.0316551], [-73.1182674, 7.0318768], [-73.1185464, 7.0319832], [-73.1187502, 7.03193], [-73.1188807, 7.0319986], [-73.1192707, 7.0320737], [-73.1196355, 7.0320417], [-73.1198447, 7.0319832], [-73.1200914, 7.0317649], [-73.1204401, 7.0313922], [-73.1207674, 7.0312378], [-73.121057, 7.0310142], [-73.1213253, 7.0308545], [-73.1216149, 7.0307107], [-73.121631, 7.0304818], [-73.1217544, 7.030189], [-73.1218456, 7.0300026], [-73.122382, 7.0299228], [-73.1225148, 7.0298698], [-73.1225533, 7.0298027], [-73.1225393, 7.0297136], [-73.1224782, 7.0296377], [-73.1223709, 7.0295578], [-73.1222604, 7.0294261], [-73.1222604, 7.0293249], [-73.1223462, 7.0291332], [-73.1222421, 7.0289828], [-73.1218452, 7.0287113], [-73.1217455, 7.0286141], [-73.1215394, 7.0284131], [-73.121416, 7.0283546], [-73.1213162, 7.0282335], [-73.1211285, 7.0281004], [-73.1207729, 7.0279852], [-73.1206779, 7.0278661], [-73.1204687, 7.0276797], [-73.1202058, 7.027552], [-73.1198839, 7.027552], [-73.1195943, 7.0274615], [-73.1193788, 7.0272812], [-73.1193461, 7.0272538], [-73.1191758, 7.0270677], [-73.1189559, 7.0268069], [-73.1188218, 7.0266578], [-73.1186609, 7.0265513], [-73.1184999, 7.0264821], [-73.1183926, 7.0264874], [-73.1182478, 7.0264608], [-73.1181083, 7.0263756], [-73.1180493, 7.0262691], [-73.118001, 7.026168], [-73.1179957, 7.0260349], [-73.1179474, 7.0257527], [-73.1178294, 7.0255291], [-73.1175397, 7.0254492], [-73.1173238, 7.0252536], [-73.1168892, 7.0248755], [-73.1166854, 7.0245827], [-73.116503, 7.0240503], [-73.1164923, 7.0237096], [-73.1164333, 7.023438], [-73.1160417, 7.0229642], [-73.1159183, 7.0227991], [-73.1156876, 7.0225436], [-73.1155106, 7.0222933], [-73.1154784, 7.0220537], [-73.1153851, 7.0217167], [-73.1154548, 7.0213973], [-73.1155267, 7.0211539], [-73.1160003, 7.0205953], [-73.1170394, 7.019775], [-73.117447, 7.0192853], [-73.1171512, 7.0190776], [-73.1169535, 7.0189924], [-73.1165833, 7.0187741], [-73.11624, 7.0184334], [-73.115945, 7.0183162], [-73.1154944, 7.0181299], [-73.115194, 7.0181618], [-73.114856, 7.0182949], [-73.1144858, 7.018247], [-73.1142802, 7.0181437], [-73.1140728, 7.0180394], [-73.1136758, 7.0177945], [-73.1134765, 7.0175549], [-73.1132995, 7.017459], [-73.1124527, 7.0174697], [-73.1116373, 7.0172674], [-73.1109136, 7.0171941], [-73.1106376, 7.017271], [-73.1102856, 7.0175122], [-73.1100153, 7.0178247], [-73.1098511, 7.0180499], [-73.1096773, 7.0183252], [-73.1095668, 7.0184386], [-73.1094434, 7.0184546], [-73.1092449, 7.0183321], [-73.1091538, 7.0183161], [-73.1089639, 7.0183891], [-73.1087546, 7.0187192], [-73.1085669, 7.0191292], [-73.1080862, 7.0193277], [-73.1076893, 7.0194928], [-73.1073942, 7.0195301], [-73.1070026, 7.0196206], [-73.1065413, 7.019956], [-73.106139, 7.0200838], [-73.1060832, 7.0202739], [-73.1060349, 7.0205986], [-73.1054523, 7.0211752], [-73.1050304, 7.0213675], [-73.1041756, 7.0220324], [-73.1032547, 7.0221216], [-73.1016571, 7.0220625], [-73.1007399, 7.0216417], [-73.0994486, 7.0194607], [-73.0992177, 7.0196566], [-73.0989611, 7.0202107], [-73.0985502, 7.0203259], [-73.0979113, 7.0203029], [-73.0971759, 7.0204695], [-73.0967021, 7.0208001], [-73.0964355, 7.0211182], [-73.0960848, 7.0217828], [-73.0961191, 7.0223753], [-73.0966599, 7.0234058], [-73.0969548, 7.0245717], [-73.0975398, 7.025089], [-73.09782, 7.0255648], [-73.0976034, 7.0262538], [-73.0975246, 7.0266534], [-73.0971248, 7.0273618], [-73.0959977, 7.0276587], [-73.0954229, 7.0278763], [-73.0948055, 7.0284447], [-73.0943137, 7.0288461], [-73.0941753, 7.0290596], [-73.0941297, 7.0294121], [-73.0941834, 7.0299179], [-73.0943317, 7.0305318], [-73.0946692, 7.0311703], [-73.0947043, 7.0314822], [-73.0944031, 7.0319647], [-73.0936153, 7.0325928], [-73.0931985, 7.0327165], [-73.0928722, 7.0329091], [-73.0923506, 7.032768], [-73.0919954, 7.0328669], [-73.0915483, 7.0329556], [-73.0914547, 7.0329852], [-73.0912822, 7.0331458], [-73.0910989, 7.0334105], [-73.0909783, 7.0333093], [-73.0908523, 7.0328974], [-73.0905571, 7.0325821], [-73.0902872, 7.0322464], [-73.090049, 7.0318879], [-73.0898142, 7.0315267], [-73.0894516, 7.0313861], [-73.0892768, 7.0309922], [-73.0889772, 7.0306846], [-73.0888721, 7.0304588], [-73.0887955, 7.0302942], [-73.0885223, 7.0299664], [-73.0883046, 7.0295997], [-73.0880928, 7.0292287], [-73.0877772, 7.0289336], [-73.0875142, 7.0285973], [-73.0873327, 7.0282068], [-73.0868087, 7.0281146], [-73.086444, 7.0278865], [-73.0861517, 7.0275723], [-73.0859002, 7.0272231], [-73.085602, 7.0269153], [-73.085194, 7.026814], [-73.0847666, 7.0268607], [-73.084392, 7.0266757], [-73.0840677, 7.0263943], [-73.0837033, 7.0261658], [-73.0833175, 7.0259755], [-73.0829149, 7.025824], [-73.0824999, 7.0257103], [-73.0813913, 7.0258654], [-73.0800791, 7.0246951], [-73.0792152, 7.0246088], [-73.0789099, 7.0239978], [-73.0782224, 7.0238848], [-73.0787622, 7.0264392], [-73.0784226, 7.0268579], [-73.0792417, 7.0297895], [-73.0802002, 7.0321822], [-73.0799766, 7.0323892], [-73.0788785, 7.0334063], [-73.0774207, 7.0343473], [-73.0770984, 7.0346548], [-73.0769821, 7.0348417], [-73.0768363, 7.0349685], [-73.0765932, 7.0353009], [-73.0760977, 7.0356493], [-73.0757086, 7.0358797], [-73.0752651, 7.0361413], [-73.0750461, 7.0365195], [-73.0749123, 7.0368015], [-73.0746496, 7.0371046], [-73.074349, 7.0378169], [-73.0740326, 7.0385887], [-73.0737525, 7.0383373], [-73.0736028, 7.0382347], [-73.0733398, 7.0380775], [-73.0731348, 7.0379175], [-73.0731052, 7.0378944], [-73.0729298, 7.0377575], [-73.0724639, 7.0373906], [-73.0723116, 7.0372573], [-73.0721161, 7.037057], [-73.071952, 7.0368141], [-73.0718609, 7.0365759], [-73.0715615, 7.0364617], [-73.0713758, 7.0364685], [-73.0711986, 7.0366115], [-73.0711315, 7.0367985], [-73.071161, 7.0370725], [-73.0711628, 7.037125], [-73.0709201, 7.0372199], [-73.0706226, 7.0372808], [-73.0705137, 7.0372951], [-73.0702938, 7.0375163], [-73.0701983, 7.037499], [-73.0701254, 7.0374225], [-73.0699907, 7.0372401], [-73.069941, 7.0372666], [-73.0699124, 7.0373136], [-73.0698892, 7.0373705], [-73.0698619, 7.0374809], [-73.0698304, 7.0375291], [-73.0697979, 7.0375804], [-73.0697374, 7.0375854], [-73.0696453, 7.0375762], [-73.0695321, 7.0375568], [-73.0694664, 7.0375371], [-73.069397, 7.0375355], [-73.0693183, 7.0375515], [-73.0692314, 7.0375309], [-73.0691464, 7.0375748], [-73.0690857, 7.0376228], [-73.0690343, 7.0376402], [-73.0689367, 7.0376656], [-73.0688823, 7.0376544], [-73.0688504, 7.0376412], [-73.0687878, 7.0376228], [-73.0687066, 7.03763], [-73.0686583, 7.0376677], [-73.0686147, 7.0377196], [-73.0685751, 7.0377299], [-73.0685135, 7.0377543], [-73.0684087, 7.0377666], [-73.0682022, 7.0378074], [-73.0680019, 7.0378441], [-73.0679752, 7.0378787], [-73.0679177, 7.0379022], [-73.0678106, 7.0379741], [-73.0669738, 7.0383201], [-73.0658204, 7.038613], [-73.0648977, 7.038565], [-73.0635936, 7.0385903], [-73.0634338, 7.0389305], [-73.0633154, 7.0392652], [-73.0632709, 7.0394328], [-73.0629479, 7.0398622], [-73.0625287, 7.0404436], [-73.0620402, 7.0405794], [-73.0616023, 7.0407751], [-73.0610818, 7.0408202], [-73.060754, 7.0409477], [-73.0603219, 7.0411147], [-73.0600817, 7.0411762], [-73.059886, 7.041129], [-73.0596474, 7.04149], [-73.05942, 7.0418586], [-73.059123, 7.0421588], [-73.0587618, 7.042395], [-73.0583947, 7.042627], [-73.0580647, 7.0429111], [-73.0577305, 7.0431825], [-73.0573415, 7.043346], [-73.0569244, 7.0434545], [-73.0564976, 7.0435416], [-73.0560756, 7.043633], [-73.0556541, 7.0437194], [-73.0552314, 7.0438007], [-73.0548089, 7.0438829], [-73.0544445, 7.0440589], [-73.0540713, 7.0442041], [-73.0536122, 7.0444215], [-73.0525273, 7.0466674], [-73.0523311, 7.0464292], [-73.0519252, 7.0460934], [-73.0515628, 7.0459238], [-73.0509957, 7.0460906], [-73.0506819, 7.0463384], [-73.050476, 7.0466247], [-73.0500889, 7.0467425], [-73.049952, 7.0467635], [-73.049797, 7.046825], [-73.049878, 7.0473803], [-73.0497151, 7.0475402], [-73.0495619, 7.0476662], [-73.0493786, 7.0479649], [-73.049248, 7.0480633], [-73.0491451, 7.0483781], [-73.0491304, 7.0493052], [-73.0490888, 7.049729], [-73.0488977, 7.0500676], [-73.0487643, 7.0512515], [-73.0486489, 7.0516963], [-73.0483853, 7.0519681], [-73.0480165, 7.0521475], [-73.0476285, 7.0523074], [-73.0474831, 7.0525807], [-73.0470776, 7.0527085], [-73.0465713, 7.053023], [-73.0463719, 7.0534263], [-73.0462228, 7.0537998], [-73.0459465, 7.0541638], [-73.0458129, 7.0544091], [-73.0455984, 7.0548736], [-73.0454255, 7.0551926], [-73.0450246, 7.0554775], [-73.0447082, 7.0555086], [-73.0444112, 7.055677], [-73.0442327, 7.055805], [-73.0439107, 7.0558981], [-73.0433042, 7.0560483], [-73.04268, 7.0557235], [-73.0423897, 7.0559405], [-73.0422106, 7.0561983], [-73.0420054, 7.056693], [-73.0413767, 7.0570763], [-73.0410732, 7.0572584], [-73.0402963, 7.0575699], [-73.0399315, 7.0581236], [-73.0396847, 7.0583152], [-73.0395082, 7.0584799], [-73.0389137, 7.0588317], [-73.0386846, 7.0589572], [-73.0385334, 7.0592516], [-73.0385295, 7.0594727], [-73.038389, 7.0597362], [-73.0383545, 7.0601788], [-73.0386447, 7.0607101], [-73.03932, 7.061946], [-73.0392552, 7.0621975], [-73.0387907, 7.0627981], [-73.0383636, 7.0634937], [-73.0381823, 7.0638199], [-73.037914, 7.06546], [-73.0378384, 7.0658669], [-73.0371058, 7.065839], [-73.0361266, 7.0659915], [-73.0351613, 7.0667437], [-73.0345875, 7.0670563], [-73.0335584, 7.0671827], [-73.0324763, 7.0674183], [-73.031331, 7.0692271], [-73.0301703, 7.070123], [-73.0295828, 7.0704496], [-73.029406, 7.0711734], [-73.0295139, 7.0716183], [-73.0292785, 7.072664], [-73.0292132, 7.0743701], [-73.0287015, 7.0755994], [-73.0289247, 7.0766468], [-73.0288778, 7.0783904], [-73.0286333, 7.0792962], [-73.0280005, 7.0800973], [-73.0273886, 7.0808901], [-73.0269409, 7.0818674], [-73.0264297, 7.0831503], [-73.0261674, 7.084413], [-73.0259345, 7.0859739], [-73.0260623, 7.0876328], [-73.026191, 7.0887192], [-73.0264214, 7.0899207], [-73.0267856, 7.0906954], [-73.0267998, 7.0908043], [-73.0264813, 7.0925699], [-73.0264122, 7.092953], [-73.0262794, 7.0939749], [-73.0257206, 7.0952604], [-73.02537, 7.0957586], [-73.0250088, 7.096272], [-73.0242913, 7.097352], [-73.0241665, 7.0975398], [-73.0237349, 7.098073], [-73.0235214, 7.0982308], [-73.0233743, 7.0983395], [-73.0231878, 7.0983652], [-73.0230328, 7.0983865], [-73.0228727, 7.0983574], [-73.0226738, 7.0983212], [-73.0217725, 7.0980565], [-73.0207835, 7.0977657], [-73.0201143, 7.0976531], [-73.019541, 7.0976508], [-73.0189026, 7.0979237], [-73.0185034, 7.0982972], [-73.0180202, 7.0991357], [-73.0166334, 7.100771], [-73.0155424, 7.1016715], [-73.0139555, 7.1024147], [-73.0128177, 7.102786], [-73.0114244, 7.1030135], [-73.0109748, 7.1026592], [-73.0105312, 7.101838], [-73.0098051, 7.1009483], [-73.0086159, 7.1003056], [-73.0076127, 7.1000463], [-73.0068474, 7.0999334], [-73.0064626, 7.099907], [-73.0063678, 7.0999342], [-73.0058815, 7.0996126], [-73.0056616, 7.0996903], [-73.0051714, 7.0996709], [-73.0047405, 7.0998247], [-73.0041784, 7.0999621], [-73.0035437, 7.1002988], [-73.0029674, 7.1004539], [-73.002289, 7.1008002], [-73.0022447, 7.1016821], [-73.0022648, 7.1019063], [-73.0022756, 7.1021015], [-73.0021802, 7.1022338], [-73.0021278, 7.1026074], [-73.0021698, 7.1031387], [-73.002223, 7.1037468], [-73.0022565, 7.1040826], [-73.0022707, 7.1043472], [-73.0022872, 7.1047038], [-73.0023864, 7.1051855], [-73.0024186, 7.1055801], [-73.0021742, 7.1060301], [-73.0020861, 7.1063206], [-73.0021515, 7.1070114], [-73.0022372, 7.1073843], [-73.0024133, 7.1075651], [-73.0026189, 7.107937], [-73.0028707, 7.1082845], [-73.0030131, 7.1086907], [-73.0030294, 7.1091187], [-73.003088, 7.1095423], [-73.0033114, 7.109907], [-73.0035705, 7.1102503], [-73.0038151, 7.1103064], [-73.0040312, 7.1111843], [-73.0042403, 7.1120639], [-73.0044539, 7.1129425], [-73.0046833, 7.113817], [-73.005123, 7.1144533], [-73.0049275, 7.1155714], [-73.0051343, 7.1156576], [-73.0054238, 7.1155378], [-73.0061596, 7.1150262], [-73.0061632, 7.1160123], [-73.0057652, 7.1169984], [-73.0058216, 7.117248], [-73.00619, 7.1180047], [-73.006565, 7.1181215], [-73.006951, 7.1184164], [-73.0075356, 7.118658], [-73.0081381, 7.1189543], [-73.0089561, 7.1193588], [-73.0096192, 7.1196862], [-73.0108035, 7.1203752], [-73.011708, 7.1204025], [-73.0126109, 7.1203495], [-73.0135028, 7.1204885], [-73.0143673, 7.1207596], [-73.0151629, 7.1215756], [-73.0166528, 7.1226224], [-73.0176421, 7.1229802], [-73.0184692, 7.1234057], [-73.018935, 7.1237448], [-73.0190457, 7.1242535], [-73.0191961, 7.1251518], [-73.0193408, 7.1260549], [-73.0195144, 7.1269462], [-73.0198818, 7.1277694], [-73.0197921, 7.1288701], [-73.0197315, 7.1293846], [-73.0198072, 7.1304276], [-73.0198715, 7.1313267], [-73.0201319, 7.1321925], [-73.0204615, 7.1330359], [-73.0208826, 7.1338465], [-73.0208836, 7.1342792], [-73.022149, 7.1350235], [-73.0230591, 7.1353918], [-73.0234248, 7.1361944], [-73.0257266, 7.1355025], [-73.0257986, 7.1368592], [-73.0251276, 7.1371884], [-73.0248343, 7.137965], [-73.024748, 7.1389396], [-73.0244791, 7.1396299], [-73.0240877, 7.1399697], [-73.024046, 7.1405288], [-73.0247878, 7.1408294], [-73.0249436, 7.1407922], [-73.0251959, 7.1413], [-73.0256332, 7.1419536], [-73.0258184, 7.1424417], [-73.0262575, 7.1433959], [-73.0280053, 7.1451269], [-73.0293994, 7.1455556], [-73.0309724, 7.1471134], [-73.0324547, 7.1478025], [-73.0334141, 7.1483199], [-73.0343702, 7.1480551], [-73.0348897, 7.1474445], [-73.0358444, 7.146832], [-73.0370552, 7.1450885], [-73.0385282, 7.1436047], [-73.0394802, 7.1423838], [-73.0406948, 7.1415094], [-73.0416494, 7.1408969], [-73.0426025, 7.1399368], [-73.0437267, 7.1382806], [-73.045116, 7.1375793], [-73.0463305, 7.136705], [-73.047198, 7.1360929], [-73.0479782, 7.1353942], [-73.049366, 7.1343453], [-73.0504965, 7.1341666], [-73.0512792, 7.1340764], [-73.0517987, 7.1334657], [-73.0522297, 7.1325078], [-73.0523996, 7.131551], [-73.0525685, 7.1303334], [-73.0529979, 7.1290279], [-73.0529931, 7.127898], [-73.0539488, 7.1275462], [-73.054904, 7.1271075], [-73.0554243, 7.1266707], [-73.0568113, 7.125448], [-73.0578517, 7.1245743], [-73.0590665, 7.1237869], [-73.0593231, 7.1227428], [-73.0593134, 7.120483], [-73.0598288, 7.1189163], [-73.0604334, 7.1178707], [-73.0605977, 7.1156102], [-73.0605943, 7.114828], [-73.0611153, 7.114565], [-73.0621613, 7.1149951], [-73.0634661, 7.1149026], [-73.0641588, 7.1141174], [-73.0649415, 7.1140271], [-73.065899, 7.1141099], [-73.0665985, 7.1148891], [-73.0672987, 7.1158422], [-73.068174, 7.1170553], [-73.0689735, 7.1178981], [-73.0693036, 7.1183651], [-73.0699133, 7.1189447], [-73.070889, 7.1192249], [-73.0719394, 7.1191631], [-73.0728886, 7.1187771], [-73.0742679, 7.1184367], [-73.0748215, 7.1184404], [-73.0754388, 7.1185908], [-73.0755573, 7.1191545], [-73.0759559, 7.1192352], [-73.0767293, 7.1195273], [-73.0777392, 7.1201789], [-73.0781958, 7.1206614], [-73.078639, 7.1203609], [-73.0791507, 7.1200499], [-73.0799296, 7.1190905], [-73.079951, 7.1182343], [-73.0801181, 7.1172158], [-73.0803126, 7.1161086], [-73.0804351, 7.115264], [-73.0808242, 7.1145307], [-73.0818483, 7.1139111], [-73.0824719, 7.1128498], [-73.0825271, 7.112347], [-73.0826471, 7.1119406], [-73.0827555, 7.1116125], [-73.082879, 7.1112413], [-73.0828925, 7.1107956], [-73.0828209, 7.1105975], [-73.0828265, 7.1100539], [-73.0828804, 7.1097636], [-73.0830731, 7.1091437], [-73.0830847, 7.1089948], [-73.0831014, 7.1088383], [-73.083181, 7.1085482], [-73.0832192, 7.1083785], [-73.0831489, 7.1077509], [-73.083195, 7.1075835], [-73.083284, 7.1074182], [-73.0834053, 7.1073408], [-73.0835237, 7.1072366], [-73.0835854, 7.1070104], [-73.0835781, 7.1069336], [-73.0835769, 7.1062244], [-73.0836458, 7.1060638], [-73.0845469, 7.105842], [-73.0851048, 7.1056836], [-73.085473, 7.1057248], [-73.0860168, 7.1055454], [-73.0875185, 7.1053545], [-73.0882545, 7.1046648], [-73.0889179, 7.1036519], [-73.0894702, 7.1027429], [-73.0899558, 7.1021547], [-73.0903731, 7.1017452], [-73.0923784, 7.1010429], [-73.0936706, 7.1001621], [-73.094204, 7.1000498], [-73.094158, 7.1000213], [-73.0941008, 7.0999785], [-73.0940641, 7.0999468], [-73.0936083, 7.1000038], [-73.0935896, 7.0996844], [-73.0935821, 7.0993836], [-73.0936533, 7.0993732], [-73.0936254, 7.0992602], [-73.0935957, 7.0991079], [-73.0934409, 7.0990469], [-73.0934333, 7.0988148], [-73.0935698, 7.0988054], [-73.0935693, 7.0986861], [-73.0935742, 7.0985344], [-73.0936477, 7.0984319], [-73.0935687, 7.0979773], [-73.0936548, 7.0979799], [-73.0937267, 7.0979822], [-73.0940923, 7.0979935], [-73.0941244, 7.0977193], [-73.0941691, 7.0978265], [-73.0942384, 7.0979668], [-73.0943444, 7.0980008], [-73.0946801, 7.0978953], [-73.0950746, 7.0977473], [-73.0955691, 7.0976093], [-73.0963857, 7.0972814], [-73.0965129, 7.0973075], [-73.0966467, 7.0971945], [-73.0975512, 7.0972359], [-73.0980822, 7.0973017], [-73.0981663, 7.0970623], [-73.0981827, 7.0968755], [-73.0982712, 7.0968662], [-73.0984247, 7.0968394], [-73.0985667, 7.0974533], [-73.0995595, 7.0968691], [-73.099889, 7.0967261], [-73.100119, 7.096623], [-73.1005813, 7.0967388], [-73.1009759, 7.0968964], [-73.1012892, 7.0967918], [-73.1016044, 7.0966262], [-73.1013848, 7.0958512], [-73.1013394, 7.0956794], [-73.1013079, 7.0955013], [-73.1012749, 7.0953063], [-73.1015814, 7.0952014], [-73.1016287, 7.0952823], [-73.1019822, 7.0957989], [-73.1019987, 7.0954834], [-73.1019778, 7.0952271], [-73.1019704, 7.0950905], [-73.102961, 7.0946596], [-73.1044474, 7.0940626], [-73.1049564, 7.0937864], [-73.1054632, 7.0949515], [-73.1058971, 7.0960555], [-73.1060431, 7.0961444], [-73.1065106, 7.096307], [-73.1064917, 7.095846], [-73.1070572, 7.095516], [-73.1068043, 7.0950325], [-73.1064985, 7.0944722], [-73.1061092, 7.0938605], [-73.1057055, 7.092922], [-73.1056302, 7.0918849], [-73.1055431, 7.0915603], [-73.1054695, 7.0913102], [-73.1052229, 7.0908004], [-73.1049075, 7.0902444], [-73.1056368, 7.09], [-73.1057252, 7.0900797], [-73.1059198, 7.0900129], [-73.1064162, 7.0898427], [-73.1063736, 7.0896496], [-73.1069994, 7.0884889], [-73.1072853, 7.0877812], [-73.1076282, 7.0874574], [-73.1079843, 7.0872528], [-73.1080013, 7.0872431], [-73.108035, 7.0871693], [-73.1081624, 7.087026], [-73.1082552, 7.0869316], [-73.1083995, 7.0868612], [-73.108646, 7.0867195], [-73.1088177, 7.0864917], [-73.108863, 7.0862185], [-73.1089983, 7.0861377], [-73.1091014, 7.086041], [-73.1090753, 7.0858206], [-73.1091122, 7.0856862], [-73.1092498, 7.0855585], [-73.1094814, 7.0854094], [-73.1094525, 7.0852065], [-73.1095846, 7.0851054], [-73.1097308, 7.0848929], [-73.1096738, 7.0847336], [-73.1097242, 7.0845632], [-73.1097701, 7.0842818], [-73.109733, 7.0839621], [-73.1098352, 7.0837224], [-73.1099907, 7.0835838], [-73.1101624, 7.0835097], [-73.1102787, 7.0833782], [-73.1102982, 7.0833291], [-73.1102529, 7.0832565], [-73.1102139, 7.0829375], [-73.1101584, 7.0826954], [-73.1101159, 7.0825804], [-73.1101097, 7.082444], [-73.110218, 7.082255], [-73.1103439, 7.0821071], [-73.1104841, 7.0820296], [-73.1106336, 7.0818603], [-73.1108059, 7.0817564], [-73.111038, 7.0817115], [-73.111047, 7.0817039], [-73.1112022, 7.0815734], [-73.1112252, 7.0814144], [-73.1112117, 7.0812879], [-73.1113001, 7.0810976], [-73.1111275, 7.0808738], [-73.1110594, 7.0807165], [-73.1111663, 7.0805342], [-73.1113702, 7.0804512], [-73.1115504, 7.0803436], [-73.111645, 7.0801091], [-73.1115971, 7.0800388], [-73.1111813, 7.0797002], [-73.1111583, 7.079519], [-73.1114026, 7.0794581], [-73.1115718, 7.0793725], [-73.1118082, 7.0791976], [-73.1121026, 7.0791382], [-73.1123414, 7.0792618], [-73.112493, 7.0793476], [-73.1126499, 7.0792418], [-73.1125578, 7.0788945], [-73.1125349, 7.0786902], [-73.1125634, 7.0785313], [-73.112708, 7.0784342], [-73.1131656, 7.0783641], [-73.1136745, 7.0780504], [-73.1140418, 7.0776012], [-73.114293, 7.0769967], [-73.1143678, 7.0763127], [-73.1147473, 7.0762556], [-73.1153222, 7.0762119], [-73.1156815, 7.0759586], [-73.1158706, 7.0755315], [-73.1160049, 7.074995], [-73.1164312, 7.0745322], [-73.1163986, 7.0743165], [-73.1169271, 7.0739329], [-73.1172345, 7.073977], [-73.1175788, 7.0737604], [-73.1179869, 7.0736246], [-73.1186232, 7.0734302], [-73.1189169, 7.0731786], [-73.1193178, 7.072867], [-73.1193383, 7.072851], [-73.1195831, 7.072749], [-73.1198708, 7.0725733], [-73.1200584, 7.0723628], [-73.120282, 7.0722268], [-73.1204269, 7.0721045], [-73.1206548, 7.0719669], [-73.1208671, 7.0717526], [-73.1211252, 7.0715875], [-73.1213959, 7.0713236], [-73.1215324, 7.0712672], [-73.1216016, 7.071332], [-73.1217996, 7.0712956], [-73.1220667, 7.071143], [-73.1220539, 7.0710561], [-73.1222753, 7.0708898], [-73.1223298, 7.0709644], [-73.1226477, 7.0708519], [-73.1228001, 7.0707164], [-73.1230787, 7.0705812], [-73.1232251, 7.0706498], [-73.1233705, 7.0706003], [-73.1235119, 7.0705154], [-73.1236514, 7.0704888], [-73.123748, 7.0703397], [-73.1238383, 7.0702442], [-73.1238213, 7.0700514], [-73.1238218, 7.0698253], [-73.1238947, 7.0697613], [-73.124043, 7.0695518], [-73.1239627, 7.0694751], [-73.1239622, 7.0694063], [-73.1239618, 7.0693359], [-73.1239644, 7.0691171], [-73.1239591, 7.0688882], [-73.1238679, 7.0687232], [-73.123825, 7.0685156], [-73.1240449, 7.0684517], [-73.1240503, 7.0683292], [-73.124002, 7.0681908], [-73.1239859, 7.0680205], [-73.1239859, 7.0678608], [-73.1239215, 7.0676531], [-73.123748, 7.0674224], [-73.1235675, 7.0673444], [-73.1233725, 7.0672786], [-73.1232115, 7.0672307], [-73.1231565, 7.067236], [-73.1237631, 7.0658534], [-73.1238076, 7.0657564], [-73.1238319, 7.0657035], [-73.1243376, 7.0656526], [-73.1246735, 7.0653683], [-73.1250198, 7.0652179], [-73.1252936, 7.0648872], [-73.1256, 7.0645847], [-73.1259032, 7.064279], [-73.1260018, 7.0641995], [-73.1262372, 7.0640095], [-73.126654, 7.06392], [-73.1270848, 7.063924], [-73.1278263, 7.063447], [-73.1282321, 7.0631354], [-73.1284924, 7.062574], [-73.1289212, 7.0620307], [-73.129301, 7.0619601], [-73.1296539, 7.0620196], [-73.1297937, 7.0619206], [-73.1300035, 7.061733], [-73.1302544, 7.0614204], [-73.1306832, 7.0614516], [-73.1307544, 7.0612228], [-73.1309373, 7.0611506], [-73.1311235, 7.0610216], [-73.1313706, 7.0608672], [-73.1316889, 7.0610145], [-73.1321482, 7.0607685], [-73.1325408, 7.0604908], [-73.1329651, 7.0604072], [-73.1338403, 7.0599443], [-73.1342266, 7.059923], [-73.1345836, 7.0596475], [-73.1344733, 7.0593906], [-73.1345002, 7.0590499], [-73.1344465, 7.0587571], [-73.1341783, 7.0583844], [-73.1338908, 7.0579996], [-73.1342977, 7.0576729], [-73.1343029, 7.057403], [-73.1343115, 7.0571552], [-73.1339976, 7.0568728], [-73.1337338, 7.0566678], [-73.1334304, 7.0563319], [-73.133438, 7.0561005], [-73.1338183, 7.0559296], [-73.134261, 7.0553618], [-73.1346663, 7.0548347], [-73.135006, 7.0542835], [-73.1350086, 7.0537951], [-73.1349758, 7.0521607], [-73.1351658, 7.0518535]]]}}, {"type": "Feature", "properties": {"nombre": "Gir\u00f3n", "zona": "bucaramanga", "centro": [7.069069, -73.1700282]}, "geometry": {"type": "Polygon", "coordinates": [[[-73.545352, 7.1599373], [-73.5443957, 7.1593092], [-73.5439525, 7.1591408], [-73.5431851, 7.1586599], [-73.5424382, 7.1581492], [-73.5417197, 7.1575991], [-73.5410235, 7.1570212], [-73.5403442, 7.1564236], [-73.539684, 7.1558049], [-73.5390396, 7.1551689], [-73.5384682, 7.1544683], [-73.538098, 7.1536452], [-73.5326636, 7.150096], [-73.5304871, 7.1484636], [-73.5227919, 7.1447106], [-73.5220437, 7.1442012], [-73.5217129, 7.1442107], [-73.5211907, 7.1437631], [-73.5174785, 7.142835], [-73.5169579, 7.1431337], [-73.5089737, 7.1465555], [-73.5023416, 7.1479518], [-73.49187, 7.149348], [-73.4786058, 7.149348], [-73.4705775, 7.1458574], [-73.4635964, 7.143065], [-73.4594077, 7.1402725], [-73.4507686, 7.1325933], [-73.4496342, 7.1325933], [-73.4419549, 7.1322442], [-73.4388134, 7.1315461], [-73.4377663, 7.1294518], [-73.4370682, 7.1249141], [-73.436021, 7.1207254], [-73.433434, 7.1178509], [-73.4325222, 7.1172301], [-73.4320344, 7.1164814], [-73.4312828, 7.1159692], [-73.430513, 7.1154933], [-73.4297426, 7.1150179], [-73.4289845, 7.1145238], [-73.4282302, 7.114024], [-73.4274776, 7.1135217], [-73.426726, 7.1130177], [-73.425975, 7.112513], [-73.4252238, 7.1120084], [-73.4244719, 7.111505], [-73.4229614, 7.1107796], [-73.4222775, 7.1101877], [-73.421667, 7.1095196], [-73.4210507, 7.1088572], [-73.4203537, 7.108282], [-73.4195518, 7.1078589], [-73.4186687, 7.107674], [-73.417933, 7.1072226], [-73.4172786, 7.1065926], [-73.4166258, 7.1059662], [-73.4159734, 7.1053395], [-73.4153135, 7.1047205], [-73.414641, 7.1041153], [-73.4139481, 7.1035335], [-73.4132177, 7.1029826], [-73.4123582, 7.1029196], [-73.4114646, 7.1028173], [-73.4106108, 7.1025175], [-73.4097605, 7.1022074], [-73.4089136, 7.1018885], [-73.4080698, 7.1015611], [-73.4072293, 7.1012256], [-73.4071517, 7.1011937], [-73.4063923, 7.1008814], [-73.4062107, 7.1008002], [-73.405559, 7.1005282], [-73.4047299, 7.1001657], [-73.4039039, 7.0997957], [-73.4028661, 7.0997748], [-73.4018147, 7.0995193], [-73.4007633, 7.0991573], [-73.4002054, 7.0988272], [-73.3995402, 7.0981139], [-73.3989394, 7.0976881], [-73.3984029, 7.0972196], [-73.3979952, 7.0962933], [-73.3974052, 7.0959739], [-73.3968258, 7.0954097], [-73.3962404, 7.0948475], [-73.3961606, 7.0947709], [-73.3954203, 7.0944621], [-73.3945727, 7.0939937], [-73.3938432, 7.0933123], [-73.3941079, 7.0918792], [-73.3942402, 7.0906932], [-73.3950341, 7.0893304], [-73.3951736, 7.0882338], [-73.3951306, 7.0867432], [-73.3946693, 7.085934], [-73.394841, 7.0848268], [-73.393811, 7.0838579], [-73.3930814, 7.0838685], [-73.3928132, 7.0836556], [-73.3923841, 7.0826015], [-73.3916652, 7.0818137], [-73.3913795, 7.0812037], [-73.3908654, 7.0804635], [-73.3902592, 7.0797923], [-73.3896142, 7.079158], [-73.3895262, 7.0788005], [-73.3889472, 7.0785467], [-73.3882743, 7.0779421], [-73.3876098, 7.0773282], [-73.3869636, 7.0766952], [-73.3863238, 7.0760557], [-73.3856844, 7.0754157], [-73.3850454, 7.0747753], [-73.3831291, 7.0728536], [-73.3783476, 7.0680626], [-73.3751547, 7.066595], [-73.3738732, 7.0661021], [-73.3725916, 7.0655107], [-73.3712116, 7.0654121], [-73.3684514, 7.0654121], [-73.3675642, 7.0655107], [-73.3654941, 7.0655107], [-73.3636055, 7.0651959], [-73.3629413, 7.0650322], [-73.3611567, 7.0642292], [-73.359678, 7.0637363], [-73.3583965, 7.0632434], [-73.3562278, 7.0632434], [-73.3544534, 7.0635391], [-73.3530733, 7.064032], [-73.3513975, 7.0644263], [-73.350116, 7.0645249], [-73.3484402, 7.0644263], [-73.3467644, 7.0629477], [-73.34568, 7.061469], [-73.3448914, 7.0601875], [-73.3442071, 7.0586229], [-73.3437653, 7.05781], [-73.3436666, 7.0568939], [-73.3436422, 7.0559676], [-73.3437807, 7.0550863], [-73.3441057, 7.0542684], [-73.344537, 7.053479], [-73.3450294, 7.0527059], [-73.3455379, 7.0519371], [-73.3460176, 7.0511606], [-73.3458944, 7.0496572], [-73.34583, 7.0487491], [-73.345768, 7.04784], [-73.3457045, 7.0469316], [-73.3456354, 7.0460254], [-73.3455569, 7.0451232], [-73.345465, 7.0442265], [-73.3453557, 7.0433371], [-73.345225, 7.0424566], [-73.3447747, 7.0417093], [-73.3441365, 7.0410375], [-73.3435586, 7.0403416], [-73.3429323, 7.0396892], [-73.3422228, 7.0391302], [-73.3414027, 7.0387497], [-73.3405399, 7.0384751], [-73.339688, 7.0381704], [-73.3388553, 7.0378162], [-73.3380216, 7.0374643], [-73.3371968, 7.0370921], [-73.3363919, 7.036679], [-73.3356331, 7.0361878], [-73.3349545, 7.0355893], [-73.3342924, 7.0349728], [-73.3335684, 7.0345057], [-73.3326583, 7.03443], [-73.3317598, 7.0343074], [-73.3309435, 7.033919], [-73.330154, 7.0334745], [-73.3294629, 7.0328973], [-73.3289147, 7.0321773], [-73.3282479, 7.0315769], [-73.3273579, 7.0313971], [-73.3264535, 7.0313565], [-73.3255489, 7.0313842], [-73.3246457, 7.0314411], [-73.3237424, 7.0314968], [-73.3228371, 7.0315192], [-73.3219396, 7.0314142], [-73.3210773, 7.0311727], [-73.3204645, 7.0304987], [-73.3198115, 7.0298746], [-73.3190874, 7.0293317], [-73.3183393, 7.028823], [-73.3175709, 7.0283454], [-73.3167857, 7.0278958], [-73.3159906, 7.0274639], [-73.3151834, 7.0270552], [-73.3143609, 7.0266733], [-73.3134759, 7.0265328], [-73.3127713, 7.0261165], [-73.3120547, 7.025585], [-73.3111744, 7.0253613], [-73.3102827, 7.0252067], [-73.3093877, 7.0250762], [-73.308485, 7.025004], [-73.3075955, 7.0248432], [-73.3067303, 7.0245783], [-73.3058734, 7.0242876], [-73.3050252, 7.0239724], [-73.3041869, 7.0236319], [-73.3033633, 7.0232575], [-73.3026654, 7.0226878], [-73.3019447, 7.0222206], [-73.3010507, 7.0220214], [-73.3002069, 7.0216981], [-73.2993845, 7.0213204], [-73.2985722, 7.0209218], [-73.2977803, 7.0204844], [-73.2970213, 7.0199919], [-73.2963151, 7.019427], [-73.2956621, 7.0188011], [-73.2950425, 7.0181421], [-73.2945194, 7.0175684], [-73.2939433, 7.0169596], [-73.2938092, 7.0168188], [-73.2932094, 7.0152951], [-73.292829, 7.0144748], [-73.2921974, 7.0138274], [-73.2915374, 7.0132087], [-73.2908663, 7.0126022], [-73.2901877, 7.012004], [-73.2894535, 7.0118364], [-73.2895051, 7.0114105], [-73.2888212, 7.0108183], [-73.2881388, 7.0102245], [-73.2874617, 7.0096246], [-73.2862046, 7.0085089], [-73.2857481, 7.007748], [-73.2858129, 7.0068343], [-73.2856762, 7.0059601], [-73.2851908, 7.0051961], [-73.2846269, 7.004489], [-73.2840298, 7.0038096], [-73.2834174, 7.0031439], [-73.2827857, 7.0024833], [-73.2827174, 7.0016051], [-73.2827499, 7.0006883], [-73.2827812, 6.9997755], [-73.2828143, 6.9988718], [-73.2828036, 6.9979678], [-73.282674, 6.9970734], [-73.2824566, 6.9961958], [-73.2821627, 6.9953407], [-73.2818114, 6.9945074], [-73.2813885, 6.9937085], [-73.280858, 6.9929773], [-73.2802148, 6.9923411], [-73.2795501, 6.9917274], [-73.2789129, 6.9910864], [-73.2784622, 6.9903], [-73.2780575, 6.9894847], [-73.2777558, 6.9886424], [-73.2776934, 6.9877338], [-73.2776525, 6.9874435], [-73.2774984, 6.9866812], [-73.2772044, 6.9860129], [-73.2766543, 6.9852932], [-73.2760606, 6.9846109], [-73.2754335, 6.9839591], [-73.2747881, 6.9833254], [-73.274135, 6.9826996], [-73.2734869, 6.9820685], [-73.2728554, 6.981421], [-73.2720644, 6.9805672], [-73.2714462, 6.9799056], [-73.2708266, 6.9792451], [-73.2702066, 6.9785849], [-73.2695873, 6.9779241], [-73.26897, 6.977262], [-73.2683558, 6.9765977], [-73.2677458, 6.9759304], [-73.2671412, 6.9752594], [-73.2665431, 6.9745837], [-73.2659984, 6.9738708], [-73.2656115, 6.9730463], [-73.2651221, 6.972287], [-73.2644957, 6.9716354], [-73.2638175, 6.9710359], [-73.2632088, 6.9703684], [-73.2627915, 6.9695674], [-73.2625149, 6.9686946], [-73.2619745, 6.9679868], [-73.2613438, 6.9673077], [-73.2606659, 6.9666887], [-73.2599123, 6.9662153], [-73.2590909, 6.9658819], [-73.2582385, 6.9656055], [-73.2573635, 6.9653706], [-73.2564744, 6.9651617], [-73.2555795, 6.9649633], [-73.2546874, 6.9647599], [-73.2538064, 6.964536], [-73.2474534, 6.9612089], [-73.2463979, 6.960505], [-73.2456517, 6.9599936], [-73.2449065, 6.9594807], [-73.2441381, 6.9590033], [-73.243321, 6.9586216], [-73.2424237, 6.9584944], [-73.2415275, 6.9583732], [-73.2406338, 6.958228], [-73.2397841, 6.9579254], [-73.2390549, 6.9573885], [-73.2383772, 6.9567893], [-73.2378013, 6.956226], [-73.2373726, 6.9557914], [-73.2370976, 6.9555107], [-73.2364589, 6.9548702], [-73.2357862, 6.9542657], [-73.2350855, 6.9536913], [-73.2344032, 6.9530981], [-73.233766, 6.9524581], [-73.2331466, 6.9517994], [-73.2325382, 6.9511294], [-73.2319365, 6.950453], [-73.2313371, 6.9497751], [-73.2307763, 6.9490666], [-73.2302336, 6.948343], [-73.2296934, 6.9476177], [-73.2291534, 6.9468923], [-73.228613, 6.946167], [-73.2281175, 6.9454107], [-73.2276677, 6.9446261], [-73.2272461, 6.9438261], [-73.2268745, 6.9430015], [-73.2266186, 6.9421353], [-73.226534, 6.9412337], [-73.226362, 6.9403517], [-73.2260931, 6.9394839], [-73.2257939, 6.9386264], [-73.2254336, 6.9377998], [-73.224995, 6.9370152], [-73.2245018, 6.936258], [-73.2239794, 6.9355156], [-73.2234525, 6.9347758], [-73.2229326, 6.9340352], [-73.2223961, 6.933307], [-73.2218787, 6.9325653], [-73.2214003, 6.9317979], [-73.2209547, 6.9310109], [-73.2205626, 6.9301963], [-73.2202536, 6.9293467], [-73.2198495, 6.9285404], [-73.2192547, 6.9278584], [-73.2185923, 6.9272422], [-73.2171811, 6.9260168], [-73.2165813, 6.9254736], [-73.216297, 6.9246748], [-73.2148057, 6.9227897], [-73.2133734, 6.9207661], [-73.211748, 6.9188276], [-73.2100368, 6.9172567], [-73.2085079, 6.9154726], [-73.2056208, 6.9114839], [-73.2043129, 6.9091833], [-73.2027035, 6.9070062], [-73.2013035, 6.9051786], [-73.1992779, 6.9040293], [-73.1983262, 6.903533], [-73.1962985, 6.9028566], [-73.1933115, 6.901702], [-73.1916261, 6.9016584], [-73.1903161, 6.9019747], [-73.1893998, 6.9026543], [-73.1878537, 6.9027554], [-73.1855096, 6.9014932], [-73.1842543, 6.8994749], [-73.1834174, 6.8958109], [-73.1798501, 6.8917368], [-73.1771018, 6.8888314], [-73.17648, 6.8875834], [-73.1761151, 6.885718], [-73.1758853, 6.8842284], [-73.1706727, 6.8841956], [-73.1678027, 6.8852022], [-73.1669712, 6.8848187], [-73.166365, 6.8844725], [-73.1659091, 6.8845471], [-73.1657857, 6.8849998], [-73.1660539, 6.88672], [-73.1658356, 6.8871741], [-73.1652492, 6.8873484], [-73.1644017, 6.8868531], [-73.1635058, 6.8867093], [-73.1631303, 6.8880674], [-73.16198, 6.8878557], [-73.161319, 6.8880055], [-73.1609455, 6.8883786], [-73.1608017, 6.889609], [-73.1609015, 6.8900964], [-73.1600287, 6.8904679], [-73.1594636, 6.8900785], [-73.1590272, 6.8901364], [-73.1579484, 6.8910559], [-73.1565078, 6.891111], [-73.1556802, 6.8913728], [-73.154687, 6.8926967], [-73.1535682, 6.8930817], [-73.1528371, 6.8935085], [-73.1521926, 6.8933811], [-73.1514197, 6.8945955], [-73.150454, 6.8947128], [-73.1489626, 6.8942175], [-73.1481525, 6.8945664], [-73.1481981, 6.8955929], [-73.1472552, 6.8954884], [-73.1452818, 6.8956492], [-73.1448104, 6.8962786], [-73.1437982, 6.8966931], [-73.1432707, 6.8966448], [-73.1426206, 6.8964076], [-73.141845, 6.896502], [-73.1413698, 6.8970225], [-73.1401839, 6.8969844], [-73.1391832, 6.8980518], [-73.1386614, 6.8982873], [-73.1380143, 6.899321], [-73.1368753, 6.8989432], [-73.1355647, 6.8994814], [-73.1346608, 6.8989129], [-73.1325553, 6.9000487], [-73.1296917, 6.8995464], [-73.1274338, 6.9019608], [-73.1264849, 6.9025126], [-73.1255813, 6.9020003], [-73.1245501, 6.9021702], [-73.1238843, 6.903022], [-73.118643, 6.9047686], [-73.1180794, 6.9055567], [-73.1168282, 6.9060827], [-73.1154729, 6.9066837], [-73.11533, 6.9079132], [-73.1143789, 6.9076667], [-73.1136999, 6.9077916], [-73.1132431, 6.9090638], [-73.112866, 6.9092437], [-73.1096218, 6.9101973], [-73.1083021, 6.91024], [-73.1077978, 6.9098566], [-73.1070467, 6.9094307], [-73.1069179, 6.9098144], [-73.1066601, 6.9101131], [-73.1062546, 6.9108081], [-73.1054323, 6.9107057], [-73.1047735, 6.9108821], [-73.1045079, 6.9108928], [-73.1042799, 6.9108795], [-73.1040064, 6.9110818], [-73.1039393, 6.9112363], [-73.1039742, 6.911436], [-73.1038776, 6.911649], [-73.1037918, 6.911846], [-73.103596, 6.9119872], [-73.1033599, 6.9121363], [-73.103081, 6.9122747], [-73.1028369, 6.9124478], [-73.1027108, 6.9125543], [-73.1025987, 6.9126925], [-73.1027269, 6.9128446], [-73.1028745, 6.9130043], [-73.1029898, 6.9131907], [-73.1031346, 6.913449], [-73.1031776, 6.9136407], [-73.1030354, 6.9138244], [-73.1027484, 6.9139948], [-73.1024399, 6.9141227], [-73.1022227, 6.914128], [-73.1019759, 6.9141227], [-73.1017533, 6.91412], [-73.1017104, 6.9142798], [-73.1018043, 6.9145833], [-73.1019089, 6.9148123], [-73.1018364, 6.915012], [-73.101595, 6.9151478], [-73.1015199, 6.915478], [-73.1014046, 6.9157283], [-73.1012008, 6.91588], [-73.1009862, 6.9160078], [-73.1009299, 6.9162475], [-73.100844, 6.916386], [-73.100777, 6.9165191], [-73.1006911, 6.9167055], [-73.10038, 6.9168519], [-73.1001976, 6.9169238], [-73.0999133, 6.9168919], [-73.0998194, 6.9169957], [-73.0997229, 6.9171395], [-73.09957, 6.9172993], [-73.0995673, 6.9175975], [-73.0995137, 6.9178291], [-73.0993516, 6.9180386], [-73.0992436, 6.9180976], [-73.0995415, 6.9184942], [-73.0997786, 6.9188533], [-73.0999965, 6.9192244], [-73.1001936, 6.9196068], [-73.1003688, 6.9199999], [-73.1005209, 6.9204024], [-73.1006492, 6.9208131], [-73.100753, 6.9212307], [-73.1008323, 6.9216536], [-73.1008872, 6.9220804], [-73.1009182, 6.9225096], [-73.1009261, 6.9229398], [-73.1009118, 6.9233699], [-73.1008765, 6.9237988], [-73.1008214, 6.9242255], [-73.1008038, 6.9248715], [-73.1008055, 6.9252775], [-73.1010646, 6.9258534], [-73.1015156, 6.9263002], [-73.101881, 6.9267474], [-73.1020979, 6.927473], [-73.102166, 6.9283916], [-73.1021705, 6.9294387], [-73.1021489, 6.9301837], [-73.1017785, 6.930615], [-73.1010638, 6.9316741], [-73.1003862, 6.9326689], [-73.099831, 6.9334284], [-73.0990754, 6.9340232], [-73.0983244, 6.9344454], [-73.0974472, 6.9349395], [-73.0970687, 6.9351504], [-73.0960873, 6.9359344], [-73.0947403, 6.9368139], [-73.0941409, 6.9371652], [-73.0929261, 6.9380476], [-73.0922026, 6.9383927], [-73.091057, 6.939069], [-73.0893527, 6.9401292], [-73.0904772, 6.9405209], [-73.0913735, 6.9410808], [-73.0924901, 6.941806], [-73.0934108, 6.9426252], [-73.093756, 6.9431064], [-73.094417, 6.9438314], [-73.0948697, 6.9439541], [-73.0952666, 6.94407], [-73.0962668, 6.9440744], [-73.0972592, 6.9441045], [-73.0988064, 6.9442178], [-73.0997597, 6.9445142], [-73.1010625, 6.9448642], [-73.1016946, 6.9452743], [-73.1023977, 6.9459578], [-73.1027073, 6.9463682], [-73.1031364, 6.9471946], [-73.1032387, 6.9479448], [-73.1032909, 6.9484757], [-73.1033146, 6.9492443], [-73.1034872, 6.9500015], [-73.1038463, 6.9504876], [-73.1044993, 6.9509651], [-73.1050087, 6.9510437], [-73.1055585, 6.9515949], [-73.1062157, 6.952246], [-73.1065471, 6.9532254], [-73.1066604, 6.9542057], [-73.1066646, 6.9551865], [-73.1067778, 6.9561669], [-73.1067867, 6.9582375], [-73.1074486, 6.9599783], [-73.1083225, 6.9603015], [-73.1085449, 6.9612814], [-73.1085533, 6.963243], [-73.1083394, 6.9642248], [-73.1079069, 6.9650985], [-73.1071458, 6.9656467], [-73.1062747, 6.9659773], [-73.1057331, 6.9668515], [-73.1054388, 6.9677519], [-73.1055707, 6.9678843], [-73.1058755, 6.9681882], [-73.1061794, 6.9684929], [-73.1064615, 6.9688179], [-73.1068827, 6.9688837], [-73.1073128, 6.9688767], [-73.107917, 6.9688545], [-73.1082183, 6.9685477], [-73.1085411, 6.9682967], [-73.1089708, 6.9682728], [-73.1094012, 6.9682695], [-73.1098314, 6.9682779], [-73.1102616, 6.9682891], [-73.1109595, 6.9683081], [-73.1113893, 6.9683346], [-73.1118169, 6.9683015], [-73.112119, 6.9680378], [-73.1125147, 6.9682446], [-73.1128402, 6.9685203], [-73.1131351, 6.9688348], [-73.1134405, 6.9691377], [-73.11381, 6.9693574], [-73.1142264, 6.9694619], [-73.1146547, 6.969486], [-73.1149515, 6.9692146], [-73.1150392, 6.9687933], [-73.115383, 6.9683171], [-73.1154749, 6.9688918], [-73.115575, 6.9693078], [-73.1155966, 6.969736], [-73.1156404, 6.970162], [-73.1157764, 6.9705607], [-73.1159694, 6.9709425], [-73.1162073, 6.9713008], [-73.1163496, 6.9716983], [-73.1165054, 6.9720925], [-73.1166241, 6.9725041], [-73.1166177, 6.9729354], [-73.1166177, 6.9733658], [-73.1165893, 6.9737906], [-73.1164325, 6.9741919], [-73.1161619, 6.9745245], [-73.1159546, 6.9748926], [-73.1158978, 6.9753181], [-73.1159958, 6.9757316], [-73.1163154, 6.9760187], [-73.1166406, 6.9763008], [-73.1168823, 6.9766418], [-73.1168739, 6.9770754], [-73.1167236, 6.9774671], [-73.1165377, 6.9778544], [-73.1161822, 6.9780412], [-73.1157943, 6.9782084], [-73.1153906, 6.9783576], [-73.1150371, 6.9785949], [-73.1148499, 6.9789812], [-73.1146897, 6.9793806], [-73.1145305, 6.9797806], [-73.1146286, 6.9809808], [-73.1146338, 6.9821795], [-73.1152948, 6.9837024], [-73.1159544, 6.9848983], [-73.1166131, 6.9858763], [-73.1170527, 6.9866373], [-73.1184748, 6.9876119], [-73.1193502, 6.988262], [-73.1206648, 6.9895641], [-73.1216497, 6.9903227], [-73.1227651, 6.9912424], [-73.1225751, 6.9913177], [-73.1221507, 6.9913793], [-73.1217151, 6.9914124], [-73.1212918, 6.9914901], [-73.1208744, 6.9916319], [-73.1205282, 6.991873], [-73.1202538, 6.9921978], [-73.1200063, 6.992557], [-73.1197564, 6.9929133], [-73.1194035, 6.993286], [-73.1190902, 6.993587], [-73.1187218, 6.9937679], [-73.1183046, 6.9938435], [-73.1178651, 6.9938699], [-73.1174261, 6.9938946], [-73.1169957, 6.9939282], [-73.1165637, 6.9939519], [-73.1161383, 6.9940047], [-73.115722, 6.9941084], [-73.1153102, 6.9942432], [-73.1149097, 6.9944065], [-73.1145268, 6.9945988], [-73.1141612, 6.9948344], [-73.1138281, 6.9951105], [-73.1135507, 6.995433], [-73.1134109, 6.9956766], [-73.1133338, 6.9958111], [-73.1132115, 6.9962152], [-73.113163, 6.9967722], [-73.1131841, 6.9972023], [-73.1132655, 6.9976237], [-73.1134031, 6.9980325], [-73.1139284, 6.9984288], [-73.1141754, 6.9987841], [-73.1144957, 6.9990739], [-73.1148156, 6.9993609], [-73.1150673, 6.9997158], [-73.115297, 7.0000957], [-73.1154522, 7.0004927], [-73.1154956, 7.000906], [-73.1154575, 7.0013388], [-73.1153681, 7.001773], [-73.1152537, 7.0021898], [-73.115081, 7.0025816], [-73.1148744, 7.0029638], [-73.1146984, 7.0033564], [-73.1145932, 7.0037745], [-73.1144758, 7.0041891], [-73.1143758, 7.0046072], [-73.1143065, 7.0050314], [-73.1141999, 7.0058861], [-73.1143206, 7.0072273], [-73.1143349, 7.0080966], [-73.114256, 7.0085129], [-73.1144151, 7.0090056], [-73.1155179, 7.011726], [-73.1182445, 7.0114806], [-73.1207389, 7.0116255], [-73.1223768, 7.0119298], [-73.1235495, 7.0127812], [-73.1243325, 7.0136342], [-73.1253493, 7.0144863], [-73.1259765, 7.01534], [-73.1229968, 7.0189902], [-73.1226523, 7.0188468], [-73.1222458, 7.0187018], [-73.1218326, 7.0185747], [-73.121416, 7.0184693], [-73.1209909, 7.0184329], [-73.120558, 7.0184458], [-73.1201293, 7.0184707], [-73.1197026, 7.0185271], [-73.1192766, 7.0185905], [-73.1188558, 7.0186761], [-73.1184429, 7.0187978], [-73.117447, 7.0192853], [-73.1170394, 7.019775], [-73.1160003, 7.0205953], [-73.1155267, 7.0211539], [-73.1154548, 7.0213973], [-73.1153851, 7.0217167], [-73.1154784, 7.0220537], [-73.1155106, 7.0222933], [-73.1156876, 7.0225436], [-73.1159183, 7.0227991], [-73.1160417, 7.0229642], [-73.1164333, 7.023438], [-73.1164923, 7.0237096], [-73.116503, 7.0240503], [-73.1166854, 7.0245827], [-73.1168892, 7.0248755], [-73.1173238, 7.0252536], [-73.1175397, 7.0254492], [-73.1178294, 7.0255291], [-73.1179474, 7.0257527], [-73.1179957, 7.0260349], [-73.118001, 7.026168], [-73.1180493, 7.0262691], [-73.1181083, 7.0263756], [-73.1182478, 7.0264608], [-73.1183926, 7.0264874], [-73.1184999, 7.0264821], [-73.1186609, 7.0265513], [-73.1188218, 7.0266578], [-73.1189559, 7.0268069], [-73.1191758, 7.0270677], [-73.1193461, 7.0272538], [-73.1193788, 7.0272812], [-73.1195943, 7.0274615], [-73.1198839, 7.027552], [-73.1202058, 7.027552], [-73.1204687, 7.0276797], [-73.1206779, 7.0278661], [-73.1207729, 7.0279852], [-73.1211285, 7.0281004], [-73.1213162, 7.0282335], [-73.121416, 7.0283546], [-73.1215394, 7.0284131], [-73.1217455, 7.0286141], [-73.1218452, 7.0287113], [-73.1222421, 7.0289828], [-73.1223462, 7.0291332], [-73.1222604, 7.0293249], [-73.1222604, 7.0294261], [-73.1223709, 7.0295578], [-73.1224782, 7.0296377], [-73.1225393, 7.0297136], [-73.1225533, 7.0298027], [-73.1225148, 7.0298698], [-73.122382, 7.0299228], [-73.1218456, 7.0300026], [-73.1217544, 7.030189], [-73.121631, 7.0304818], [-73.1216149, 7.0307107], [-73.1213253, 7.0308545], [-73.121057, 7.0310142], [-73.1207674, 7.0312378], [-73.1204401, 7.0313922], [-73.1200914, 7.0317649], [-73.1198447, 7.0319832], [-73.1196355, 7.0320417], [-73.1192707, 7.0320737], [-73.1188807, 7.0319986], [-73.1187502, 7.03193], [-73.1185464, 7.0319832], [-73.1182674, 7.0318768], [-73.1180742, 7.0316551], [-73.1180034, 7.0317127], [-73.1179555, 7.0319319], [-73.1179698, 7.0321797], [-73.1179533, 7.0323274], [-73.1183376, 7.032354], [-73.1185023, 7.0323514], [-73.1186591, 7.0323133], [-73.1189327, 7.0329255], [-73.118627, 7.0333727], [-73.1187933, 7.0337705], [-73.1188219, 7.0338183], [-73.1188095, 7.0340728], [-73.1190975, 7.0348267], [-73.1191491, 7.0349945], [-73.1191585, 7.0351516], [-73.1191223, 7.0357303], [-73.1192885, 7.0359397], [-73.1192446, 7.0360144], [-73.1194281, 7.0358699], [-73.1195615, 7.0356459], [-73.1197229, 7.0354337], [-73.1203583, 7.0352428], [-73.121071, 7.0349848], [-73.121641, 7.0342075], [-73.1218658, 7.0338172], [-73.1220308, 7.0336788], [-73.1221622, 7.0336602], [-73.1224224, 7.0337254], [-73.1229629, 7.033374], [-73.123568, 7.0333654], [-73.1237018, 7.0333287], [-73.1239472, 7.0330306], [-73.1243183, 7.0329057], [-73.124576, 7.0327839], [-73.1248453, 7.0329665], [-73.1251475, 7.0329041], [-73.1254097, 7.0331464], [-73.1256739, 7.0332036], [-73.1258194, 7.033543], [-73.1260756, 7.033702], [-73.1264126, 7.033939], [-73.126457, 7.0342245], [-73.1268672, 7.034405], [-73.127127, 7.034518], [-73.1271778, 7.0348665], [-73.1271138, 7.0352102], [-73.1264776, 7.0360993], [-73.126201, 7.0368299], [-73.1260836, 7.0373121], [-73.1262731, 7.0378637], [-73.1269071, 7.0384297], [-73.1277416, 7.0390929], [-73.1279967, 7.0395219], [-73.127926, 7.0398627], [-73.1276408, 7.0400971], [-73.1274354, 7.0404991], [-73.1281357, 7.04224], [-73.1286685, 7.0433559], [-73.1291652, 7.0444196], [-73.1296137, 7.0453471], [-73.1305587, 7.0460708], [-73.1308736, 7.0462173], [-73.1313302, 7.0463449], [-73.131988, 7.0464854], [-73.1322571, 7.0466614], [-73.1325663, 7.0467055], [-73.1331457, 7.0468046], [-73.1333025, 7.0471905], [-73.1331265, 7.0476739], [-73.133266, 7.0480865], [-73.1335515, 7.0485871], [-73.1337286, 7.049494], [-73.1339076, 7.0502347], [-73.1340553, 7.0505103], [-73.1341353, 7.0508563], [-73.1342949, 7.0510624], [-73.1344818, 7.0514083], [-73.1345844, 7.0515587], [-73.1349058, 7.0517118], [-73.1351658, 7.0518535], [-73.1349758, 7.0521607], [-73.1350086, 7.0537951], [-73.135006, 7.0542835], [-73.1346663, 7.0548347], [-73.134261, 7.0553618], [-73.1338183, 7.0559296], [-73.133438, 7.0561005], [-73.1334304, 7.0563319], [-73.1337338, 7.0566678], [-73.1339976, 7.0568728], [-73.1343115, 7.0571552], [-73.1343029, 7.057403], [-73.1342977, 7.0576729], [-73.1338908, 7.0579996], [-73.1341783, 7.0583844], [-73.1344465, 7.0587571], [-73.1345002, 7.0590499], [-73.1344733, 7.0593906], [-73.1345836, 7.0596475], [-73.1342266, 7.059923], [-73.1338403, 7.0599443], [-73.1329651, 7.0604072], [-73.1325408, 7.0604908], [-73.1321482, 7.0607685], [-73.1316889, 7.0610145], [-73.1313706, 7.0608672], [-73.1311235, 7.0610216], [-73.1309373, 7.0611506], [-73.1307544, 7.0612228], [-73.1306832, 7.0614516], [-73.1302544, 7.0614204], [-73.1300035, 7.061733], [-73.1297937, 7.0619206], [-73.1296539, 7.0620196], [-73.129301, 7.0619601], [-73.1289212, 7.0620307], [-73.1284924, 7.062574], [-73.1282321, 7.0631354], [-73.1278263, 7.063447], [-73.1270848, 7.063924], [-73.126654, 7.06392], [-73.1262372, 7.0640095], [-73.1260018, 7.0641995], [-73.1259032, 7.064279], [-73.1256, 7.0645847], [-73.1252936, 7.0648872], [-73.1250198, 7.0652179], [-73.1246735, 7.0653683], [-73.1243376, 7.0656526], [-73.1238319, 7.0657035], [-73.1238076, 7.0657564], [-73.1237631, 7.0658534], [-73.1231565, 7.067236], [-73.1232115, 7.0672307], [-73.1233725, 7.0672786], [-73.1235675, 7.0673444], [-73.123748, 7.0674224], [-73.1239215, 7.0676531], [-73.1239859, 7.0678608], [-73.1239859, 7.0680205], [-73.124002, 7.0681908], [-73.1240503, 7.0683292], [-73.1240449, 7.0684517], [-73.123825, 7.0685156], [-73.1238679, 7.0687232], [-73.1239591, 7.0688882], [-73.1239644, 7.0691171], [-73.1239618, 7.0693359], [-73.1239622, 7.0694063], [-73.1239627, 7.0694751], [-73.124043, 7.0695518], [-73.1238947, 7.0697613], [-73.1238218, 7.0698253], [-73.1238213, 7.0700514], [-73.1238383, 7.0702442], [-73.123748, 7.0703397], [-73.1236514, 7.0704888], [-73.1235119, 7.0705154], [-73.1243463, 7.0709823], [-73.1243746, 7.0715894], [-73.1244608, 7.0719276], [-73.1248876, 7.0725641], [-73.1255364, 7.073106], [-73.1263081, 7.0734104], [-73.126279, 7.0735868], [-73.1262436, 7.0739129], [-73.1261209, 7.0743391], [-73.1260029, 7.0753083], [-73.1259209, 7.0755938], [-73.1254086, 7.0763445], [-73.1253371, 7.0765592], [-73.1252428, 7.0767403], [-73.1249965, 7.0769975], [-73.1248659, 7.0771263], [-73.124731, 7.077372], [-73.1246119, 7.0776279], [-73.1244475, 7.0779064], [-73.1244105, 7.0783198], [-73.1243279, 7.0787021], [-73.1239987, 7.0795267], [-73.1238791, 7.0797109], [-73.1235301, 7.0803635], [-73.1235477, 7.0808511], [-73.1235399, 7.0809474], [-73.1234081, 7.0813879], [-73.1232172, 7.0818922], [-73.1232149, 7.0821091], [-73.1232864, 7.082325], [-73.1239186, 7.081969], [-73.1247031, 7.0814812], [-73.1255374, 7.0811965], [-73.1259362, 7.0812678], [-73.12595, 7.0812686], [-73.1259561, 7.081269], [-73.126476, 7.0813264], [-73.1269536, 7.0812487], [-73.1272023, 7.0812881], [-73.1273161, 7.0813077], [-73.1280462, 7.0812243], [-73.1290024, 7.0811368], [-73.1293664, 7.0811254], [-73.1299701, 7.0812188], [-73.1303998, 7.0811809], [-73.1307716, 7.080951], [-73.1317664, 7.0803302], [-73.1328, 7.0797802], [-73.1332474, 7.0794423], [-73.1333567, 7.079304], [-73.1334009, 7.0790049], [-73.133421, 7.0789177], [-73.1334657, 7.0787243], [-73.1335636, 7.0785714], [-73.134646, 7.0786105], [-73.1352843, 7.0787068], [-73.1360396, 7.0788724], [-73.1366527, 7.0789045], [-73.1370991, 7.0788662], [-73.1372282, 7.0787074], [-73.1373085, 7.0784692], [-73.1374708, 7.077965], [-73.1378522, 7.0776611], [-73.1384784, 7.0773977], [-73.1386798, 7.0771174], [-73.1388519, 7.0767661], [-73.1391303, 7.0762618], [-73.1397028, 7.0757334], [-73.140289, 7.0753673], [-73.1406987, 7.0752611], [-73.141299, 7.075246], [-73.1424219, 7.075156], [-73.1433578, 7.0750326], [-73.1435584, 7.0750061], [-73.1442878, 7.0747618], [-73.1453729, 7.0745553], [-73.1454348, 7.0745266], [-73.1458463, 7.074536], [-73.1468338, 7.0747056], [-73.1477627, 7.0747594], [-73.1497398, 7.0755624], [-73.1508444, 7.0759633], [-73.154331, 7.0768755], [-73.1544779, 7.0768835], [-73.1549941, 7.0769115], [-73.155318, 7.0769291], [-73.1556789, 7.0770714], [-73.1558338, 7.0771325], [-73.156182, 7.0772699], [-73.156883, 7.0775464], [-73.1570722, 7.077621], [-73.1573531, 7.0777318], [-73.157753, 7.0780948], [-73.1577679, 7.0781083], [-73.1579048, 7.0782325], [-73.1580524, 7.0783665], [-73.1580964, 7.0785042], [-73.1581562, 7.0786913], [-73.1582016, 7.0788332], [-73.1582457, 7.0790614], [-73.158495, 7.0803478], [-73.1585198, 7.0804759], [-73.158659, 7.0811946], [-73.1586464, 7.0814417], [-73.1585933, 7.0824808], [-73.1583083, 7.0836418], [-73.1580217, 7.0844548], [-73.1583127, 7.0846274], [-73.1586216, 7.0846453], [-73.1589381, 7.0846637], [-73.1589802, 7.0846661], [-73.1592416, 7.0846813], [-73.1598801, 7.0846784], [-73.1596516, 7.0854912], [-73.1595404, 7.0865934], [-73.1595257, 7.0866479], [-73.1589124, 7.0889155], [-73.1589293, 7.0926843], [-73.1588203, 7.0933605], [-73.1586461, 7.0942511], [-73.1585342, 7.0951793], [-73.1588174, 7.0955216], [-73.1593317, 7.0957977], [-73.1603352, 7.0959425], [-73.1606441, 7.0959808], [-73.160763, 7.0959955], [-73.1629286, 7.0954118], [-73.1638339, 7.095378], [-73.1640286, 7.0960576], [-73.1649384, 7.0961779], [-73.1651351, 7.0961477], [-73.1653683, 7.0961319], [-73.1656515, 7.096178], [-73.1661414, 7.0964335], [-73.1662321, 7.0964707], [-73.1663544, 7.0964901], [-73.1667934, 7.0965091], [-73.1669345, 7.0965012], [-73.1670284, 7.0964959], [-73.1669318, 7.096826], [-73.1682351, 7.0972828], [-73.1689039, 7.0976892], [-73.169408, 7.0980355], [-73.169943, 7.0983132], [-73.1703255, 7.0984094], [-73.1709944, 7.0986785], [-73.1714557, 7.0988489], [-73.171799, 7.0989554], [-73.1720867, 7.0990096], [-73.1721565, 7.0996533], [-73.17216, 7.1008507], [-73.1721357, 7.101879], [-73.1720433, 7.1023911], [-73.1717505, 7.1028796], [-73.1716007, 7.1030592], [-73.1712467, 7.10336], [-73.1709596, 7.1035414], [-73.170678, 7.1037193], [-73.1703245, 7.1039301], [-73.1699351, 7.1041505], [-73.1694012, 7.1044247], [-73.1688808, 7.1046403], [-73.168508, 7.1047575], [-73.1678883, 7.1048885], [-73.1672554, 7.1050023], [-73.1668745, 7.1050928], [-73.16657, 7.1052771], [-73.1662666, 7.1055518], [-73.1660323, 7.105854], [-73.1658828, 7.1061273], [-73.1657296, 7.1065205], [-73.1656194, 7.1070262], [-73.1656159, 7.107371], [-73.1657564, 7.1081565], [-73.1657743, 7.1085963], [-73.1657637, 7.1088516], [-73.1657957, 7.1093048], [-73.1657097, 7.1098038], [-73.1656092, 7.1101718], [-73.1654276, 7.1105076], [-73.1653865, 7.1108415], [-73.1653356, 7.1114486], [-73.1652719, 7.1118732], [-73.1651823, 7.1122943], [-73.165086, 7.1127138], [-73.1648769, 7.1134809], [-73.1647686, 7.1138979], [-73.1646653, 7.1143169], [-73.1645601, 7.1147352], [-73.1644457, 7.1151499], [-73.1643151, 7.1155584], [-73.1641521, 7.1159545], [-73.1639532, 7.1163369], [-73.1636555, 7.1168873], [-73.163476, 7.1172828], [-73.1631716, 7.1175784], [-73.1628385, 7.117851], [-73.1621655, 7.1183766], [-73.1620853, 7.1187995], [-73.1620043, 7.1192222], [-73.1619238, 7.1196449], [-73.1618448, 7.1200679], [-73.1617687, 7.1204915], [-73.161699, 7.1209161], [-73.1615713, 7.1217582], [-73.1615064, 7.1221836], [-73.1614375, 7.1226084], [-73.161369, 7.1230337], [-73.1612963, 7.1234582], [-73.1612076, 7.1238787], [-73.1610776, 7.1242892], [-73.1609409, 7.124698], [-73.1608498, 7.1251181], [-73.1607772, 7.1255445], [-73.1607128, 7.1259732], [-73.1606514, 7.1264007], [-73.1604574, 7.1272133], [-73.1604141, 7.1273686], [-73.1603657, 7.1275205], [-73.160312, 7.1276691], [-73.1602531, 7.1278143], [-73.1601889, 7.1279563], [-73.1601195, 7.128095], [-73.1600447, 7.1282306], [-73.1599654, 7.1283615], [-73.1599139, 7.1284373], [-73.1598561, 7.128514], [-73.1597915, 7.1285924], [-73.1597188, 7.1286739], [-73.1595778, 7.1288194], [-73.1592316, 7.1291579], [-73.1591439, 7.1292492], [-73.1590677, 7.1293339], [-73.1587697, 7.1297021], [-73.1586463, 7.1298619], [-73.1585368, 7.1300096], [-73.1584245, 7.1301693], [-73.1583238, 7.1303223], [-73.1582347, 7.1304681], [-73.1581394, 7.1306357], [-73.1580464, 7.1308111], [-73.157958, 7.1309903], [-73.1578744, 7.1311728], [-73.1577959, 7.131358], [-73.1577244, 7.1315409], [-73.1576583, 7.1317255], [-73.1575975, 7.1319111], [-73.1575423, 7.1320974], [-73.1574929, 7.1322839], [-73.1574494, 7.13247], [-73.1574118, 7.1326554], [-73.1573803, 7.1328395], [-73.1573692, 7.1329301], [-73.1573629, 7.1330259], [-73.1573615, 7.1331276], [-73.1573649, 7.1332368], [-73.1573835, 7.1334634], [-73.1574393, 7.1339144], [-73.1574581, 7.1341011], [-73.1574675, 7.1342938], [-73.1574669, 7.1343806], [-73.1574628, 7.1344627], [-73.1574538, 7.1345504], [-73.1574401, 7.1346335], [-73.1574218, 7.1347126], [-73.1573987, 7.1347881], [-73.1573653, 7.1348732], [-73.1573075, 7.1350045], [-73.157256, 7.1351112], [-73.1572039, 7.1352101], [-73.1571548, 7.1352948], [-73.1571049, 7.1353733], [-73.157054, 7.1354458], [-73.1570021, 7.1355121], [-73.156949, 7.1355726], [-73.1568949, 7.1356271], [-73.1568394, 7.1356758], [-73.1567842, 7.1357173], [-73.1567052, 7.1357625], [-73.1566096, 7.1358021], [-73.1565078, 7.1358342], [-73.1562263, 7.1359112], [-73.1561449, 7.1359394], [-73.1560751, 7.1359696], [-73.1559651, 7.1360316], [-73.1558391, 7.1361128], [-73.1557233, 7.1361965], [-73.1556139, 7.136285], [-73.1555267, 7.1363633], [-73.1554454, 7.1364439], [-73.1553704, 7.1365263], [-73.1553022, 7.1366103], [-73.1551274, 7.1368437], [-73.1550671, 7.136931], [-73.1550135, 7.1370259], [-73.1549949, 7.1370692], [-73.1549814, 7.1371105], [-73.1549737, 7.1371457], [-73.15497, 7.1371795], [-73.1549703, 7.1372122], [-73.1549745, 7.1372438], [-73.1549963, 7.1373123], [-73.1550379, 7.137394], [-73.1551342, 7.137552], [-73.155189, 7.1376299], [-73.1552707, 7.1377287], [-73.1554559, 7.1379298], [-73.1555329, 7.1380194], [-73.1556186, 7.1381356], [-73.1557204, 7.1382884], [-73.1558426, 7.1384914], [-73.1559593, 7.1387078], [-73.1560705, 7.1389379], [-73.1561766, 7.1391824], [-73.1562832, 7.1394558], [-73.1563853, 7.1397481], [-73.1564814, 7.1400541], [-73.1565592, 7.1403371], [-73.1566156, 7.1405789], [-73.1566591, 7.1408096], [-73.1566852, 7.1409906], [-73.1567254, 7.1413461], [-73.1567488, 7.1416157], [-73.1567529, 7.1417278], [-73.1567521, 7.1418309], [-73.1567465, 7.1419286], [-73.1567359, 7.1420201], [-73.1567202, 7.1421061], [-73.1566993, 7.1421871], [-73.1566822, 7.1422389], [-73.1566614, 7.1422895], [-73.1566052, 7.142396], [-73.1565298, 7.1425103], [-73.1563557, 7.142744], [-73.1562847, 7.1428469], [-73.1562218, 7.142955], [-73.1561693, 7.1430721], [-73.1561201, 7.143214], [-73.1560769, 7.1433771], [-73.1560432, 7.1435373], [-73.1559699, 7.1439319], [-73.1559229, 7.1441335], [-73.1558937, 7.1442326], [-73.1558616, 7.1443236], [-73.1558273, 7.1444059], [-73.1557854, 7.1444921], [-73.1557254, 7.1445996], [-73.155653, 7.1447151], [-73.1555684, 7.1448391], [-73.1547205, 7.1456628], [-73.1545651, 7.1458501], [-73.1542297, 7.1461788], [-73.1521522, 7.1474137], [-73.1517039, 7.1478062], [-73.151534, 7.147986], [-73.1512657, 7.1483533], [-73.150705, 7.1497222], [-73.1504564, 7.1501746], [-73.1498428, 7.151147], [-73.1488343, 7.1520519], [-73.1481305, 7.1527158], [-73.1476967, 7.1530934], [-73.1476758, 7.1531053], [-73.1473214, 7.1533067], [-73.1469764, 7.1534549], [-73.1462805, 7.1538249], [-73.1457772, 7.1540716], [-73.1452393, 7.1545416], [-73.1447947, 7.15493], [-73.1446958, 7.1551905], [-73.1445962, 7.1554528], [-73.1445376, 7.1556072], [-73.1444891, 7.1557349], [-73.1444417, 7.1574087], [-73.1443643, 7.1584968], [-73.1443952, 7.158561], [-73.1443411, 7.1586703], [-73.1442851, 7.1587632], [-73.1442404, 7.1588179], [-73.1441817, 7.1588751], [-73.144116, 7.1589304], [-73.1439389, 7.1590695], [-73.1438914, 7.1591113], [-73.1438532, 7.1591497], [-73.1438157, 7.1591957], [-73.1437888, 7.1592406], [-73.1437718, 7.1592852], [-73.1437643, 7.159331], [-73.1437641, 7.1593652], [-73.1437681, 7.1594016], [-73.1437887, 7.1594818], [-73.1438275, 7.159577], [-73.1439404, 7.1598021], [-73.143984, 7.1599032], [-73.1440452, 7.1601072], [-73.144105, 7.160337], [-73.1441579, 7.1605815], [-73.1441956, 7.1608126], [-73.1442189, 7.1610353], [-73.1442306, 7.1612705], [-73.1442316, 7.1614378], [-73.1442268, 7.1616078], [-73.144215, 7.1617948], [-73.1442011, 7.1619251], [-73.1441704, 7.1621139], [-73.1440781, 7.1625846], [-73.1440097, 7.1630269], [-73.1438693, 7.1638565], [-73.1438107, 7.1642246], [-73.1437697, 7.1645145], [-73.1437596, 7.1647761], [-73.1437148, 7.1650253], [-73.1436995, 7.1652575], [-73.1436917, 7.1655153], [-73.1436929, 7.1656129], [-73.1436996, 7.1656715], [-73.1436958, 7.1657342], [-73.143694, 7.1657767], [-73.1437001, 7.1658315], [-73.143802, 7.1659583], [-73.1445429, 7.1667861], [-73.145171, 7.167437], [-73.1458079, 7.1680795], [-73.1464393, 7.1687273], [-73.1470214, 7.1694196], [-73.1475016, 7.1701853], [-73.1478635, 7.1710137], [-73.1481424, 7.1718737], [-73.1483674, 7.1727515], [-73.1483416, 7.1736497], [-73.1485669, 7.174501], [-73.1491812, 7.1751634], [-73.1498783, 7.1757489], [-73.1504578, 7.1764244], [-73.1508844, 7.1772262], [-73.1513048, 7.1780416], [-73.1517114, 7.1788656], [-73.1520966, 7.1796932], [-73.1524529, 7.1805196], [-73.1526572, 7.1810436], [-73.1527727, 7.1813399], [-73.1524173, 7.1821274], [-73.1519668, 7.1829116], [-73.1517821, 7.1832203], [-73.1515025, 7.1836876], [-73.1509856, 7.1844299], [-73.1505176, 7.1852032], [-73.1503703, 7.1857608], [-73.1502876, 7.1860738], [-73.1503229, 7.1869781], [-73.1504775, 7.187869], [-73.1506724, 7.1887519], [-73.1508579, 7.1897282], [-73.1512731, 7.1905317], [-73.1516925, 7.1913329], [-73.1520867, 7.1921469], [-73.1524174, 7.1929883], [-73.1526636, 7.1938586], [-73.1527976, 7.1947494], [-73.152793, 7.1948669], [-73.1527623, 7.1956536], [-73.1527058, 7.196556], [-73.1526794, 7.1969541], [-73.152646, 7.1974581], [-73.1525856, 7.1983602], [-73.1524923, 7.1992648], [-73.1525905, 7.2001547], [-73.1527792, 7.2010375], [-73.1529836, 7.2019191], [-73.1531961, 7.2028], [-73.153409, 7.2036809], [-73.1536148, 7.2045625], [-73.1538058, 7.2054452], [-73.1538384, 7.2063407], [-73.1538343, 7.2072447], [-73.1540256, 7.2081287], [-73.1542364, 7.209008], [-73.1544751, 7.2098801], [-73.1547595, 7.2107383], [-73.1551078, 7.2115728], [-73.155547, 7.2123628], [-73.1560851, 7.2130897], [-73.1566809, 7.2137703], [-73.1568987, 7.2140058], [-73.1572958, 7.2144352], [-73.1579749, 7.2150371], [-73.159658, 7.2151617], [-73.160314, 7.2146383], [-73.1610353, 7.2140124], [-73.1611905, 7.213872], [-73.1613375, 7.2137392], [-73.1614833, 7.2136073], [-73.1617529, 7.2133635], [-73.1624726, 7.2127283], [-73.1632006, 7.2121433], [-73.1639426, 7.2116455], [-73.1643788, 7.2114313], [-73.1629657, 7.2103299], [-73.1626981, 7.2095405], [-73.1620796, 7.2089283], [-73.1614166, 7.2082285], [-73.1612374, 7.2075265], [-73.1610155, 7.2070882], [-73.16075, 7.206738], [-73.1604403, 7.2063441], [-73.1600862, 7.2058625], [-73.1597805, 7.2055167], [-73.1596537, 7.2053014], [-73.1594845, 7.2050719], [-73.1590314, 7.2040141], [-73.1588072, 7.2032852], [-73.1588343, 7.2029517], [-73.1591262, 7.2019067], [-73.1592789, 7.2014331], [-73.1593992, 7.2009953], [-73.1596962, 7.2002552], [-73.1599139, 7.1994442], [-73.1600608, 7.1988431], [-73.1601853, 7.1981153], [-73.1602246, 7.1969645], [-73.1601596, 7.1963012], [-73.159904, 7.1957374], [-73.1593086, 7.1951726], [-73.1590824, 7.1949886], [-73.1588095, 7.1947631], [-73.1582297, 7.1941425], [-73.157646, 7.1935295], [-73.1570211, 7.1925518], [-73.1571565, 7.1916906], [-73.1571945, 7.1907744], [-73.15735, 7.1899331], [-73.1572877, 7.1892665], [-73.1572946, 7.1886945], [-73.1570795, 7.1876055], [-73.1567657, 7.1871047], [-73.1565769, 7.1867787], [-73.1565003, 7.1863451], [-73.1564727, 7.1859202], [-73.156703, 7.1853068], [-73.1569312, 7.1847359], [-73.1571133, 7.1844738], [-73.1578093, 7.183838], [-73.1582524, 7.1834178], [-73.1586474, 7.1829593], [-73.1589114, 7.1824054], [-73.1590156, 7.181909], [-73.1591168, 7.181367], [-73.1591572, 7.1809937], [-73.1593992, 7.1806646], [-73.159825, 7.1801644], [-73.1600075, 7.1798527], [-73.1601497, 7.1792788], [-73.1602978, 7.1787736], [-73.1603762, 7.1780613], [-73.1604224, 7.1772056], [-73.1604454, 7.1764559], [-73.1604837, 7.175828], [-73.1605275, 7.1752271], [-73.16088, 7.1742351], [-73.1613849, 7.1732793], [-73.1618511, 7.1728981], [-73.1620888, 7.1693315], [-73.1613038, 7.1681538], [-73.1603878, 7.1668454], [-73.1601261, 7.1650135], [-73.1601261, 7.1620041], [-73.1609256, 7.1605955], [-73.1628739, 7.1571628], [-73.1647058, 7.154415], [-73.1662759, 7.1515364], [-73.1711172, 7.1486578], [-73.1733416, 7.1477419], [-73.1751734, 7.1456483], [-73.1760894, 7.1421155], [-73.1783138, 7.1406762], [-73.1807998, 7.1394986], [-73.1825008, 7.1387135], [-73.1835476, 7.1383209], [-73.1839401, 7.1359657], [-73.1832454, 7.1331594], [-73.1832299, 7.131802], [-73.1830998, 7.1312345], [-73.1828025, 7.1305072], [-73.1827112, 7.1303036], [-73.1823217, 7.1292891], [-73.1821011, 7.1287213], [-73.1815739, 7.1280908], [-73.1811698, 7.1276108], [-73.1808877, 7.1272294], [-73.1806432, 7.1266605], [-73.18046, 7.1260747], [-73.1803769, 7.1257445], [-73.1803993, 7.1246766], [-73.1804684, 7.1240732], [-73.180415, 7.1236075], [-73.1802623, 7.1230026], [-73.1800633, 7.1222921], [-73.1800219, 7.1221266], [-73.1799108, 7.1216265], [-73.1798581, 7.1208229], [-73.1798428, 7.1205166], [-73.1798275, 7.1196531], [-73.1798659, 7.1185547], [-73.1798884, 7.118036], [-73.1800414, 7.1167445], [-73.1801479, 7.1160485], [-73.1802007, 7.1156983], [-73.1804069, 7.1143854], [-73.1804447, 7.1141324], [-73.1806054, 7.1135416], [-73.1807352, 7.113083], [-73.1811776, 7.1119322], [-73.18159, 7.1110323], [-73.1821689, 7.1100773], [-73.1823291, 7.1097318], [-73.1824597, 7.1094597], [-73.1825427, 7.10927], [-73.1830466, 7.1084787], [-73.1833133, 7.1080554], [-73.1838093, 7.1072393], [-73.1842213, 7.1065721], [-73.1842792, 7.1064728], [-73.184345, 7.1063606], [-73.1844733, 7.1061454], [-73.1846712, 7.1055683], [-73.1855415, 7.1036679], [-73.1856943, 7.1030919], [-73.1858776, 7.1024695], [-73.185963, 7.102347], [-73.1860772, 7.1022121], [-73.1865034, 7.1013823], [-73.1871063, 7.099738], [-73.1883796, 7.0961011], [-73.1901218, 7.0924621], [-73.191176, 7.0922231], [-73.1919915, 7.091048], [-73.1925665, 7.0885857], [-73.1929097, 7.08671], [-73.1937193, 7.0842466], [-73.1946476, 7.082134], [-73.1953458, 7.0809595], [-73.1953383, 7.0793197], [-73.1954518, 7.0784992], [-73.1956842, 7.0780297], [-73.1963824, 7.0768552], [-73.1966126, 7.0759171], [-73.1966024, 7.0736916], [-73.19683, 7.0721679], [-73.1970591, 7.0709955], [-73.1995101, 7.0685246], [-73.1999738, 7.0673512], [-73.199137, 7.0638411], [-73.1984116, 7.059042], [-73.1981612, 7.0555292], [-73.198735, 7.0528092], [-73.2002527, 7.0513967], [-73.2006007, 7.0509736], [-73.2009514, 7.0503394], [-73.2017705, 7.0499842], [-73.2021185, 7.0491627], [-73.2021158, 7.0485771], [-73.2012914, 7.0477609], [-73.2003535, 7.0477652], [-73.1992972, 7.0475357], [-73.1987062, 7.0464842], [-73.1987025, 7.0456643], [-73.1992672, 7.0445573], [-73.1992829, 7.0443823], [-73.1994663, 7.0443222], [-73.2001664, 7.0440867], [-73.2009982, 7.0438859], [-73.2016467, 7.0437278], [-73.2028669, 7.0433729], [-73.2040426, 7.0431841], [-73.2049431, 7.0431451], [-73.206148, 7.043118], [-73.2066976, 7.0431891], [-73.2073684, 7.0432287], [-73.2080255, 7.0433181], [-73.2084981, 7.0434128], [-73.209421, 7.0435275], [-73.2103439, 7.0436298], [-73.211924, 7.0437729], [-73.213037, 7.0438823], [-73.2137168, 7.0439107], [-73.2144793, 7.0438692], [-73.2156391, 7.0437436], [-73.2166382, 7.0436358], [-73.2171803, 7.0435261], [-73.21747, 7.0434656], [-73.2179511, 7.0432743], [-73.2186982, 7.0430237], [-73.2187859, 7.0429931], [-73.2193289, 7.0428433], [-73.220582, 7.0425345], [-73.2212012, 7.0422447], [-73.2213847, 7.0421774], [-73.2217218, 7.0420511], [-73.2224937, 7.0417587], [-73.2232848, 7.0415225], [-73.2245262, 7.041214], [-73.224948, 7.0411345], [-73.2255932, 7.0410194], [-73.2261482, 7.041076], [-73.2266284, 7.0410408], [-73.2272018, 7.0411034], [-73.2277015, 7.0412799], [-73.2279244, 7.041403], [-73.2284364, 7.0416877], [-73.2289102, 7.0419485], [-73.229409, 7.042359], [-73.2300161, 7.0428417], [-73.2304367, 7.0432296], [-73.2308175, 7.0436943], [-73.231192, 7.0441623], [-73.2315523, 7.0447098], [-73.2317589, 7.0452145], [-73.2320309, 7.045917], [-73.2322335, 7.0464945], [-73.2324728, 7.04695], [-73.2330086, 7.0477572], [-73.2333983, 7.0482335], [-73.2338868, 7.0487818], [-73.2342997, 7.0490814], [-73.2345585, 7.0492664], [-73.2355327, 7.0498441], [-73.236219, 7.0501832], [-73.2372282, 7.0504456], [-73.2382784, 7.0506386], [-73.2391711, 7.0507348], [-73.2400786, 7.050828], [-73.2407062, 7.050893], [-73.2422361, 7.0511494], [-73.2432176, 7.0512921], [-73.2443714, 7.0515178], [-73.2455222, 7.0517712], [-73.2465535, 7.0520753], [-73.2468987, 7.0522474], [-73.2477785, 7.0525134], [-73.2487987, 7.0525704], [-73.2496332, 7.0525665], [-73.2509902, 7.0519426], [-73.2521022, 7.0518139], [-73.2542347, 7.051804], [-73.2555952, 7.0519212], [-73.2563685, 7.052072], [-73.2569888, 7.0525322], [-73.2572689, 7.0529323], [-73.2578896, 7.0534852], [-73.2589115, 7.0539127], [-73.2597476, 7.0542484], [-73.2603982, 7.054585], [-73.2608027, 7.0551698], [-73.260528, 7.0559121], [-73.2602512, 7.0561913], [-73.2599675, 7.0565806], [-73.2597954, 7.0569751], [-73.2596236, 7.0573696], [-73.2594967, 7.0577793], [-73.259399, 7.0581985], [-73.2592936, 7.0586156], [-73.2591523, 7.059022], [-73.2590154, 7.0594306], [-73.2587891, 7.0598024], [-73.258613, 7.0601874], [-73.2585865, 7.0606376], [-73.2587966, 7.0609854], [-73.2591998, 7.061167], [-73.2596361, 7.0611247], [-73.2600635, 7.0611166], [-73.2604659, 7.0612951], [-73.2608203, 7.0615651], [-73.2609619, 7.0619273], [-73.2609518, 7.0623733], [-73.2612258, 7.0626892], [-73.261562, 7.0629807], [-73.2619979, 7.0635857], [-73.2619431, 7.0636043], [-73.2611926, 7.0640936], [-73.2606948, 7.0648454], [-73.2604181, 7.0657065], [-73.2602764, 7.0665984], [-73.2602511, 7.0675025], [-73.2602599, 7.0684066], [-73.2602904, 7.0693102], [-73.2603359, 7.0702132], [-73.2603887, 7.0711158], [-73.2604451, 7.0719882], [-73.2605112, 7.0722565], [-73.2606818, 7.0728906], [-73.2605279, 7.0737792], [-73.2606385, 7.0746785], [-73.2607224, 7.0755806], [-73.2609026, 7.0764603], [-73.2612127, 7.077309], [-73.2615428, 7.0781527], [-73.2618781, 7.0789953], [-73.2622039, 7.0798407], [-73.2625052, 7.0806927], [-73.2627661, 7.0815559], [-73.2629346, 7.0824539], [-73.2630375, 7.0833756], [-73.2631418, 7.0842911], [-73.263314, 7.08517], [-73.2636229, 7.0859824], [-73.2640224, 7.0865289], [-73.264181, 7.0867338], [-73.2648413, 7.087349], [-73.2655715, 7.0879105], [-73.2664189, 7.0880013], [-73.2673213, 7.0879091], [-73.2682101, 7.0880377], [-73.2690284, 7.0884306], [-73.2698193, 7.0888703], [-73.2705896, 7.0893449], [-73.2713422, 7.0898473], [-73.27208, 7.0903709], [-73.2728065, 7.0909101], [-73.2735239, 7.0914614], [-73.2742322, 7.0920242], [-73.2749164, 7.0926161], [-73.2755802, 7.0932308], [-73.2762298, 7.0938603], [-73.2767082, 7.0943361], [-73.2769375, 7.0945644], [-73.2775111, 7.0951378], [-73.2781567, 7.0957715], [-73.2787948, 7.0964126], [-73.2794169, 7.0970694], [-73.2800357, 7.0977292], [-73.2806654, 7.0983787], [-73.2813187, 7.0990049], [-73.2820533, 7.0994913], [-73.2829216, 7.0997421], [-73.2836193, 7.1003144], [-73.2842424, 7.1009704], [-73.2848259, 7.1016605], [-73.2853407, 7.1024046], [-73.2858019, 7.1031825], [-73.286261, 7.1039618], [-73.286688, 7.1045678], [-73.2868518, 7.1047829], [-73.2873691, 7.1053886], [-73.2880055, 7.1060313], [-73.2886989, 7.106612], [-73.2894324, 7.1071421], [-73.2901844, 7.1076452], [-73.2909561, 7.1081176], [-73.2917444, 7.1085707], [-73.2933782, 7.1088153], [-73.2924385, 7.1101483], [-73.2919291, 7.1108958], [-73.291504, 7.1116932], [-73.2914071, 7.1125841], [-73.291488, 7.1134841], [-73.2911531, 7.1143142], [-73.2906754, 7.1150832], [-73.2901599, 7.1158264], [-73.2896182, 7.1165508], [-73.2890614, 7.1172636], [-73.2887682, 7.1176341], [-73.288881, 7.1178167], [-73.2895511, 7.1183085], [-73.290349, 7.1187463], [-73.2913665, 7.1188739], [-73.2922951, 7.1189136], [-73.2931804, 7.1191302], [-73.2935823, 7.1199673], [-73.2941604, 7.1206712], [-73.2951792, 7.1210637], [-73.2965979, 7.121896], [-73.2978837, 7.1226405], [-73.2993001, 7.122987], [-73.3002294, 7.1231592], [-73.3011153, 7.1235082], [-73.3020025, 7.1241222], [-73.3032865, 7.1245135], [-73.3042593, 7.124553], [-73.305188, 7.1245927], [-73.3062054, 7.1247202], [-73.3071341, 7.1247599], [-73.3080633, 7.1249321], [-73.3092604, 7.1256329], [-73.3102794, 7.1260696], [-73.311208, 7.1261093], [-73.3117396, 7.1263275], [-73.3124047, 7.1267217], [-73.3129709, 7.1268271], [-73.3132043, 7.1265159], [-73.3134397, 7.1257422], [-73.313608, 7.125103], [-73.3137762, 7.1244302], [-73.3137762, 7.1238246], [-73.3139107, 7.123421], [-73.3140793, 7.12314], [-73.3139522, 7.1227409], [-73.3139365, 7.1223129], [-73.314058, 7.1219012], [-73.3142593, 7.1215213], [-73.3145223, 7.1211832], [-73.3147553, 7.1206298], [-73.3150476, 7.1203203], [-73.3151663, 7.1199064], [-73.3153232, 7.1195098], [-73.3157075, 7.1193252], [-73.3160471, 7.1190708], [-73.3163726, 7.1187903], [-73.3164478, 7.1183726], [-73.3164489, 7.1179423], [-73.3164367, 7.1175121], [-73.3164225, 7.117082], [-73.3163959, 7.116651], [-73.3164012, 7.1162232], [-73.3165079, 7.115805], [-73.3166025, 7.115385], [-73.3167083, 7.1149682], [-73.3168495, 7.1145615], [-73.3169875, 7.1141539], [-73.3171028, 7.1137325], [-73.3173393, 7.1133845], [-73.3176563, 7.1130853], [-73.3179641, 7.1127803], [-73.318182, 7.1124206], [-73.3183885, 7.1117172], [-73.3192948, 7.112568], [-73.3200793, 7.1130189], [-73.3208775, 7.1134455], [-73.321683, 7.1138579], [-73.3224918, 7.1142638], [-73.3232994, 7.114672], [-73.3241024, 7.1150895], [-73.3248886, 7.1155372], [-73.3256551, 7.1160253], [-73.3265519, 7.1161004], [-73.3274557, 7.1161492], [-73.3283595, 7.1161993], [-73.3292627, 7.1162597], [-73.3301644, 7.116338], [-73.331058, 7.1164782], [-73.3319183, 7.1167577], [-73.3327491, 7.1171171], [-73.333567, 7.1175044], [-73.3343819, 7.117898], [-73.3351917, 7.1183019], [-73.3368046, 7.1191233], [-73.3376142, 7.1195276], [-73.3384237, 7.1199321], [-73.3392227, 7.120357], [-73.3400227, 7.1207799], [-73.340839, 7.1211706], [-73.3416821, 7.1215027], [-73.342571, 7.1216621], [-73.343471, 7.1215771], [-73.3443714, 7.1214844], [-73.3452425, 7.1216902], [-73.3459662, 7.1222349], [-73.3465797, 7.1228994], [-73.34715, 7.1236016], [-73.3477297, 7.124296], [-73.3482964, 7.1250008], [-73.3488263, 7.1257338], [-73.3493327, 7.1264833], [-73.3498136, 7.1272493], [-73.3502521, 7.1280462], [-73.350297, 7.1286243], [-73.3502768, 7.1289692], [-73.350505, 7.129599], [-73.3507331, 7.1302861], [-73.3515919, 7.1306308], [-73.3541122, 7.1309781], [-73.3565739, 7.1321264], [-73.357055, 7.1328435], [-73.357364, 7.1337546], [-73.357825, 7.1345889], [-73.3583618, 7.1353468], [-73.3590504, 7.1360279], [-73.3595871, 7.1367858], [-73.3596678, 7.137698], [-73.3601288, 7.1385323], [-73.3611701, 7.1399816], [-73.3619667, 7.1406527], [-73.362655, 7.1412577], [-73.3635706, 7.1416334], [-73.3648665, 7.1419312], [-73.3655548, 7.1425362], [-73.3665473, 7.1430637], [-73.3680708, 7.1432082], [-73.3693675, 7.1436581], [-73.3710479, 7.1447145], [-73.3716608, 7.145472], [-73.3722734, 7.1461534], [-73.3732628, 7.1460724], [-73.3741765, 7.1460679], [-73.375091, 7.1462154], [-73.3760831, 7.1466668], [-73.3769983, 7.1469664], [-73.3803485, 7.1469497], [-73.3815679, 7.1471717], [-73.3829392, 7.147317], [-73.3838529, 7.1473124], [-73.3847681, 7.147612], [-73.3853053, 7.1484459], [-73.3859178, 7.1491273], [-73.3869088, 7.1493505], [-73.3878229, 7.149422], [-73.3885112, 7.1500269], [-73.389048, 7.1507848], [-73.3895064, 7.1510867], [-73.3902263, 7.1514657], [-73.3904236, 7.1513854], [-73.3906153, 7.1513179], [-73.3907775, 7.1512704], [-73.3909493, 7.1512306], [-73.3911322, 7.1511981], [-73.3913287, 7.1511724], [-73.3915259, 7.1511544], [-73.3917455, 7.151141], [-73.3919832, 7.151132], [-73.3925413, 7.1511173], [-73.3929984, 7.1510924], [-73.3931033, 7.1510911], [-73.3931978, 7.1510937], [-73.3932852, 7.1511005], [-73.3933668, 7.1511116], [-73.393435, 7.151125], [-73.3935016, 7.1511427], [-73.3935714, 7.151166], [-73.3936447, 7.1511951], [-73.3937863, 7.1512614], [-73.3940599, 7.1514061], [-73.3941748, 7.1514631], [-73.3942819, 7.1515095], [-73.3944455, 7.1515697], [-73.3947005, 7.1516557], [-73.3949584, 7.1517333], [-73.3952195, 7.1518028], [-73.3954441, 7.1518548], [-73.396478, 7.1522099], [-73.3967434, 7.1522549], [-73.3973755, 7.1525753], [-73.3981768, 7.1529975], [-73.3990422, 7.1532581], [-73.3999457, 7.1532591], [-73.4008154, 7.1530212], [-73.401622, 7.1526041], [-73.4032753, 7.1523046], [-73.4044984, 7.152364], [-73.4048584, 7.1531936], [-73.4052104, 7.1540267], [-73.4055865, 7.1548491], [-73.4060129, 7.1556466], [-73.4064638, 7.1564305], [-73.4069329, 7.1572039], [-73.4074222, 7.1579646], [-73.4079367, 7.1587085], [-73.4084819, 7.1594302], [-73.409075, 7.1601132], [-73.4097159, 7.1607517], [-73.4111229, 7.1614911], [-73.4114896, 7.1606644], [-73.4118518, 7.1598358], [-73.4122295, 7.1590141], [-73.4126403, 7.1582084], [-73.4130571, 7.1574058], [-73.4134703, 7.1566013], [-73.4138825, 7.1557963], [-73.4142983, 7.1549932], [-73.4147192, 7.1541927], [-73.4151503, 7.1533976], [-73.415594, 7.1526095], [-73.4160542, 7.1518309], [-73.4165322, 7.1510613], [-73.4171407, 7.1503859], [-73.4179926, 7.1505081], [-73.4186421, 7.1511295], [-73.4191665, 7.1518714], [-73.4198411, 7.1524689], [-73.4206717, 7.15283], [-73.4215379, 7.153095], [-73.4223944, 7.1533905], [-73.4231532, 7.1538757], [-73.4236416, 7.1546353], [-73.4239262, 7.1554939], [-73.4240969, 7.1563818], [-73.4242125, 7.1572785], [-73.4243246, 7.1581759], [-73.4244059, 7.1590751], [-73.424341, 7.1599823], [-73.4246898, 7.1607967], [-73.4253849, 7.1613798], [-73.4260476, 7.1619952], [-73.4267363, 7.1625824], [-73.4273798, 7.1632182], [-73.4278772, 7.1639701], [-73.4281211, 7.164841], [-73.4282237, 7.1657396], [-73.4282451, 7.1666434], [-73.4282106, 7.1675469], [-73.4281458, 7.1684487], [-73.4280851, 7.1693527], [-73.4277707, 7.1702028], [-73.4279275, 7.1710802], [-73.4285579, 7.1717169], [-73.4292313, 7.1723215], [-73.4298304, 7.1729986], [-73.4302619, 7.1737916], [-73.4305692, 7.174642], [-73.430862, 7.1754973], [-73.4312143, 7.1763303], [-73.4315816, 7.1771567], [-73.4319661, 7.1779752], [-73.4323966, 7.1787707], [-73.4329122, 7.1795131], [-73.4335408, 7.180163], [-73.4346076, 7.1811405], [-73.4352933, 7.1805497], [-73.4361315, 7.1802571], [-73.4370395, 7.1803179], [-73.4379441, 7.1803131], [-73.438836, 7.1801582], [-73.4397181, 7.1799549], [-73.4405778, 7.1796705], [-73.4413723, 7.1792393], [-73.4420121, 7.1786014], [-73.442521, 7.1778533], [-73.4429643, 7.1770647], [-73.4433515, 7.1762475], [-73.443658, 7.1753969], [-73.4438112, 7.1745089], [-73.4437618, 7.1736054], [-73.4437141, 7.1727022], [-73.4438369, 7.1718071], [-73.4440579, 7.1709301], [-73.4444133, 7.1700994], [-73.4449389, 7.1693645], [-73.4455566, 7.1687038], [-73.4462175, 7.1680859], [-73.4468921, 7.1674829], [-73.4475351, 7.1668293], [-73.4483993, 7.1666238], [-73.4492864, 7.166464], [-73.4501842, 7.1663259], [-73.4510869, 7.1661975], [-73.452609, 7.1659696], [-73.4532182, 7.1666389], [-73.4539188, 7.1672048], [-73.4547338, 7.1676011], [-73.4555933, 7.1678992], [-73.4563466, 7.1672371], [-73.4559674, 7.1671111], [-73.4559083, 7.1661999], [-73.4558925, 7.1652958], [-73.455998, 7.1643983], [-73.4561542, 7.1635077], [-73.4563668, 7.1626288], [-73.4566622, 7.1617734], [-73.457138, 7.1610071], [-73.4578133, 7.1604023], [-73.4586119, 7.159995], [-73.4595106, 7.1598811], [-73.4604147, 7.1598299], [-73.4613198, 7.1598183], [-73.4622215, 7.1598936], [-73.4631115, 7.1600595], [-73.4639894, 7.1602799], [-73.4648557, 7.1605421], [-73.4657133, 7.1608341], [-73.4665267, 7.1612283], [-73.467244, 7.1617924], [-73.4673286, 7.1626817], [-73.4675691, 7.1635383], [-73.4698935, 7.1663173], [-73.4726261, 7.1691412], [-73.4755282, 7.1700481], [-73.4799973, 7.1700481], [-73.4809696, 7.1700481], [-73.4838718, 7.1696853], [-73.4851414, 7.1687784], [-73.4862297, 7.1676901], [-73.487318, 7.1669646], [-73.4889505, 7.1667832], [-73.4913084, 7.1666018], [-73.4931223, 7.1664204], [-73.495843, 7.1666018], [-73.4973023, 7.166328], [-73.4981602, 7.1661671], [-73.5004638, 7.1676036], [-73.5038452, 7.1684536], [-73.5061818, 7.1691412], [-73.5079956, 7.1693225], [-73.5161578, 7.1693225], [-73.5186972, 7.1691412], [-73.5215993, 7.1689598], [-73.522869, 7.1680529], [-73.5250456, 7.166239], [-73.5277663, 7.1651507], [-73.5301243, 7.1640625], [-73.5330264, 7.1633369], [-73.5390637, 7.1621661], [-73.5399683, 7.162132], [-73.5408705, 7.1620569], [-73.5417658, 7.161921], [-73.5426313, 7.1616596], [-73.543452, 7.1612785], [-73.5442469, 7.1608444], [-73.545352, 7.1599373]]]}}, {"type": "Feature", "properties": {"nombre": "Piedecuesta", "zona": "bucaramanga", "centro": [6.9874808, -73.0504129]}, "geometry": {"type": "Polygon", "coordinates": [[[-73.1259765, 7.01534], [-73.1253493, 7.0144863], [-73.1243325, 7.0136342], [-73.1235495, 7.0127812], [-73.1223768, 7.0119298], [-73.1207389, 7.0116255], [-73.1182445, 7.0114806], [-73.1155179, 7.011726], [-73.1144151, 7.0090056], [-73.114256, 7.0085129], [-73.1143349, 7.0080966], [-73.1143206, 7.0072273], [-73.1141999, 7.0058861], [-73.1143065, 7.0050314], [-73.1143758, 7.0046072], [-73.1144758, 7.0041891], [-73.1145932, 7.0037745], [-73.1146984, 7.0033564], [-73.1148744, 7.0029638], [-73.115081, 7.0025816], [-73.1152537, 7.0021898], [-73.1153681, 7.001773], [-73.1154575, 7.0013388], [-73.1154956, 7.000906], [-73.1154522, 7.0004927], [-73.115297, 7.0000957], [-73.1150673, 6.9997158], [-73.1148156, 6.9993609], [-73.1144957, 6.9990739], [-73.1141754, 6.9987841], [-73.1139284, 6.9984288], [-73.1134031, 6.9980325], [-73.1132655, 6.9976237], [-73.1131841, 6.9972023], [-73.113163, 6.9967722], [-73.1132115, 6.9962152], [-73.1133338, 6.9958111], [-73.1134109, 6.9956766], [-73.1135507, 6.995433], [-73.1138281, 6.9951105], [-73.1141612, 6.9948344], [-73.1145268, 6.9945988], [-73.1149097, 6.9944065], [-73.1153102, 6.9942432], [-73.115722, 6.9941084], [-73.1161383, 6.9940047], [-73.1165637, 6.9939519], [-73.1169957, 6.9939282], [-73.1174261, 6.9938946], [-73.1178651, 6.9938699], [-73.1183046, 6.9938435], [-73.1187218, 6.9937679], [-73.1190902, 6.993587], [-73.1194035, 6.993286], [-73.1197564, 6.9929133], [-73.1200063, 6.992557], [-73.1202538, 6.9921978], [-73.1205282, 6.991873], [-73.1208744, 6.9916319], [-73.1212918, 6.9914901], [-73.1217151, 6.9914124], [-73.1221507, 6.9913793], [-73.1225751, 6.9913177], [-73.1227651, 6.9912424], [-73.1216497, 6.9903227], [-73.1206648, 6.9895641], [-73.1193502, 6.988262], [-73.1184748, 6.9876119], [-73.1170527, 6.9866373], [-73.1166131, 6.9858763], [-73.1159544, 6.9848983], [-73.1152948, 6.9837024], [-73.1146338, 6.9821795], [-73.1146286, 6.9809808], [-73.1145305, 6.9797806], [-73.1146897, 6.9793806], [-73.1148499, 6.9789812], [-73.1150371, 6.9785949], [-73.1153906, 6.9783576], [-73.1157943, 6.9782084], [-73.1161822, 6.9780412], [-73.1165377, 6.9778544], [-73.1167236, 6.9774671], [-73.1168739, 6.9770754], [-73.1168823, 6.9766418], [-73.1166406, 6.9763008], [-73.1163154, 6.9760187], [-73.1159958, 6.9757316], [-73.1158978, 6.9753181], [-73.1159546, 6.9748926], [-73.1161619, 6.9745245], [-73.1164325, 6.9741919], [-73.1165893, 6.9737906], [-73.1166177, 6.9733658], [-73.1166177, 6.9729354], [-73.1166241, 6.9725041], [-73.1165054, 6.9720925], [-73.1163496, 6.9716983], [-73.1162073, 6.9713008], [-73.1159694, 6.9709425], [-73.1157764, 6.9705607], [-73.1156404, 6.970162], [-73.1155966, 6.969736], [-73.115575, 6.9693078], [-73.1154749, 6.9688918], [-73.115383, 6.9683171], [-73.1150392, 6.9687933], [-73.1149515, 6.9692146], [-73.1146547, 6.969486], [-73.1142264, 6.9694619], [-73.11381, 6.9693574], [-73.1134405, 6.9691377], [-73.1131351, 6.9688348], [-73.1128402, 6.9685203], [-73.1125147, 6.9682446], [-73.112119, 6.9680378], [-73.1118169, 6.9683015], [-73.1113893, 6.9683346], [-73.1109595, 6.9683081], [-73.1102616, 6.9682891], [-73.1098314, 6.9682779], [-73.1094012, 6.9682695], [-73.1089708, 6.9682728], [-73.1085411, 6.9682967], [-73.1082183, 6.9685477], [-73.107917, 6.9688545], [-73.1073128, 6.9688767], [-73.1068827, 6.9688837], [-73.1064615, 6.9688179], [-73.1061794, 6.9684929], [-73.1058755, 6.9681882], [-73.1055707, 6.9678843], [-73.1054388, 6.9677519], [-73.1057331, 6.9668515], [-73.1062747, 6.9659773], [-73.1071458, 6.9656467], [-73.1079069, 6.9650985], [-73.1083394, 6.9642248], [-73.1085533, 6.963243], [-73.1085449, 6.9612814], [-73.1083225, 6.9603015], [-73.1074486, 6.9599783], [-73.1067867, 6.9582375], [-73.1067778, 6.9561669], [-73.1066646, 6.9551865], [-73.1066604, 6.9542057], [-73.1065471, 6.9532254], [-73.1062157, 6.952246], [-73.1055585, 6.9515949], [-73.1050087, 6.9510437], [-73.1044993, 6.9509651], [-73.1038463, 6.9504876], [-73.1034872, 6.9500015], [-73.1033146, 6.9492443], [-73.1032909, 6.9484757], [-73.1032387, 6.9479448], [-73.1031364, 6.9471946], [-73.1027073, 6.9463682], [-73.1023977, 6.9459578], [-73.1016946, 6.9452743], [-73.1010625, 6.9448642], [-73.0997597, 6.9445142], [-73.0988064, 6.9442178], [-73.0972592, 6.9441045], [-73.0962668, 6.9440744], [-73.0952666, 6.94407], [-73.0948697, 6.9439541], [-73.094417, 6.9438314], [-73.093756, 6.9431064], [-73.0934108, 6.9426252], [-73.0924901, 6.941806], [-73.0913735, 6.9410808], [-73.0904772, 6.9405209], [-73.0893527, 6.9401292], [-73.091057, 6.939069], [-73.0922026, 6.9383927], [-73.0929261, 6.9380476], [-73.0941409, 6.9371652], [-73.0947403, 6.9368139], [-73.0960873, 6.9359344], [-73.0970687, 6.9351504], [-73.0974472, 6.9349395], [-73.0983244, 6.9344454], [-73.0990754, 6.9340232], [-73.099831, 6.9334284], [-73.1003862, 6.9326689], [-73.1010638, 6.9316741], [-73.1017785, 6.930615], [-73.1021489, 6.9301837], [-73.1021705, 6.9294387], [-73.102166, 6.9283916], [-73.1020979, 6.927473], [-73.101881, 6.9267474], [-73.1015156, 6.9263002], [-73.1010646, 6.9258534], [-73.1008055, 6.9252775], [-73.1008038, 6.9248715], [-73.1008214, 6.9242255], [-73.1008765, 6.9237988], [-73.1009118, 6.9233699], [-73.1009261, 6.9229398], [-73.1009182, 6.9225096], [-73.1008872, 6.9220804], [-73.1008323, 6.9216536], [-73.100753, 6.9212307], [-73.1006492, 6.9208131], [-73.1005209, 6.9204024], [-73.1003688, 6.9199999], [-73.1001936, 6.9196068], [-73.0999965, 6.9192244], [-73.0997786, 6.9188533], [-73.0995415, 6.9184942], [-73.0992436, 6.9180976], [-73.0993516, 6.9180386], [-73.0995137, 6.9178291], [-73.0995673, 6.9175975], [-73.09957, 6.9172993], [-73.0997229, 6.9171395], [-73.0998194, 6.9169957], [-73.0999133, 6.9168919], [-73.1001976, 6.9169238], [-73.10038, 6.9168519], [-73.1006911, 6.9167055], [-73.100777, 6.9165191], [-73.100844, 6.916386], [-73.1009299, 6.9162475], [-73.1009862, 6.9160078], [-73.1012008, 6.91588], [-73.1014046, 6.9157283], [-73.1015199, 6.915478], [-73.101595, 6.9151478], [-73.1018364, 6.915012], [-73.1019089, 6.9148123], [-73.1018043, 6.9145833], [-73.1017104, 6.9142798], [-73.1017533, 6.91412], [-73.1019759, 6.9141227], [-73.1022227, 6.914128], [-73.1024399, 6.9141227], [-73.1027484, 6.9139948], [-73.1030354, 6.9138244], [-73.1031776, 6.9136407], [-73.1031346, 6.913449], [-73.1029898, 6.9131907], [-73.1028745, 6.9130043], [-73.1027269, 6.9128446], [-73.1025987, 6.9126925], [-73.1027108, 6.9125543], [-73.1028369, 6.9124478], [-73.103081, 6.9122747], [-73.1033599, 6.9121363], [-73.103596, 6.9119872], [-73.1037918, 6.911846], [-73.1038776, 6.911649], [-73.1039742, 6.911436], [-73.1039393, 6.9112363], [-73.1040064, 6.9110818], [-73.1042799, 6.9108795], [-73.1045079, 6.9108928], [-73.1047735, 6.9108821], [-73.1054323, 6.9107057], [-73.1044585, 6.9097429], [-73.1037826, 6.9091417], [-73.1031716, 6.9084753], [-73.1027825, 6.9076689], [-73.1026742, 6.9067687], [-73.1025124, 6.9058776], [-73.1019144, 6.9052142], [-73.1010726, 6.9048725], [-73.1001534, 6.9048935], [-73.0994066, 6.9044659], [-73.0986847, 6.9039327], [-73.0979625, 6.9033877], [-73.0972436, 6.9028302], [-73.0965319, 6.9022597], [-73.0958312, 6.9016755], [-73.0951451, 6.901077], [-73.0944775, 6.9004635], [-73.0938321, 6.8998343], [-73.0932075, 6.8991749], [-73.0926039, 6.8984797], [-73.092026, 6.8977579], [-73.0914785, 6.8970187], [-73.0909661, 6.8962714], [-73.0904935, 6.8955252], [-73.0903572, 6.8947507], [-73.0906459, 6.8938636], [-73.0905668, 6.8929486], [-73.0899029, 6.8923849], [-73.0890165, 6.8926244], [-73.0881595, 6.8924643], [-73.0874346, 6.8919137], [-73.086701, 6.8913838], [-73.0860579, 6.890809], [-73.0859157, 6.8898985], [-73.0856812, 6.8890266], [-73.0853136, 6.8881994], [-73.0848528, 6.8874193], [-73.0841686, 6.8868366], [-73.0833166, 6.8865334], [-73.0824315, 6.8863465], [-73.0815351, 6.8862242], [-73.0806358, 6.8861253], [-73.0797374, 6.8860184], [-73.0788341, 6.8859784], [-73.0779261, 6.8860987], [-73.0773045, 6.8867193], [-73.0769397, 6.8873319], [-73.0764583, 6.8865165], [-73.0759283, 6.8857481], [-73.0753371, 6.8850639], [-73.0747087, 6.8844135], [-73.0740218, 6.8838228], [-73.0732089, 6.8834391], [-73.0723511, 6.8831507], [-73.0714945, 6.8828602], [-73.0706346, 6.8825794], [-73.069776, 6.8822931], [-73.0688895, 6.8821194], [-73.0679863, 6.8821694], [-73.0670867, 6.8822787], [-73.0661882, 6.882202], [-73.0653999, 6.8817674], [-73.0647134, 6.8811789], [-73.0640962, 6.8805179], [-73.063522, 6.8798192], [-73.062957, 6.8791093], [-73.0629332, 6.8782258], [-73.0623469, 6.8775237], [-73.0617064, 6.8768849], [-73.0610308, 6.8762836], [-73.0603374, 6.875703], [-73.0596304, 6.875139], [-73.0588939, 6.8746139], [-73.0581127, 6.8741566], [-73.0572267, 6.8740059], [-73.056329, 6.8741357], [-73.0554434, 6.8743331], [-73.0545446, 6.8743262], [-73.0536603, 6.8741264], [-73.0529029, 6.8736387], [-73.0522366, 6.8730272], [-73.0515912, 6.8723936], [-73.0509428, 6.8717633], [-73.0503042, 6.8711229], [-73.0490378, 6.8698315], [-73.0484012, 6.8691891], [-73.0477624, 6.868549], [-73.0457429, 6.8655593], [-73.0440214, 6.8632719], [-73.0423002, 6.8608322], [-73.0400727, 6.8577317], [-73.038987, 6.8564946], [-73.0386498, 6.8561104], [-73.0381985, 6.8555962], [-73.0379068, 6.8552945], [-73.037819, 6.8552037], [-73.0377739, 6.8551571], [-73.0375064, 6.8548804], [-73.0362032, 6.8535326], [-73.0348548, 6.852138], [-73.0313056, 6.8497451], [-73.0270957, 6.8476552], [-73.0231901, 6.8457689], [-73.0199001, 6.8427086], [-73.0197486, 6.8424528], [-73.0193424, 6.8416088], [-73.017542, 6.8423206], [-73.0145625, 6.8388237], [-73.0134183, 6.8343709], [-73.0109594, 6.831544], [-73.00901, 6.8308438], [-73.0078692, 6.8304454], [-73.0053011, 6.8300987], [-73.0049489, 6.8286262], [-73.0049027, 6.8265962], [-73.0047535, 6.8251749], [-73.0051187, 6.8244317], [-73.003854, 6.8233477], [-73.0030706, 6.822909], [-73.0024012, 6.8222987], [-73.0017361, 6.821686], [-73.0010806, 6.821063], [-73.000433, 6.8204319], [-72.9997935, 6.8197925], [-72.9991592, 6.819148], [-72.9985302, 6.8184983], [-72.9979059, 6.817844], [-72.9972841, 6.8171875], [-72.9966642, 6.8165291], [-72.9960452, 6.8158699], [-72.9954255, 6.8152113], [-72.9948054, 6.8145532], [-72.9941825, 6.8138976], [-72.9935561, 6.8132455], [-72.9929252, 6.8125976], [-72.9922888, 6.8119551], [-72.9916459, 6.8113193], [-72.9909952, 6.8106913], [-72.9903108, 6.8101085], [-72.9894328, 6.8099068], [-72.9885668, 6.8096775], [-72.9877599, 6.8092678], [-72.9870042, 6.8087713], [-72.9862867, 6.8082207], [-72.9855856, 6.8076495], [-72.9850185, 6.8072207], [-72.9837678, 6.8056751], [-72.9836984, 6.804772], [-72.98347, 6.8020693], [-72.9833779, 6.8011663], [-72.9835211, 6.8002951], [-72.9836201, 6.7994112], [-72.9835909, 6.7985065], [-72.983573, 6.7976027], [-72.9835649, 6.7966986], [-72.9835682, 6.7957945], [-72.9835847, 6.7948906], [-72.983619, 6.7939872], [-72.9836727, 6.7930847], [-72.983747, 6.7921836], [-72.9838867, 6.7912928], [-72.9841059, 6.7909427], [-72.981867, 6.7908914], [-72.9798849, 6.7907791], [-72.978083, 6.7906661], [-72.9771222, 6.7906699], [-72.9765203, 6.7903121], [-72.9755593, 6.7902558], [-72.9745985, 6.7902596], [-72.9736973, 6.7901431], [-72.9724958, 6.7900277], [-72.9705742, 6.7900352], [-72.9697349, 6.7903987], [-72.9688351, 6.7906423], [-72.9678145, 6.7907063], [-72.9667336, 6.7907105], [-72.965713, 6.7907745], [-72.9647522, 6.7907783], [-72.9639129, 6.7911417], [-72.9630127, 6.7912652], [-72.961992, 6.7913292], [-72.9609712, 6.7913332], [-72.9598905, 6.7913974], [-72.9589905, 6.791581], [-72.9580308, 6.7918849], [-72.9574336, 6.7927275], [-72.9564789, 6.7942919], [-72.9564225, 6.7952525], [-72.9561893, 6.7970542], [-72.9559526, 6.7979555], [-72.9555355, 6.7987975], [-72.955179, 6.7997593], [-72.9548221, 6.8006611], [-72.9543448, 6.8014433], [-72.9537471, 6.8021659], [-72.9529685, 6.8027091], [-72.9520693, 6.8031328], [-72.9514113, 6.8037957], [-72.9511746, 6.804697], [-72.9511183, 6.8056576], [-72.9508816, 6.8065589], [-72.9505247, 6.8074607], [-72.9502287, 6.8085423], [-72.9497513, 6.8093245], [-72.9493342, 6.8101665], [-72.9488568, 6.8109486], [-72.9483198, 6.8118511], [-72.9471806, 6.8123357], [-72.9463385, 6.8119788], [-72.9458541, 6.8109603], [-72.9454908, 6.8101813], [-72.9451875, 6.8094022], [-72.94482, 6.8088], [-72.943322, 6.8074518], [-72.9423809, 6.8066006], [-72.9421978, 6.8064375], [-72.9420123, 6.8062768], [-72.941822, 6.806121], [-72.9416203, 6.8059691], [-72.9410941, 6.8055973], [-72.9408789, 6.8054416], [-72.9407715, 6.80536], [-72.9406649, 6.805275], [-72.9405604, 6.8051857], [-72.9404591, 6.8050912], [-72.9403585, 6.8049867], [-72.9402635, 6.8048785], [-72.9401748, 6.8047702], [-72.9400948, 6.8046667], [-72.9400004, 6.804536], [-72.9399606, 6.8045715], [-72.9394023, 6.8052412], [-72.9388107, 6.8059251], [-72.938351, 6.8064633], [-72.9382218, 6.8066145], [-72.9378322, 6.8074278], [-72.9374498, 6.8082463], [-72.9370703, 6.809067], [-72.9366944, 6.80989], [-72.9363226, 6.8107152], [-72.9359556, 6.8115425], [-72.9355938, 6.8123719], [-72.935238, 6.8132034], [-72.9348886, 6.8140369], [-72.9345632, 6.8148792], [-72.9343078, 6.8156424], [-72.9342019, 6.8159739], [-72.9340056, 6.8166005], [-72.9337283, 6.8174617], [-72.9344729, 6.8190052], [-72.9347783, 6.819857], [-72.9347713, 6.8207554], [-72.9344374, 6.8215953], [-72.9340157, 6.8223956], [-72.9336061, 6.8232016], [-72.9331978, 6.8240083], [-72.9327871, 6.8248138], [-72.932373, 6.8256175], [-72.9319564, 6.82642], [-72.9315344, 6.8272197], [-72.9311074, 6.8280166], [-72.9307507, 6.8286701], [-72.930591, 6.8289595], [-72.9302337, 6.8295999], [-72.9297868, 6.8303858], [-72.92933, 6.8311662], [-72.928835, 6.8319226], [-72.9282529, 6.8326145], [-72.927579, 6.8332173], [-72.9267765, 6.8336312], [-72.9259226, 6.8339309], [-72.9250108, 6.8341739], [-72.9247044, 6.8349178], [-72.9245923, 6.8358461], [-72.9243328, 6.8367142], [-72.9238771, 6.8374902], [-72.9232922, 6.8381798], [-72.9226739, 6.8388396], [-72.9220425, 6.839487], [-72.9214147, 6.8401378], [-72.9208004, 6.8408014], [-72.9201661, 6.8414491], [-72.9198217, 6.842264], [-72.9199122, 6.8431648], [-72.9200828, 6.8440529], [-72.9199574, 6.8449165], [-72.9192829, 6.8455359], [-72.9188179, 6.8458793], [-72.9187299, 6.8460523], [-72.9185579, 6.8464145], [-72.9184486, 6.8466587], [-72.9183963, 6.8467818], [-72.9183462, 6.8469057], [-72.9182651, 6.8471233], [-72.9181899, 6.8473429], [-72.9181659, 6.8474168], [-72.9180342, 6.8478134], [-72.9179982, 6.8479176], [-72.917955, 6.8480301], [-72.917908, 6.8481409], [-72.9178509, 6.8482603], [-72.9177892, 6.8483777], [-72.9177244, 6.8484936], [-72.9174922, 6.8488864], [-72.9173851, 6.8490735], [-72.9172713, 6.8492893], [-72.9169953, 6.8498455], [-72.9168128, 6.8501979], [-72.9166893, 6.8504235], [-72.9163186, 6.8510748], [-72.9160936, 6.8514934], [-72.9153929, 6.8528477], [-72.9151564, 6.8533095], [-72.9150419, 6.8535415], [-72.9149869, 6.8536581], [-72.9149343, 6.8537754], [-72.9148851, 6.8538936], [-72.9148405, 6.8540132], [-72.9148022, 6.8541345], [-72.9147735, 6.854249], [-72.9147503, 6.8543651], [-72.9147311, 6.8544823], [-72.9147146, 6.8546003], [-72.9146596, 6.8550765], [-72.9146286, 6.8553195], [-72.9145397, 6.8559376], [-72.914511, 6.8561899], [-72.9144996, 6.8563186], [-72.9144809, 6.8565765], [-72.914466, 6.8568347], [-72.9144541, 6.857093], [-72.9144462, 6.8573513], [-72.9144444, 6.8574805], [-72.9144481, 6.8577426], [-72.9144608, 6.8580084], [-72.9144788, 6.8582741], [-72.9145126, 6.8586735], [-72.9146069, 6.8596092], [-72.9147282, 6.8607503], [-72.9147847, 6.8612432], [-72.9148344, 6.8616169], [-72.914914, 6.8621264], [-72.9150228, 6.8627618], [-72.915071, 6.8630149], [-72.9150972, 6.8631409], [-72.9151528, 6.8633775], [-72.915182, 6.8634881], [-72.9152449, 6.8637081], [-72.9153175, 6.8639396], [-72.9154412, 6.864304], [-72.9156529, 6.8649091], [-72.9157364, 6.8651592], [-72.9157751, 6.8652848], [-72.9158105, 6.8654112], [-72.9158413, 6.8655385], [-72.9158653, 6.8656616], [-72.9158849, 6.8657856], [-72.9159013, 6.8659103], [-72.9159276, 6.8661611], [-72.9160183, 6.8672962], [-72.916043, 6.8675477], [-72.9160863, 6.8679322], [-72.9161165, 6.8682592], [-72.91614, 6.8684767], [-72.9161581, 6.8686042], [-72.9162023, 6.8688582], [-72.9163284, 6.8694919], [-72.9163742, 6.8697462], [-72.9163937, 6.8698738], [-72.9164241, 6.8701318], [-72.9164912, 6.8709099], [-72.9165049, 6.8710394], [-72.9165369, 6.871284], [-72.9165746, 6.8715282], [-72.9166391, 6.8718938], [-72.9166879, 6.8721379], [-72.9167418, 6.8723814], [-72.9168029, 6.8726237], [-72.9168376, 6.872744], [-72.9168765, 6.8728633], [-72.9169208, 6.8729812], [-72.9169734, 6.873101], [-72.917032, 6.8732195], [-72.9170952, 6.8733377], [-72.9171617, 6.8734561], [-72.9174445, 6.8739428], [-72.9175865, 6.8742003], [-72.9177796, 6.8745681], [-72.91788, 6.87477], [-72.9182451, 6.8754032], [-72.918676, 6.8764679], [-72.9193183, 6.8769986], [-72.9200634, 6.8765336], [-72.9205231, 6.8758565], [-72.9220115, 6.8744645], [-72.9229671, 6.8732523], [-72.9245268, 6.8718956], [-72.9267969, 6.8703228], [-72.9286419, 6.8691783], [-72.9306665, 6.8684951], [-72.9320159, 6.8679567], [-72.9335443, 6.8677375], [-72.9350025, 6.8677319], [-72.9361763, 6.8677629], [-72.9363431, 6.8649187], [-72.9433884, 6.8658154], [-72.9416922, 6.8750363], [-72.9417611, 6.8751085], [-72.9418518, 6.8751996], [-72.9419372, 6.8752809], [-72.9420245, 6.8753601], [-72.9422042, 6.8755124], [-72.9422967, 6.8755853], [-72.9423912, 6.8756555], [-72.9424912, 6.8757249], [-72.9425931, 6.8757916], [-72.9428012, 6.8759187], [-72.9430134, 6.8760386], [-72.9432297, 6.8761503], [-72.9433396, 6.8762018], [-72.9434512, 6.8762494], [-72.9435711, 6.8762947], [-72.9436928, 6.8763356], [-72.9439396, 6.8764087], [-72.9440642, 6.8764423], [-72.9443148, 6.8765053], [-72.9449975, 6.8766626], [-72.9452196, 6.876719], [-72.9454407, 6.8767815], [-72.9455504, 6.876815], [-72.9457678, 6.8768873], [-72.9458753, 6.8769268], [-72.9459816, 6.8769689], [-72.9460865, 6.8770138], [-72.9461898, 6.877062], [-72.9462909, 6.8771143], [-72.9464017, 6.8771785], [-72.94651, 6.8772474], [-72.9466164, 6.8773198], [-72.9468255, 6.8774715], [-72.9470313, 6.8776287], [-72.9473363, 6.8778703], [-72.9475341, 6.8780328], [-72.9480176, 6.8784376], [-72.9482137, 6.8785959], [-72.9483134, 6.8786728], [-72.9484164, 6.8787492], [-72.9486258, 6.8788974], [-72.9492644, 6.8793285], [-72.9494752, 6.8794741], [-72.9496807, 6.8796253], [-72.9497799, 6.8797047], [-72.9498755, 6.8797878], [-72.9499621, 6.8798711], [-72.9500448, 6.8799582], [-72.9501238, 6.8800488], [-72.950199, 6.8801426], [-72.95027, 6.8802397], [-72.9503416, 6.8803481], [-72.9504092, 6.8804594], [-72.9504742, 6.8805727], [-72.9507277, 6.8810317], [-72.9507936, 6.881145], [-72.9509342, 6.8813696], [-72.9512749, 6.8818931], [-72.9514005, 6.8820814], [-72.9514662, 6.8821732], [-72.9515352, 6.8822622], [-72.9516107, 6.8823509], [-72.9516899, 6.8824366], [-72.9517719, 6.88252], [-72.9518562, 6.8826015], [-72.9519422, 6.8826815], [-72.9521234, 6.8828421], [-72.9523135, 6.8830033], [-72.9526025, 6.8832412], [-72.9527971, 6.8833977], [-72.9529937, 6.8835515], [-72.9532014, 6.8837055], [-72.9533105, 6.8837829], [-72.9535316, 6.8839335], [-72.953756, 6.8840781], [-72.95387, 6.8841472], [-72.9539854, 6.8842132], [-72.954103, 6.884275], [-72.9542147, 6.884328], [-72.9543283, 6.8843771], [-72.9544433, 6.8844231], [-72.9545594, 6.8844665], [-72.9547944, 6.8845465], [-72.9549132, 6.8845829], [-72.9550327, 6.8846164], [-72.9551563, 6.8846473], [-72.9552806, 6.8846753], [-72.9554055, 6.884701], [-72.9556565, 6.8847469], [-72.9559086, 6.8847854], [-72.9560351, 6.8848014], [-72.9561618, 6.8848144], [-72.956294, 6.8848245], [-72.9568239, 6.8848509], [-72.956956, 6.8848599], [-72.9570878, 6.8848725], [-72.9571975, 6.8848867], [-72.9573069, 6.8849038], [-72.9575249, 6.8849445], [-72.9577433, 6.8849921], [-72.9579619, 6.8850463], [-72.9580703, 6.8850766], [-72.9581781, 6.8851098], [-72.9582848, 6.8851467], [-72.9584054, 6.8851943], [-72.9585249, 6.8852466], [-72.9586439, 6.8853024], [-72.9591231, 6.8855424], [-72.9593707, 6.8856624], [-72.959498, 6.8857192], [-72.959628, 6.8857721], [-72.9597612, 6.885819], [-72.9598975, 6.8858577], [-72.960006, 6.8858805], [-72.9600161, 6.8858826], [-72.9601351, 6.8859009], [-72.9602524, 6.8859139], [-72.960367, 6.8859227], [-72.9610245, 6.8861304], [-72.9605435, 6.8870664], [-72.9594595, 6.8872906], [-72.9592639, 6.8875477], [-72.9591472, 6.8877601], [-72.9588073, 6.8882589], [-72.9580931, 6.8883911], [-72.958435, 6.8888928], [-72.9581121, 6.88924], [-72.9587712, 6.8903189], [-72.9584544, 6.8907274], [-72.9589367, 6.8921292], [-72.95839, 6.8923155], [-72.9582041, 6.8938427], [-72.9587631, 6.8940359], [-72.9586475, 6.8944829], [-72.9574917, 6.8947051], [-72.9571423, 6.8951895], [-72.9575462, 6.8963239], [-72.9566437, 6.896355], [-72.9559761, 6.8974842], [-72.9561173, 6.8982178], [-72.9556295, 6.8985034], [-72.9554924, 6.8992966], [-72.9550407, 6.8997445], [-72.9550037, 6.9004116], [-72.9551388, 6.9013743], [-72.9545633, 6.9020718], [-72.9539604, 6.9027459], [-72.9533527, 6.9034156], [-72.9528711, 6.9039975], [-72.9528231, 6.9043926], [-72.9528581, 6.9044165], [-72.9528644, 6.9044827], [-72.9528793, 6.904574], [-72.9529037, 6.9046798], [-72.9529347, 6.9047825], [-72.9529729, 6.904888], [-72.953017, 6.9049943], [-72.9530751, 6.9051191], [-72.9531388, 6.9052413], [-72.9532077, 6.9053595], [-72.9532767, 6.9054656], [-72.9533497, 6.9055673], [-72.9534261, 6.9056648], [-72.9535058, 6.905758], [-72.9535932, 6.9058517], [-72.9536835, 6.9059412], [-72.9537759, 6.9060272], [-72.9538701, 6.9061099], [-72.9539661, 6.9061897], [-72.9540672, 6.9062689], [-72.9541699, 6.906345], [-72.9542744, 6.9064179], [-72.9543763, 6.906485], [-72.9545833, 6.9066133], [-72.9549994, 6.9068637], [-72.9552035, 6.9069939], [-72.9553029, 6.9070617], [-72.9554012, 6.9071314], [-72.9555952, 6.9072744], [-72.9561859, 6.9077218], [-72.956395, 6.9078727], [-72.9565011, 6.9079454], [-72.9566087, 6.9080152], [-72.9567045, 6.9080731], [-72.9568018, 6.9081279], [-72.9569004, 6.9081791], [-72.9570005, 6.9082262], [-72.9571022, 6.9082683], [-72.9572057, 6.9083042], [-72.9573114, 6.9083327], [-72.9574188, 6.9083543], [-72.9575274, 6.9083696], [-72.9576369, 6.9083786], [-72.957747, 6.9083812], [-72.9578786, 6.9083756], [-72.9580104, 6.9083625], [-72.9581423, 6.9083438], [-72.9582742, 6.9083209], [-72.9585329, 6.9082667], [-72.9587865, 6.9082061], [-72.9592794, 6.9080815], [-72.9596383, 6.9079881], [-72.9599946, 6.9078885], [-72.9608217, 6.9076464], [-72.9613914, 6.9074863], [-72.9618812, 6.9073396], [-72.9620072, 6.9073047], [-72.9622518, 6.907246], [-72.9627526, 6.907137], [-72.9630079, 6.9070839], [-72.9631359, 6.90706], [-72.9632017, 6.9070494], [-72.9640346, 6.9073853], [-72.9652546, 6.9071385], [-72.9667382, 6.9077277], [-72.9686266, 6.910197], [-72.9691731, 6.9118672], [-72.9689939, 6.9130261], [-72.9697081, 6.9139094], [-72.9701345, 6.9151999], [-72.9708037, 6.9164284], [-72.9713899, 6.9170682], [-72.9713297, 6.9180569], [-72.9717458, 6.9193719], [-72.9722519, 6.9208816], [-72.9720016, 6.9218889], [-72.9716621, 6.9235649], [-72.971718, 6.9249038], [-72.9722707, 6.9257566], [-72.9735421, 6.9261247], [-72.9740992, 6.9264205], [-72.9746457, 6.9261511], [-72.9752186, 6.9262597], [-72.9757046, 6.9266598], [-72.9761942, 6.9272054], [-72.9766382, 6.9272601], [-72.9770907, 6.9275351], [-72.9777076, 6.9277778], [-72.9783355, 6.9278034], [-72.9793564, 6.9273625], [-72.9802093, 6.9272689], [-72.9808128, 6.9272504], [-72.9809531, 6.9272332], [-72.9811127, 6.9272284], [-72.9814196, 6.9272195], [-72.9815298, 6.9272839], [-72.9816375, 6.9273512], [-72.9817326, 6.9274162], [-72.9818242, 6.9274849], [-72.9819115, 6.9275576], [-72.981994, 6.9276354], [-72.9820704, 6.927718], [-72.9821395, 6.9278058], [-72.982202, 6.9279025], [-72.982256, 6.9280041], [-72.9823023, 6.9281095], [-72.9824077, 6.9284034], [-72.9824452, 6.9284924], [-72.9824876, 6.9285797], [-72.9825348, 6.9286647], [-72.9825873, 6.928747], [-72.9826582, 6.9288431], [-72.9827357, 6.9289351], [-72.9828182, 6.9290238], [-72.9829047, 6.9291098], [-72.9829912, 6.9291902], [-72.9830802, 6.9292684], [-72.9831715, 6.9293444], [-72.9832648, 6.929418], [-72.9833602, 6.9294889], [-72.9834581, 6.9295563], [-72.9835536, 6.9296165], [-72.9836513, 6.9296732], [-72.983751, 6.9297264], [-72.9838523, 6.9297759], [-72.9839556, 6.9298215], [-72.9840561, 6.929861], [-72.9841581, 6.9298967], [-72.9842613, 6.9299289], [-72.9843656, 6.9299577], [-72.9844708, 6.929983], [-72.9845946, 6.9300078], [-72.9847194, 6.9300284], [-72.9848448, 6.9300456], [-72.9850971, 6.9300721], [-72.9853612, 6.9300896], [-72.9856257, 6.9300993], [-72.985758, 6.9301014], [-72.9859821, 6.9300999], [-72.9862057, 6.9300914], [-72.9863173, 6.9300839], [-72.9865546, 6.9300597], [-72.986791, 6.9300276], [-72.9870359, 6.9299889], [-72.9872893, 6.9299446], [-72.9875421, 6.9298973], [-72.9879316, 6.9298199], [-72.9881844, 6.9297738], [-72.9884273, 6.9297369], [-72.9886714, 6.9297068], [-72.9887939, 6.9296948], [-72.9890241, 6.929678], [-72.9895904, 6.9296448], [-72.9898155, 6.929634], [-72.9900395, 6.9296293], [-72.9901507, 6.9296299], [-72.9901621, 6.9296303], [-72.9910291, 6.9295977], [-72.9919479, 6.9297721], [-72.992653, 6.9299777], [-72.9937754, 6.9302446], [-72.9930359, 6.9308174], [-72.9920392, 6.9304098], [-72.9907588, 6.9311236], [-72.9908364, 6.9315438], [-72.9905496, 6.9318104], [-72.9907478, 6.9327387], [-72.9906183, 6.9330034], [-72.9909934, 6.9336028], [-72.9908305, 6.9344318], [-72.9913318, 6.9353339], [-72.9909374, 6.9365969], [-72.990367, 6.9375842], [-72.9898831, 6.9379771], [-72.9892007, 6.9388276], [-72.9888506, 6.9394744], [-72.9882934, 6.9399269], [-72.9887142, 6.940407], [-72.9885881, 6.9406233], [-72.9883147, 6.9407644], [-72.9879861, 6.9409777], [-72.9876176, 6.9409768], [-72.9875438, 6.9410884], [-72.9873353, 6.9412446], [-72.9879284, 6.9414688], [-72.9878997, 6.9416236], [-72.9878379, 6.941751], [-72.987729, 6.9419388], [-72.9878144, 6.9421703], [-72.9876676, 6.9423499], [-72.986745, 6.9423692], [-72.9866664, 6.9425702], [-72.9869678, 6.9429321], [-72.9869367, 6.9435174], [-72.986671, 6.943997], [-72.9862108, 6.944437], [-72.985901, 6.9450504], [-72.9858205, 6.9453874], [-72.9860435, 6.9456449], [-72.9860821, 6.9459561], [-72.9858563, 6.9458603], [-72.9852625, 6.9463016], [-72.984652, 6.946319], [-72.9845734, 6.9463356], [-72.9842003, 6.9465748], [-72.9849417, 6.947149], [-72.9856481, 6.9472697], [-72.9861753, 6.9471894], [-72.9864192, 6.9478087], [-72.9864154, 6.9482511], [-72.9859335, 6.9481723], [-72.9851987, 6.947806], [-72.9850545, 6.9479606], [-72.9851464, 6.9482227], [-72.9853521, 6.9484677], [-72.9852717, 6.9488467], [-72.9853754, 6.9493305], [-72.9849327, 6.9496167], [-72.9845649, 6.9499188], [-72.9843129, 6.9498097], [-72.9841848, 6.9497275], [-72.9840406, 6.9497091], [-72.9838731, 6.9498573], [-72.9839039, 6.9500945], [-72.983873, 6.9503411], [-72.9837298, 6.9504203], [-72.9835987, 6.9505462], [-72.9836232, 6.9506977], [-72.9836852, 6.9508119], [-72.9838235, 6.9509857], [-72.9838871, 6.9511921], [-72.9839669, 6.9513325], [-72.9838428, 6.9515055], [-72.9837421, 6.9515653], [-72.9835205, 6.9519497], [-72.9831154, 6.9521925], [-72.9828356, 6.9519029], [-72.9822571, 6.9517073], [-72.9815461, 6.952053], [-72.981265, 6.9525052], [-72.98127, 6.9528331], [-72.9819106, 6.9529312], [-72.9794092, 6.9528677], [-72.9785753, 6.9524552], [-72.9779897, 6.9517091], [-72.9773212, 6.9510465], [-72.9766524, 6.9503007], [-72.975737, 6.9503044], [-72.9749064, 6.9507235], [-72.9739919, 6.9509767], [-72.9732453, 6.9515618], [-72.9714144, 6.9515691], [-72.9704976, 6.9512401], [-72.9698291, 6.9505775], [-72.9692435, 6.9498314], [-72.9684922, 6.9492522], [-72.9677399, 6.9484236], [-72.966906, 6.9480111], [-72.9652375, 6.9470198], [-72.963403, 6.9461124], [-72.9623201, 6.9458672], [-72.9609053, 6.9458728], [-72.9592438, 6.9466279], [-72.9576665, 6.9476321], [-72.9561721, 6.9485528], [-72.9546797, 6.9499725], [-72.9536031, 6.9513073], [-72.9523606, 6.9528092], [-72.9513656, 6.9537279], [-72.9501195, 6.954315], [-72.9486204, 6.9540714], [-72.9478678, 6.9531596], [-72.9458678, 6.9525022], [-72.9450381, 6.9531708], [-72.9438809, 6.9551713], [-72.9428048, 6.9566725], [-72.942142, 6.9574235], [-72.9419791, 6.958339], [-72.94199, 6.9610833], [-72.9419104, 6.9619984], [-72.9411656, 6.9630825], [-72.9405863, 6.9639164], [-72.9400073, 6.9648335], [-72.93943, 6.9661664], [-72.9392671, 6.9670818], [-72.939021, 6.9679976], [-72.9383578, 6.9686655], [-72.937695, 6.9694166], [-72.9373656, 6.9703327], [-72.9367028, 6.9710837], [-72.935956, 6.9716688], [-72.9346296, 6.9730046], [-72.9338831, 6.9736729], [-72.9332202, 6.974424], [-72.9326406, 6.9751747], [-72.9323113, 6.9760908], [-72.9318984, 6.9769241], [-72.9313187, 6.9776748], [-72.9308226, 6.9785084], [-72.9304101, 6.9794248], [-72.9303304, 6.9803399], [-72.9300011, 6.981256], [-72.9288418, 6.9827575], [-72.9284292, 6.983674], [-72.928017, 6.9846819], [-72.9276877, 6.9855979], [-72.9271083, 6.9864319], [-72.9265293, 6.9873489], [-72.9261164, 6.9881822], [-72.9258703, 6.989098], [-72.9250403, 6.9896834], [-72.924377, 6.9903513], [-72.9238809, 6.9911849], [-72.9235515, 6.992101], [-72.923139, 6.9930174], [-72.9223132, 6.9946839], [-72.9221539, 6.9965141], [-72.9221578, 6.9975121], [-72.9222453, 6.9985929], [-72.9222489, 6.9995077], [-72.9224189, 7.0004218], [-72.9226732, 7.0015851], [-72.9226768, 7.0024999], [-72.9225972, 7.003415], [-72.9221846, 7.0043314], [-72.9220217, 7.0052469], [-72.9219421, 7.006162], [-72.9218634, 7.0073266], [-72.9217015, 7.0084915], [-72.9213722, 7.0094076], [-72.9209593, 7.0102409], [-72.9203795, 7.0109916], [-72.9197166, 7.0117427], [-72.9193882, 7.0129083], [-72.9190589, 7.0138244], [-72.9184791, 7.0145751], [-72.9180679, 7.0158242], [-72.9179086, 7.0176545], [-72.9177457, 7.0185699], [-72.9175828, 7.0194936], [-72.9170867, 7.0203272], [-72.9163398, 7.0209123], [-72.9159269, 7.0217456], [-72.915764, 7.022661], [-72.9155251, 7.0254064], [-72.9152793, 7.0264053], [-72.9148663, 7.0272386], [-72.9147061, 7.0288193], [-72.9147447, 7.0386326], [-72.9149986, 7.0397127], [-72.9151687, 7.0406268], [-72.915422, 7.0415406], [-72.9159248, 7.0423703], [-72.9160116, 7.0432848], [-72.9165979, 7.0441973], [-72.9169345, 7.0451107], [-72.9168568, 7.0465248], [-72.9168624, 7.0479386], [-72.9167844, 7.0492695], [-72.9162076, 7.0507688], [-72.9158786, 7.0517847], [-72.9156325, 7.0527004], [-72.9149695, 7.0534515], [-72.9143897, 7.0542023], [-72.9142269, 7.0551177], [-72.9141472, 7.0560329], [-72.9135675, 7.0567836], [-72.9129045, 7.0575347], [-72.9125751, 7.0584508], [-72.9124122, 7.0593662], [-72.9121661, 7.060282], [-72.911503, 7.0610331], [-72.9110068, 7.0618667], [-72.9106775, 7.0627828], [-72.9100987, 7.063783], [-72.9095195, 7.0647001], [-72.9090233, 7.0655337], [-72.9086956, 7.0668656], [-72.9082826, 7.0676989], [-72.9081191, 7.068448], [-72.9079565, 7.0694466], [-72.9081276, 7.0706103], [-72.9081394, 7.0736041], [-72.9085586, 7.074351], [-72.9094789, 7.0755117], [-72.910314, 7.0761737], [-72.9106513, 7.0772535], [-72.9107381, 7.078168], [-72.9104101, 7.0794167], [-72.910315, 7.0804558], [-72.910964, 7.0805031], [-72.911803, 7.0808485], [-72.9126426, 7.0813333], [-72.9133435, 7.0820279], [-72.9139745, 7.0827228], [-72.914675, 7.0833476], [-72.915654, 7.0837621], [-72.916841, 7.0838272], [-72.9178185, 7.083893], [-72.9187269, 7.0840987], [-72.9195662, 7.0845137], [-72.9203366, 7.0851383], [-72.921036, 7.0854842], [-72.9225756, 7.0864544], [-72.9235538, 7.0866597], [-72.9246025, 7.0870739], [-72.9253724, 7.087559], [-72.9263502, 7.0876946], [-72.9276076, 7.0878988], [-72.9283082, 7.0885236], [-72.9291475, 7.0889387], [-72.9299871, 7.0894234], [-72.9306182, 7.0901183], [-72.931319, 7.0908128], [-72.9320889, 7.0912979], [-72.9329972, 7.0915034], [-72.9336283, 7.0921983], [-72.9344679, 7.0926831], [-72.935099, 7.0933779], [-72.9357996, 7.0940027], [-72.9373392, 7.0949728], [-72.9413183, 7.0949568], [-72.9422255, 7.0948834], [-72.9430609, 7.0943222], [-72.9438263, 7.0936915], [-72.9445922, 7.0932003], [-72.9450775, 7.0923616], [-72.9454231, 7.0915234], [-72.9454158, 7.0897103], [-72.9457615, 7.0888721], [-72.9463163, 7.0879634], [-72.9470118, 7.087333], [-72.9476372, 7.0866331], [-72.9484031, 7.0861419], [-72.9493106, 7.0861383], [-72.9502887, 7.0863435], [-72.9511287, 7.086898], [-72.9517597, 7.0875928], [-72.951903, 7.0884987], [-72.9524651, 7.089403], [-72.9525386, 7.0903092], [-72.9532392, 7.090934], [-72.9537309, 7.0916991], [-72.9538742, 7.092605], [-72.9538081, 7.0935118], [-72.9535325, 7.0944195], [-72.9534664, 7.0953263], [-72.953487, 7.1004167], [-72.9538431, 7.1021586], [-72.9542654, 7.1029937], [-72.9551056, 7.1036179], [-72.9559456, 7.1041724], [-72.9576261, 7.1054208], [-72.9584655, 7.1058357], [-72.9592333, 7.1061471], [-72.9612865, 7.1061388], [-72.9622109, 7.1062717], [-72.9631019, 7.1065758], [-72.9638229, 7.1071539], [-72.9646119, 7.1076293], [-72.965435, 7.1080703], [-72.9662919, 7.1084086], [-72.9672859, 7.1088148], [-72.9681768, 7.1090846], [-72.9698903, 7.1096929], [-72.9704038, 7.1097592], [-72.9706241, 7.1097858], [-72.9709644, 7.1098268], [-72.9712255, 7.1098583], [-72.9721498, 7.1099229], [-72.9730738, 7.1099533], [-72.9731471, 7.1099671], [-72.9739643, 7.1101206], [-72.9750266, 7.1104923], [-72.9758158, 7.1110018], [-72.9767068, 7.1113058], [-72.9784205, 7.1119824], [-72.9793111, 7.1121838], [-72.98027, 7.1123508], [-72.9821192, 7.112685], [-72.9832829, 7.1127144], [-72.9842733, 7.1122318], [-72.9850925, 7.1117498], [-72.9859116, 7.1111996], [-72.9868346, 7.1109907], [-72.9873807, 7.1106466], [-72.9888803, 7.1091706], [-72.9895636, 7.1088943], [-72.990625, 7.1090266], [-72.9913089, 7.1090675], [-72.9919537, 7.1090648], [-72.9928693, 7.1088915], [-72.9948331, 7.1077986], [-72.9955769, 7.1071175], [-72.9967261, 7.1059941], [-72.9971987, 7.1053819], [-72.9975031, 7.1051434], [-72.9978078, 7.1049726], [-72.9980106, 7.1047684], [-72.998518, 7.1043595], [-72.9988223, 7.104087], [-72.9991601, 7.1037127], [-72.9995321, 7.1034061], [-73.0001404, 7.1027934], [-73.0002759, 7.102725], [-73.0008848, 7.1022479], [-73.0010877, 7.1020775], [-73.0017996, 7.1019051], [-73.0018335, 7.101905], [-73.0022648, 7.1019063], [-73.0022447, 7.1016821], [-73.002289, 7.1008002], [-73.0029674, 7.1004539], [-73.0035437, 7.1002988], [-73.0041784, 7.0999621], [-73.0047405, 7.0998247], [-73.0051714, 7.0996709], [-73.0056616, 7.0996903], [-73.0058815, 7.0996126], [-73.0063678, 7.0999342], [-73.0064626, 7.099907], [-73.0068474, 7.0999334], [-73.0076127, 7.1000463], [-73.0086159, 7.1003056], [-73.0098051, 7.1009483], [-73.0105312, 7.101838], [-73.0109748, 7.1026592], [-73.0114244, 7.1030135], [-73.0128177, 7.102786], [-73.0139555, 7.1024147], [-73.0155424, 7.1016715], [-73.0166334, 7.100771], [-73.0180202, 7.0991357], [-73.0185034, 7.0982972], [-73.0189026, 7.0979237], [-73.019541, 7.0976508], [-73.0201143, 7.0976531], [-73.0207835, 7.0977657], [-73.0217725, 7.0980565], [-73.0226738, 7.0983212], [-73.0228727, 7.0983574], [-73.0230328, 7.0983865], [-73.0231878, 7.0983652], [-73.0233743, 7.0983395], [-73.0235214, 7.0982308], [-73.0237349, 7.098073], [-73.0241665, 7.0975398], [-73.0242913, 7.097352], [-73.0250088, 7.096272], [-73.02537, 7.0957586], [-73.0257206, 7.0952604], [-73.0262794, 7.0939749], [-73.0264122, 7.092953], [-73.0264813, 7.0925699], [-73.0267998, 7.0908043], [-73.0267856, 7.0906954], [-73.0264214, 7.0899207], [-73.026191, 7.0887192], [-73.0260623, 7.0876328], [-73.0259345, 7.0859739], [-73.0261674, 7.084413], [-73.0264297, 7.0831503], [-73.0269409, 7.0818674], [-73.0273886, 7.0808901], [-73.0280005, 7.0800973], [-73.0286333, 7.0792962], [-73.0288778, 7.0783904], [-73.0289247, 7.0766468], [-73.0287015, 7.0755994], [-73.0292132, 7.0743701], [-73.0292785, 7.072664], [-73.0295139, 7.0716183], [-73.029406, 7.0711734], [-73.0295828, 7.0704496], [-73.0301703, 7.070123], [-73.031331, 7.0692271], [-73.0324763, 7.0674183], [-73.0335584, 7.0671827], [-73.0345875, 7.0670563], [-73.0351613, 7.0667437], [-73.0361266, 7.0659915], [-73.0371058, 7.065839], [-73.0378384, 7.0658669], [-73.037914, 7.06546], [-73.0381823, 7.0638199], [-73.0383636, 7.0634937], [-73.0387907, 7.0627981], [-73.0392552, 7.0621975], [-73.03932, 7.061946], [-73.0386447, 7.0607101], [-73.0383545, 7.0601788], [-73.038389, 7.0597362], [-73.0385295, 7.0594727], [-73.0385334, 7.0592516], [-73.0386846, 7.0589572], [-73.0389137, 7.0588317], [-73.0395082, 7.0584799], [-73.0396847, 7.0583152], [-73.0399315, 7.0581236], [-73.0402963, 7.0575699], [-73.0410732, 7.0572584], [-73.0413767, 7.0570763], [-73.0420054, 7.056693], [-73.0422106, 7.0561983], [-73.0423897, 7.0559405], [-73.04268, 7.0557235], [-73.0433042, 7.0560483], [-73.0439107, 7.0558981], [-73.0442327, 7.055805], [-73.0444112, 7.055677], [-73.0447082, 7.0555086], [-73.0450246, 7.0554775], [-73.0454255, 7.0551926], [-73.0455984, 7.0548736], [-73.0458129, 7.0544091], [-73.0459465, 7.0541638], [-73.0462228, 7.0537998], [-73.0463719, 7.0534263], [-73.0465713, 7.053023], [-73.0470776, 7.0527085], [-73.0474831, 7.0525807], [-73.0476285, 7.0523074], [-73.0480165, 7.0521475], [-73.0483853, 7.0519681], [-73.0486489, 7.0516963], [-73.0487643, 7.0512515], [-73.0488977, 7.0500676], [-73.0490888, 7.049729], [-73.0491304, 7.0493052], [-73.0491451, 7.0483781], [-73.049248, 7.0480633], [-73.0493786, 7.0479649], [-73.0495619, 7.0476662], [-73.0497151, 7.0475402], [-73.049878, 7.0473803], [-73.049797, 7.046825], [-73.049952, 7.0467635], [-73.0500889, 7.0467425], [-73.050476, 7.0466247], [-73.0506819, 7.0463384], [-73.0509957, 7.0460906], [-73.0515628, 7.0459238], [-73.0519252, 7.0460934], [-73.0523311, 7.0464292], [-73.0525273, 7.0466674], [-73.0536122, 7.0444215], [-73.0540713, 7.0442041], [-73.0544445, 7.0440589], [-73.0548089, 7.0438829], [-73.0552314, 7.0438007], [-73.0556541, 7.0437194], [-73.0560756, 7.043633], [-73.0564976, 7.0435416], [-73.0569244, 7.0434545], [-73.0573415, 7.043346], [-73.0577305, 7.0431825], [-73.0580647, 7.0429111], [-73.0583947, 7.042627], [-73.0587618, 7.042395], [-73.059123, 7.0421588], [-73.05942, 7.0418586], [-73.0596474, 7.04149], [-73.059886, 7.041129], [-73.0600817, 7.0411762], [-73.0603219, 7.0411147], [-73.060754, 7.0409477], [-73.0610818, 7.0408202], [-73.0616023, 7.0407751], [-73.0620402, 7.0405794], [-73.0625287, 7.0404436], [-73.0629479, 7.0398622], [-73.0632709, 7.0394328], [-73.0633154, 7.0392652], [-73.0634338, 7.0389305], [-73.0635936, 7.0385903], [-73.0648977, 7.038565], [-73.0658204, 7.038613], [-73.0669738, 7.0383201], [-73.0678106, 7.0379741], [-73.0679177, 7.0379022], [-73.0679752, 7.0378787], [-73.0680019, 7.0378441], [-73.0682022, 7.0378074], [-73.0684087, 7.0377666], [-73.0685135, 7.0377543], [-73.0685751, 7.0377299], [-73.0686147, 7.0377196], [-73.0686583, 7.0376677], [-73.0687066, 7.03763], [-73.0687878, 7.0376228], [-73.0688504, 7.0376412], [-73.0688823, 7.0376544], [-73.0689367, 7.0376656], [-73.0690343, 7.0376402], [-73.0690857, 7.0376228], [-73.0691464, 7.0375748], [-73.0692314, 7.0375309], [-73.0693183, 7.0375515], [-73.069397, 7.0375355], [-73.0694664, 7.0375371], [-73.0695321, 7.0375568], [-73.0696453, 7.0375762], [-73.0697374, 7.0375854], [-73.0697979, 7.0375804], [-73.0698304, 7.0375291], [-73.0698619, 7.0374809], [-73.0698892, 7.0373705], [-73.0699124, 7.0373136], [-73.069941, 7.0372666], [-73.0699907, 7.0372401], [-73.0701254, 7.0374225], [-73.0701983, 7.037499], [-73.0702938, 7.0375163], [-73.0705137, 7.0372951], [-73.0706226, 7.0372808], [-73.0709201, 7.0372199], [-73.0711628, 7.037125], [-73.071161, 7.0370725], [-73.0711315, 7.0367985], [-73.0711986, 7.0366115], [-73.0713758, 7.0364685], [-73.0715615, 7.0364617], [-73.0718609, 7.0365759], [-73.071952, 7.0368141], [-73.0721161, 7.037057], [-73.0723116, 7.0372573], [-73.0724639, 7.0373906], [-73.0729298, 7.0377575], [-73.0731052, 7.0378944], [-73.0731348, 7.0379175], [-73.0733398, 7.0380775], [-73.0736028, 7.0382347], [-73.0737525, 7.0383373], [-73.0740326, 7.0385887], [-73.074349, 7.0378169], [-73.0746496, 7.0371046], [-73.0749123, 7.0368015], [-73.0750461, 7.0365195], [-73.0752651, 7.0361413], [-73.0757086, 7.0358797], [-73.0760977, 7.0356493], [-73.0765932, 7.0353009], [-73.0768363, 7.0349685], [-73.0769821, 7.0348417], [-73.0770984, 7.0346548], [-73.0774207, 7.0343473], [-73.0788785, 7.0334063], [-73.0799766, 7.0323892], [-73.0802002, 7.0321822], [-73.0792417, 7.0297895], [-73.0784226, 7.0268579], [-73.0787622, 7.0264392], [-73.0782224, 7.0238848], [-73.0789099, 7.0239978], [-73.0792152, 7.0246088], [-73.0800791, 7.0246951], [-73.0813913, 7.0258654], [-73.0824999, 7.0257103], [-73.0829149, 7.025824], [-73.0833175, 7.0259755], [-73.0837033, 7.0261658], [-73.0840677, 7.0263943], [-73.084392, 7.0266757], [-73.0847666, 7.0268607], [-73.085194, 7.026814], [-73.085602, 7.0269153], [-73.0859002, 7.0272231], [-73.0861517, 7.0275723], [-73.086444, 7.0278865], [-73.0868087, 7.0281146], [-73.0873327, 7.0282068], [-73.0875142, 7.0285973], [-73.0877772, 7.0289336], [-73.0880928, 7.0292287], [-73.0883046, 7.0295997], [-73.0885223, 7.0299664], [-73.0887955, 7.0302942], [-73.0888721, 7.0304588], [-73.0889772, 7.0306846], [-73.0892768, 7.0309922], [-73.0894516, 7.0313861], [-73.0898142, 7.0315267], [-73.090049, 7.0318879], [-73.0902872, 7.0322464], [-73.0905571, 7.0325821], [-73.0908523, 7.0328974], [-73.0909783, 7.0333093], [-73.0910989, 7.0334105], [-73.0912822, 7.0331458], [-73.0914547, 7.0329852], [-73.0915483, 7.0329556], [-73.0919954, 7.0328669], [-73.0923506, 7.032768], [-73.0928722, 7.0329091], [-73.0931985, 7.0327165], [-73.0936153, 7.0325928], [-73.0944031, 7.0319647], [-73.0947043, 7.0314822], [-73.0946692, 7.0311703], [-73.0943317, 7.0305318], [-73.0941834, 7.0299179], [-73.0941297, 7.0294121], [-73.0941753, 7.0290596], [-73.0943137, 7.0288461], [-73.0948055, 7.0284447], [-73.0954229, 7.0278763], [-73.0959977, 7.0276587], [-73.0971248, 7.0273618], [-73.0975246, 7.0266534], [-73.0976034, 7.0262538], [-73.09782, 7.0255648], [-73.0975398, 7.025089], [-73.0969548, 7.0245717], [-73.0966599, 7.0234058], [-73.0961191, 7.0223753], [-73.0960848, 7.0217828], [-73.0964355, 7.0211182], [-73.0967021, 7.0208001], [-73.0971759, 7.0204695], [-73.0979113, 7.0203029], [-73.0985502, 7.0203259], [-73.0989611, 7.0202107], [-73.0992177, 7.0196566], [-73.0994486, 7.0194607], [-73.1007399, 7.0216417], [-73.1016571, 7.0220625], [-73.1032547, 7.0221216], [-73.1041756, 7.0220324], [-73.1050304, 7.0213675], [-73.1054523, 7.0211752], [-73.1060349, 7.0205986], [-73.1060832, 7.0202739], [-73.106139, 7.0200838], [-73.1065413, 7.019956], [-73.1070026, 7.0196206], [-73.1073942, 7.0195301], [-73.1076893, 7.0194928], [-73.1080862, 7.0193277], [-73.1085669, 7.0191292], [-73.1087546, 7.0187192], [-73.1089639, 7.0183891], [-73.1091538, 7.0183161], [-73.1092449, 7.0183321], [-73.1094434, 7.0184546], [-73.1095668, 7.0184386], [-73.1096773, 7.0183252], [-73.1098511, 7.0180499], [-73.1100153, 7.0178247], [-73.1102856, 7.0175122], [-73.1106376, 7.017271], [-73.1109136, 7.0171941], [-73.1116373, 7.0172674], [-73.1124527, 7.0174697], [-73.1132995, 7.017459], [-73.1134765, 7.0175549], [-73.1136758, 7.0177945], [-73.1140728, 7.0180394], [-73.1142802, 7.0181437], [-73.1144858, 7.018247], [-73.114856, 7.0182949], [-73.115194, 7.0181618], [-73.1154944, 7.0181299], [-73.115945, 7.0183162], [-73.11624, 7.0184334], [-73.1165833, 7.0187741], [-73.1169535, 7.0189924], [-73.1171512, 7.0190776], [-73.117447, 7.0192853], [-73.1184429, 7.0187978], [-73.1188558, 7.0186761], [-73.1192766, 7.0185905], [-73.1197026, 7.0185271], [-73.1201293, 7.0184707], [-73.120558, 7.0184458], [-73.1209909, 7.0184329], [-73.121416, 7.0184693], [-73.1218326, 7.0185747], [-73.1222458, 7.0187018], [-73.1226523, 7.0188468], [-73.1229968, 7.0189902], [-73.1259765, 7.01534]]]}}, {"type": "Feature", "properties": {"nombre": "Bello", "zona": "medellin", "centro": [6.359209, -75.5883821]}, "geometry": {"type": "Polygon", "coordinates": [[[-75.6667128, 6.3764208], [-75.6667065, 6.3753521], [-75.6666944, 6.373291], [-75.6666312, 6.3729803], [-75.6664512, 6.3724814], [-75.666179, 6.3720128], [-75.6658875, 6.3716675], [-75.6661789, 6.3709885], [-75.6660188, 6.3708375], [-75.6659046, 6.3704847], [-75.6658995, 6.3698905], [-75.6658969, 6.3695875], [-75.6656377, 6.3689517], [-75.6654325, 6.3685984], [-75.6652945, 6.3680704], [-75.6652797, 6.3664749], [-75.6653406, 6.3660863], [-75.6653707, 6.3654129], [-75.6651861, 6.3644575], [-75.6651335, 6.3641851], [-75.6648826, 6.3638341], [-75.6647527, 6.3634056], [-75.6646846, 6.3627307], [-75.6640736, 6.360225], [-75.6639668, 6.3600654], [-75.6637603, 6.3599677], [-75.6632725, 6.3599154], [-75.6628535, 6.3598219], [-75.6626935, 6.3597862], [-75.662022, 6.3595742], [-75.6615709, 6.3593266], [-75.6610086, 6.3591713], [-75.6610085, 6.3591341], [-75.6604184, 6.3590002], [-75.6602593, 6.3589365], [-75.6601141, 6.3587881], [-75.659832, 6.3582664], [-75.6581561, 6.3557186], [-75.6576418, 6.3551201], [-75.656193, 6.3527115], [-75.6558337, 6.3517704], [-75.6550176, 6.3499727], [-75.6548183, 6.3493438], [-75.6545588, 6.3475837], [-75.6546288, 6.3459545], [-75.6546127, 6.3452403], [-75.6547736, 6.3442237], [-75.6549949, 6.3434278], [-75.6550937, 6.3420201], [-75.6546815, 6.3399408], [-75.6547502, 6.3383478], [-75.6548947, 6.3367549], [-75.6549645, 6.3364105], [-75.6543458, 6.3355071], [-75.6533087, 6.3343957], [-75.6526962, 6.3340851], [-75.6525523, 6.3329431], [-75.651531, 6.3324366], [-75.650327, 6.3317913], [-75.649829, 6.3315341], [-75.6495152, 6.3313763], [-75.6487514, 6.3309938], [-75.6483964, 6.3307278], [-75.6481813, 6.3305359], [-75.6478171, 6.3302112], [-75.6476666, 6.3300681], [-75.6468536, 6.3292894], [-75.6460217, 6.3284208], [-75.6451627, 6.3273695], [-75.6442687, 6.3263309], [-75.6435154, 6.3254564], [-75.6429323, 6.3247306], [-75.6423372, 6.3239128], [-75.6414997, 6.3228826], [-75.6410983, 6.3224298], [-75.6406419, 6.3220643], [-75.640239, 6.3218779], [-75.6399701, 6.3218146], [-75.6396527, 6.3217389], [-75.6386634, 6.3215567], [-75.6381249, 6.3214608], [-75.6377264, 6.3213366], [-75.6374318, 6.3211721], [-75.637014, 6.3209755], [-75.6364386, 6.3204116], [-75.6359416, 6.3198974], [-75.6355112, 6.3194965], [-75.6352913, 6.3192689], [-75.6350279, 6.3190449], [-75.6343989, 6.3183923], [-75.6340718, 6.3179624], [-75.63387, 6.3176795], [-75.6336814, 6.3174531], [-75.6335531, 6.3173483], [-75.6331505, 6.3171511], [-75.6328675, 6.3170117], [-75.6323719, 6.3167859], [-75.6317025, 6.3164659], [-75.6309415, 6.3161149], [-75.6303282, 6.3159576], [-75.6298611, 6.3158123], [-75.6294928, 6.3157656], [-75.6291677, 6.3157117], [-75.6289075, 6.3156049], [-75.6287593, 6.3155756], [-75.6282498, 6.3153069], [-75.6277938, 6.3150485], [-75.6273991, 6.3147509], [-75.6270865, 6.3144937], [-75.6267474, 6.3142303], [-75.6265465, 6.3140568], [-75.6263408, 6.3138034], [-75.6260233, 6.3134679], [-75.6259076, 6.3133625], [-75.6256094, 6.3134853], [-75.6254174, 6.3135854], [-75.624835, 6.3140453], [-75.6244785, 6.3143656], [-75.6239709, 6.3147322], [-75.6237712, 6.3149162], [-75.6235244, 6.3149761], [-75.6229955, 6.3149746], [-75.6227187, 6.3148654], [-75.6225057, 6.3147737], [-75.6223012, 6.3145096], [-75.6220051, 6.3142723], [-75.6218707, 6.3141983], [-75.6215617, 6.3141941], [-75.6213551, 6.3141941], [-75.6211579, 6.3142548], [-75.6206048, 6.3142193], [-75.6201657, 6.3141139], [-75.6198883, 6.3139859], [-75.6194343, 6.3138348], [-75.6190227, 6.3136769], [-75.6185765, 6.3135203], [-75.617959, 6.3133548], [-75.6170301, 6.3131094], [-75.6159765, 6.3131177], [-75.6155929, 6.3131531], [-75.6152338, 6.3134869], [-75.6147149, 6.313707], [-75.6145889, 6.3140322], [-75.6138486, 6.3140269], [-75.6131512, 6.3140935], [-75.6128937, 6.3142108], [-75.6123036, 6.3141015], [-75.611802, 6.3141948], [-75.6111503, 6.3139336], [-75.6108874, 6.3139362], [-75.6105951, 6.313675], [-75.6104583, 6.3136083], [-75.6100586, 6.313587], [-75.6097207, 6.3136403], [-75.6087953, 6.3139256], [-75.6084251, 6.3138803], [-75.6079316, 6.313643], [-75.607776, 6.3135044], [-75.6077305, 6.3132938], [-75.6077921, 6.3127739], [-75.607709, 6.312502], [-75.6075615, 6.3123447], [-75.6073831, 6.3122607], [-75.6073107, 6.3121874], [-75.6072222, 6.3119381], [-75.6070599, 6.3117182], [-75.6065838, 6.3111783], [-75.6063755, 6.3110782], [-75.606046, 6.3108338], [-75.6057006, 6.3106248], [-75.6056115, 6.3105628], [-75.6054947, 6.3103651], [-75.6054372, 6.3102317], [-75.6051354, 6.310064], [-75.605, 6.3098867], [-75.6049544, 6.3096014], [-75.604784, 6.3093628], [-75.604376, 6.3094217], [-75.6043177, 6.309295], [-75.6041733, 6.3089813], [-75.6038645, 6.3087582], [-75.6034705, 6.3087557], [-75.6031642, 6.3087936], [-75.6024655, 6.3089498], [-75.6018604, 6.3089598], [-75.6011846, 6.3088294], [-75.6009347, 6.3088668], [-75.6001623, 6.3085468], [-75.5997458, 6.3082388], [-75.5996803, 6.30818], [-75.5994979, 6.3080536], [-75.5990104, 6.3074616], [-75.5984082, 6.3074322], [-75.5979355, 6.3072778], [-75.5976713, 6.3072196], [-75.5975853, 6.3072133], [-75.5974693, 6.3071813], [-75.59746, 6.3072], [-75.597225, 6.307126], [-75.597086, 6.307032], [-75.5964343, 6.307366], [-75.5957893, 6.3076912], [-75.5955762, 6.3078459], [-75.5953467, 6.3078345], [-75.595213, 6.3078059], [-75.5946544, 6.3076806], [-75.5945617, 6.3077101], [-75.5941883, 6.3078292], [-75.5941056, 6.3079346], [-75.5937867, 6.3083406], [-75.5927068, 6.3084005], [-75.5915843, 6.3084508], [-75.5911831, 6.3084879], [-75.5907811, 6.3086829], [-75.5900025, 6.3088569], [-75.5883401, 6.3097485], [-75.5877333, 6.3098032], [-75.5875252, 6.3100411], [-75.5873904, 6.310117], [-75.5871016, 6.310071], [-75.5869089, 6.3100397], [-75.5868677, 6.310033], [-75.586004, 6.3099927], [-75.5858655, 6.3098511], [-75.5855581, 6.3097975], [-75.5852817, 6.3096667], [-75.585149, 6.309543], [-75.5850853, 6.3094501], [-75.584992, 6.3093535], [-75.5847654, 6.3093175], [-75.584705, 6.3092588], [-75.5846675, 6.3092548], [-75.5844355, 6.3093641], [-75.5842651, 6.3092775], [-75.584127, 6.3092548], [-75.5838762, 6.3092628], [-75.5837408, 6.3093082], [-75.5835678, 6.3093095], [-75.5834109, 6.3092148], [-75.5833197, 6.3092415], [-75.5830541, 6.3093975], [-75.5827612, 6.3093715], [-75.5826308, 6.3093792], [-75.582575, 6.3093423], [-75.5823071, 6.3091469], [-75.5820644, 6.3090737], [-75.5816545, 6.3089348], [-75.5810865, 6.3091701], [-75.581032, 6.3093025], [-75.5808956, 6.3093723], [-75.5807516, 6.309381], [-75.5805906, 6.309473], [-75.5804053, 6.3095217], [-75.5801086, 6.309707], [-75.5796781, 6.3098887], [-75.5796525, 6.3098995], [-75.5795057, 6.3099656], [-75.5793191, 6.3100496], [-75.579131, 6.3101342], [-75.5788794, 6.3102684], [-75.578783, 6.3103553], [-75.5786385, 6.310431], [-75.5783669, 6.3104089], [-75.5781386, 6.3104733], [-75.5780148, 6.3105052], [-75.5779855, 6.3105127], [-75.5779188, 6.3105587], [-75.5778367, 6.3106153], [-75.5776748, 6.3106827], [-75.5775113, 6.3107508], [-75.5774589, 6.3107726], [-75.5773681, 6.3108105], [-75.5772002, 6.3107744], [-75.5771331, 6.3107324], [-75.577044, 6.3107378], [-75.5767865, 6.3109171], [-75.5767268, 6.3109237], [-75.5766671, 6.3110321], [-75.5766671, 6.3110923], [-75.5765833, 6.3111923], [-75.5764559, 6.311225], [-75.5760643, 6.3111317], [-75.5759629, 6.3110569], [-75.5758631, 6.3109808], [-75.5757971, 6.3109304], [-75.5757423, 6.310995], [-75.5757015, 6.311043], [-75.5756227, 6.3110248], [-75.5755399, 6.3109765], [-75.5754666, 6.3108961], [-75.5751963, 6.3108409], [-75.5750055, 6.3108138], [-75.5747353, 6.3108477], [-75.574628, 6.3107824], [-75.574522, 6.3107464], [-75.5744067, 6.3107784], [-75.5743343, 6.3107504], [-75.5741465, 6.3107571], [-75.5740674, 6.3107011], [-75.5738917, 6.3106961], [-75.5738535, 6.3107078], [-75.573716, 6.3108344], [-75.573609, 6.3108587], [-75.5735008, 6.3108371], [-75.5734206, 6.3108004], [-75.5733108, 6.3107819], [-75.5731804, 6.3107531], [-75.5729753, 6.310763], [-75.572891, 6.3107294], [-75.5728015, 6.3106539], [-75.5726873, 6.3106596], [-75.5725564, 6.3107357], [-75.5724096, 6.3106966], [-75.5723431, 6.3106755], [-75.5722562, 6.3106988], [-75.5720285, 6.3108991], [-75.5719291, 6.3109309], [-75.5718345, 6.3109611], [-75.5717876, 6.3109195], [-75.5717609, 6.3108958], [-75.571744, 6.3108808], [-75.5715942, 6.3107478], [-75.5714934, 6.3105619], [-75.5713809, 6.3105036], [-75.5712895, 6.3105487], [-75.5711006, 6.3106252], [-75.5708046, 6.3108587], [-75.5706006, 6.3109093], [-75.5701484, 6.3108906], [-75.5701179, 6.3108928], [-75.5699748, 6.3108928], [-75.5698604, 6.3108928], [-75.5697758, 6.3109181], [-75.5696888, 6.310944], [-75.5694656, 6.3110634], [-75.5692596, 6.3113449], [-75.569148, 6.3115582], [-75.5689764, 6.3117971], [-75.5689163, 6.3121725], [-75.5686588, 6.3122236], [-75.5684337, 6.3122361], [-75.5683498, 6.3122407], [-75.5681753, 6.3122305], [-75.5680862, 6.3122253], [-75.568058, 6.3122236], [-75.5679693, 6.3122175], [-75.5676889, 6.3121981], [-75.5673885, 6.3123687], [-75.5670547, 6.3125161], [-75.5670023, 6.3125393], [-75.5667454, 6.3125903], [-75.5665644, 6.3127192], [-75.5665258, 6.3127468], [-75.5663219, 6.3128196], [-75.5662277, 6.3127456], [-75.5661601, 6.3126924], [-75.566041, 6.3127099], [-75.5658693, 6.3127099], [-75.5658462, 6.312707], [-75.565732, 6.3126929], [-75.5657144, 6.3126754], [-75.5656072, 6.3125992], [-75.5654744, 6.3125635], [-75.5652657, 6.3124407], [-75.5649747, 6.3122533], [-75.5649423, 6.3122236], [-75.564802, 6.312119], [-75.5647707, 6.3120957], [-75.5645818, 6.3119421], [-75.5643415, 6.3119421], [-75.564084, 6.3119421], [-75.5640483, 6.3119487], [-75.5638862, 6.311979], [-75.5638094, 6.3119933], [-75.5636339, 6.3120127], [-75.5635004, 6.3120274], [-75.5632086, 6.3120274], [-75.5631576, 6.3120325], [-75.5629511, 6.312053], [-75.5626527, 6.3119954], [-75.5622767, 6.3120052], [-75.5619534, 6.3119778], [-75.5617532, 6.3120182], [-75.5615734, 6.3120313], [-75.5613641, 6.3120422], [-75.561075, 6.3120393], [-75.5608245, 6.3120014], [-75.5606838, 6.3120314], [-75.5605269, 6.3121367], [-75.560315, 6.3121993], [-75.5601358, 6.3121383], [-75.5600374, 6.312134], [-75.5599368, 6.3121753], [-75.5597625, 6.3121193], [-75.5594921, 6.3120957], [-75.5593638, 6.3120593], [-75.5591917, 6.3120104], [-75.5590437, 6.312006], [-75.5588655, 6.312053], [-75.5587661, 6.312162], [-75.5587308, 6.3121873], [-75.5585954, 6.3122841], [-75.5585797, 6.3122953], [-75.5584134, 6.312322], [-75.5583099, 6.312305], [-75.5582018, 6.3122601], [-75.5579449, 6.3120767], [-75.557513, 6.3118813], [-75.5570003, 6.3117736], [-75.5569084, 6.3116913], [-75.5565274, 6.3113458], [-75.5564534, 6.3112787], [-75.5567727, 6.3107808], [-75.5571715, 6.3101589], [-75.5568548, 6.3099576], [-75.5566827, 6.3097658], [-75.5565235, 6.3096124], [-75.5563715, 6.3094606], [-75.5561154, 6.309277], [-75.5558626, 6.3089227], [-75.5555159, 6.3086496], [-75.555306, 6.3084604], [-75.5550111, 6.3081835], [-75.5549042, 6.3081498], [-75.5543128, 6.3079356], [-75.5535505, 6.30765], [-75.5530476, 6.307472], [-75.5526698, 6.3074701], [-75.5525605, 6.3075027], [-75.5524632, 6.3075069], [-75.5523926, 6.3075327], [-75.552299, 6.3075135], [-75.5520969, 6.3074357], [-75.552053, 6.3072406], [-75.5519189, 6.3071681], [-75.5518123, 6.3071147], [-75.5516095, 6.3070802], [-75.5515481, 6.3071079], [-75.551019, 6.3071091], [-75.550872, 6.3071378], [-75.5507859, 6.3070493], [-75.5507507, 6.3069162], [-75.550687, 6.3067493], [-75.5504632, 6.3067582], [-75.550279, 6.3067092], [-75.5501256, 6.3066682], [-75.5500579, 6.3066501], [-75.5500091, 6.3066205], [-75.5498326, 6.3065898], [-75.5498076, 6.3067001], [-75.5497096, 6.3067708], [-75.5496482, 6.3067305], [-75.5495551, 6.3065162], [-75.5493734, 6.3063904], [-75.549273, 6.3061504], [-75.5491416, 6.3058836], [-75.5488934, 6.3059015], [-75.5487442, 6.3058479], [-75.5482031, 6.3057476], [-75.5480485, 6.3057881], [-75.5479008, 6.3056795], [-75.5477417, 6.3057082], [-75.5477045, 6.305651], [-75.5477407, 6.3055027], [-75.5474209, 6.3054741], [-75.5472346, 6.3054893], [-75.54693, 6.3056043], [-75.5465599, 6.3055511], [-75.5463635, 6.3055223], [-75.5462249, 6.3055764], [-75.5460445, 6.3056855], [-75.5459409, 6.3057013], [-75.5457636, 6.3054614], [-75.5457235, 6.3052918], [-75.5456173, 6.3051157], [-75.5453762, 6.304947], [-75.545271, 6.3047924], [-75.5452122, 6.3046915], [-75.5451024, 6.3045822], [-75.5450261, 6.3044804], [-75.5449521, 6.3044231], [-75.5447772, 6.30445], [-75.5446703, 6.3044157], [-75.5445794, 6.304349], [-75.5445186, 6.3043654], [-75.5445046, 6.3043999], [-75.5444715, 6.304453], [-75.5443737, 6.3044336], [-75.5443515, 6.3044274], [-75.5441847, 6.3043884], [-75.544045, 6.3043453], [-75.5439997, 6.3043047], [-75.5439805, 6.3041917], [-75.5439202, 6.3040682], [-75.5437589, 6.3039965], [-75.5436064, 6.3039589], [-75.5435039, 6.3039306], [-75.543425, 6.3038335], [-75.5433938, 6.303795], [-75.5433758, 6.3037285], [-75.5433458, 6.3036989], [-75.5432896, 6.3037139], [-75.5432026, 6.3037669], [-75.5431125, 6.3038241], [-75.5430018, 6.3039044], [-75.5429275, 6.3039386], [-75.5428172, 6.3039823], [-75.5424719, 6.3039078], [-75.542371, 6.3038396], [-75.5422445, 6.3037043], [-75.5420971, 6.3036192], [-75.5418883, 6.3034917], [-75.5418251, 6.3034261], [-75.5416257, 6.3033646], [-75.5415918, 6.3032931], [-75.5415665, 6.3032283], [-75.5413953, 6.3031794], [-75.5412771, 6.3031371], [-75.5412492, 6.3030997], [-75.5412179, 6.3030474], [-75.5410592, 6.3029686], [-75.5409284, 6.3028389], [-75.5408966, 6.3028267], [-75.5407203, 6.3026979], [-75.5405916, 6.3026632], [-75.540521, 6.3026186], [-75.5403917, 6.3025283], [-75.5403751, 6.3023878], [-75.5403295, 6.3022966], [-75.5402202, 6.3022808], [-75.540122, 6.3022101], [-75.5399887, 6.3021118], [-75.5397007, 6.3019356], [-75.5396136, 6.3018246], [-75.5395733, 6.3017217], [-75.5395603, 6.3016076], [-75.5394892, 6.3013915], [-75.5393712, 6.3012289], [-75.5392719, 6.3010636], [-75.5392585, 6.300989], [-75.5392102, 6.300933], [-75.5391056, 6.300861], [-75.5389197, 6.3007375], [-75.5387104, 6.3007136], [-75.53849, 6.3008619], [-75.5383466, 6.3009143], [-75.5382205, 6.3007783], [-75.5382339, 6.3006557], [-75.5382715, 6.3004744], [-75.5382876, 6.3001998], [-75.5382044, 6.2999972], [-75.5381105, 6.2999092], [-75.5379255, 6.2997439], [-75.5376733, 6.2996373], [-75.5375285, 6.2994667], [-75.5373461, 6.2991921], [-75.5373112, 6.2989735], [-75.5372404, 6.298764], [-75.5372066, 6.2986642], [-75.5371423, 6.2985122], [-75.5370913, 6.2982963], [-75.5369679, 6.2982296], [-75.5366729, 6.298163], [-75.5364771, 6.2981656], [-75.5363617, 6.298211], [-75.5361928, 6.2983016], [-75.5360399, 6.2983443], [-75.5358919, 6.2983971], [-75.5358682, 6.2984056], [-75.535772, 6.2984684], [-75.5357287, 6.2986242], [-75.5355544, 6.2987628], [-75.5353304, 6.2989271], [-75.5352999, 6.2990441], [-75.5352645, 6.2990917], [-75.5352264, 6.2991382], [-75.5351295, 6.299201], [-75.5350534, 6.2992214], [-75.5348705, 6.2992305], [-75.5347011, 6.2992743], [-75.5345423, 6.2993427], [-75.5342992, 6.2993989], [-75.5342263, 6.2994175], [-75.5341693, 6.2994628], [-75.5340067, 6.2996532], [-75.5338364, 6.2999331], [-75.5338062, 6.2999595], [-75.5336753, 6.3000444], [-75.5332241, 6.3000428], [-75.5332168, 6.300044], [-75.53295, 6.3000105], [-75.5325514, 6.2997906], [-75.5322434, 6.2995944], [-75.532123, 6.2994509], [-75.5316257, 6.2991742], [-75.5313888, 6.2991132], [-75.5309001, 6.298397], [-75.5305478, 6.2980149], [-75.5303708, 6.2979058], [-75.530488, 6.2976252], [-75.5303773, 6.2974007], [-75.530379, 6.2970988], [-75.530314, 6.2970309], [-75.5299813, 6.2969925], [-75.5298973, 6.2969828], [-75.5297854, 6.2969339], [-75.529672, 6.2968469], [-75.5296167, 6.2968601], [-75.5292957, 6.2966428], [-75.5287457, 6.2966865], [-75.5283289, 6.2966557], [-75.528197, 6.2965978], [-75.5281655, 6.2965529], [-75.5280387, 6.2964991], [-75.527833, 6.2964117], [-75.5277472, 6.29635], [-75.5275979, 6.2962812], [-75.527401, 6.2962451], [-75.5271213, 6.2961929], [-75.5270645, 6.2961457], [-75.5270526, 6.2960926], [-75.5270188, 6.2959358], [-75.5269515, 6.2958446], [-75.5269532, 6.2957593], [-75.5269638, 6.2956925], [-75.5270244, 6.2956653], [-75.5272654, 6.2955456], [-75.5274862, 6.2953375], [-75.5275772, 6.2949736], [-75.5275795, 6.2949643], [-75.527832, 6.2945952], [-75.5279219, 6.2943764], [-75.5280715, 6.2940126], [-75.5286069, 6.2934518], [-75.5289536, 6.2928237], [-75.5290614, 6.2924178], [-75.5293354, 6.2921258], [-75.5288689, 6.2917957], [-75.5283807, 6.2913056], [-75.5280678, 6.2908397], [-75.527915, 6.2903249], [-75.5279382, 6.2899112], [-75.5277554, 6.2895501], [-75.5273126, 6.2889311], [-75.5269766, 6.2883128], [-75.5264121, 6.2875391], [-75.5259163, 6.287127], [-75.5256342, 6.2875729], [-75.5251149, 6.2878817], [-75.5236426, 6.2881931], [-75.5229635, 6.2884323], [-75.5218118, 6.2885225], [-75.5216898, 6.2884821], [-75.5215902, 6.2886112], [-75.5216994, 6.2897007], [-75.5217364, 6.2898545], [-75.5220839, 6.2904941], [-75.5221946, 6.2911057], [-75.5221254, 6.2914944], [-75.522147, 6.2917996], [-75.5224433, 6.2921816], [-75.5226644, 6.2927925], [-75.5228615, 6.2933041], [-75.5231526, 6.2940356], [-75.523143, 6.2945], [-75.5230353, 6.2950837], [-75.5235843, 6.2956934], [-75.5235691, 6.2958335], [-75.5236095, 6.2959504], [-75.5237971, 6.2962888], [-75.523987, 6.2966393], [-75.5240546, 6.2968753], [-75.5240975, 6.2973125], [-75.5242155, 6.2977924], [-75.524591, 6.2985389], [-75.5248592, 6.2988908], [-75.5249758, 6.2991893], [-75.5249658, 6.2995109], [-75.5249264, 6.2996476], [-75.5249665, 6.2998719], [-75.5252884, 6.3002131], [-75.525578, 6.3004904], [-75.5259965, 6.3007357], [-75.5262325, 6.3012049], [-75.5264256, 6.3017061], [-75.5265651, 6.3019727], [-75.5267972, 6.3021444], [-75.5268509, 6.3025484], [-75.5271766, 6.3028791], [-75.5274019, 6.303583], [-75.52752, 6.3040948], [-75.5276165, 6.3049693], [-75.5276594, 6.3055238], [-75.5275736, 6.3063876], [-75.5276594, 6.3071874], [-75.5279635, 6.3076407], [-75.5279559, 6.3077006], [-75.5279199, 6.3079866], [-75.5281471, 6.3082596], [-75.5278115, 6.3091514], [-75.5280288, 6.3096368], [-75.5282495, 6.3106425], [-75.5284963, 6.311165], [-75.5286679, 6.3116235], [-75.5288869, 6.3119643], [-75.5289476, 6.3127759], [-75.5290242, 6.3129153], [-75.5291213, 6.3130214], [-75.5293439, 6.3132018], [-75.5293889, 6.3133422], [-75.5294392, 6.3135054], [-75.5296109, 6.3137238], [-75.5296121, 6.3140655], [-75.5301399, 6.3150041], [-75.53017, 6.3153615], [-75.5305252, 6.3161279], [-75.5305401, 6.3164649], [-75.5304667, 6.3169194], [-75.5304996, 6.3170813], [-75.5307976, 6.3173342], [-75.5311892, 6.3177872], [-75.5314896, 6.318587], [-75.5316506, 6.3193121], [-75.5318115, 6.319792], [-75.5320368, 6.3200159], [-75.5323158, 6.3204531], [-75.5326805, 6.3206984], [-75.5330346, 6.320901], [-75.5333994, 6.3215514], [-75.5337427, 6.3220526], [-75.5341504, 6.3223832], [-75.5346868, 6.3228631], [-75.5346624, 6.323265], [-75.5346543, 6.3234516], [-75.5346332, 6.3237801], [-75.5345581, 6.3241747], [-75.5344508, 6.3246439], [-75.5343888, 6.3249145], [-75.5343448, 6.325121], [-75.534601, 6.3255823], [-75.5348585, 6.3261048], [-75.5350087, 6.326446], [-75.5348263, 6.3268619], [-75.5346654, 6.3272351], [-75.5344937, 6.3275657], [-75.5344186, 6.3279282], [-75.534483, 6.3281948], [-75.5346225, 6.3284721], [-75.534719, 6.3287493], [-75.5348478, 6.3290799], [-75.5350516, 6.3296131], [-75.5351267, 6.3298583], [-75.5352651, 6.330121], [-75.5355119, 6.3303023], [-75.5355709, 6.3310914], [-75.535764, 6.3315766], [-75.5360162, 6.3320885], [-75.5359411, 6.3327016], [-75.5358016, 6.3328562], [-75.5356299, 6.3330002], [-75.535469, 6.3331335], [-75.535469, 6.3333947], [-75.5356353, 6.3334587], [-75.5356138, 6.3335547], [-75.5354207, 6.333608], [-75.5353027, 6.333672], [-75.5353402, 6.3340345], [-75.535233, 6.3341998], [-75.535072, 6.3344557], [-75.5350828, 6.3349036], [-75.53519, 6.3354261], [-75.5354261, 6.3358686], [-75.5355816, 6.3360872], [-75.5356541, 6.3362237], [-75.5347829, 6.3365623], [-75.5346165, 6.3366225], [-75.5336019, 6.3369897], [-75.5321895, 6.3373257], [-75.5304066, 6.3374865], [-75.5294155, 6.3374918], [-75.5287552, 6.3374708], [-75.5279325, 6.3376014], [-75.527383, 6.3378451], [-75.5271362, 6.3379546], [-75.5262245, 6.3383558], [-75.5251943, 6.3384142], [-75.5244124, 6.3383854], [-75.523556, 6.3384121], [-75.5232523, 6.338829], [-75.5233012, 6.3395213], [-75.5232271, 6.3404149], [-75.5228226, 6.3412863], [-75.5221127, 6.3417139], [-75.520859, 6.3417102], [-75.5206066, 6.3418006], [-75.5204231, 6.3421842], [-75.5201217, 6.3433089], [-75.5195847, 6.3449441], [-75.5192698, 6.3455412], [-75.5187932, 6.3460058], [-75.5180751, 6.3460426], [-75.517068, 6.3458987], [-75.5170211, 6.3461569], [-75.5170102, 6.3462166], [-75.5170209, 6.3464618], [-75.5169994, 6.3466484], [-75.5171067, 6.346947], [-75.5171926, 6.3472029], [-75.5172355, 6.3473682], [-75.5171241, 6.3475501], [-75.5170209, 6.3476881], [-75.5170209, 6.3479706], [-75.5170477, 6.3481679], [-75.5172134, 6.3487038], [-75.5173866, 6.3489427], [-75.5174397, 6.3490657], [-75.5175901, 6.3495073], [-75.5177987, 6.3500393], [-75.5178417, 6.3502792], [-75.5178631, 6.3504391], [-75.5178631, 6.3505884], [-75.5179597, 6.350727], [-75.5179437, 6.3509237], [-75.5179325, 6.3511641], [-75.5179085, 6.351314], [-75.5178417, 6.3514414], [-75.5177129, 6.3516014], [-75.5175949, 6.3518573], [-75.5175144, 6.3520492], [-75.5173481, 6.3521345], [-75.5170155, 6.3524171], [-75.5166454, 6.3526902], [-75.5165904, 6.3529334], [-75.5165926, 6.3531502], [-75.5165954, 6.3533763], [-75.5166132, 6.3536316], [-75.5166722, 6.3538566], [-75.5166615, 6.3539899], [-75.5166829, 6.3541658], [-75.5166883, 6.3543151], [-75.516522, 6.3544964], [-75.5165435, 6.354603], [-75.5163527, 6.3549313], [-75.5163182, 6.3551522], [-75.5162645, 6.3553601], [-75.5159641, 6.3556267], [-75.5158568, 6.3562558], [-75.5159051, 6.3564424], [-75.5160338, 6.3566503], [-75.5160982, 6.3568795], [-75.516066, 6.3571301], [-75.5160017, 6.357338], [-75.5159373, 6.357514], [-75.5158676, 6.3576953], [-75.5158115, 6.3578361], [-75.5157834, 6.3580368], [-75.5157565, 6.3582288], [-75.5157924, 6.358447], [-75.5157281, 6.3587242], [-75.5157066, 6.3589108], [-75.5156637, 6.3590921], [-75.5156047, 6.3592467], [-75.515551, 6.3594066], [-75.5155028, 6.3595826], [-75.5154277, 6.3597372], [-75.5153633, 6.3599558], [-75.5153579, 6.3601051], [-75.5152989, 6.3603929], [-75.5152989, 6.3606115], [-75.5152775, 6.3608088], [-75.5152185, 6.3610647], [-75.5152077, 6.361294], [-75.5153043, 6.3615072], [-75.5153901, 6.3616831], [-75.5154867, 6.3618324], [-75.5156583, 6.361971], [-75.51583, 6.362131], [-75.5160553, 6.3623229], [-75.5162377, 6.3624828], [-75.5164523, 6.3626108], [-75.5166239, 6.3629413], [-75.5168063, 6.3631226], [-75.5169351, 6.3633039], [-75.5171067, 6.3635278], [-75.5172462, 6.3637624], [-75.5175144, 6.3639117], [-75.5179114, 6.3642102], [-75.5181796, 6.3643915], [-75.5183298, 6.3645301], [-75.5185659, 6.364722], [-75.5187697, 6.3648713], [-75.5189843, 6.3650526], [-75.5191774, 6.3652018], [-75.5193598, 6.3653405], [-75.5195207, 6.3654471], [-75.5196387, 6.3656177], [-75.5198426, 6.3660335], [-75.5201001, 6.3662148], [-75.5202717, 6.3663321], [-75.5203683, 6.36646], [-75.5204541, 6.3666306], [-75.5205614, 6.3668119], [-75.520776, 6.3669505], [-75.5208726, 6.3671425], [-75.5212159, 6.3672278], [-75.5215056, 6.3672811], [-75.5216879, 6.3673664], [-75.5219454, 6.3674943], [-75.5220956, 6.3676223], [-75.5221493, 6.3677715], [-75.522278, 6.3679422], [-75.5225248, 6.3680275], [-75.5228145, 6.3681234], [-75.5229218, 6.3684326], [-75.5230505, 6.3686565], [-75.5232222, 6.3688591], [-75.523426, 6.3690404], [-75.5236191, 6.369243], [-75.5236942, 6.3695629], [-75.5237479, 6.3699041], [-75.5238552, 6.3701067], [-75.5238874, 6.3703199], [-75.5239625, 6.3705652], [-75.5241878, 6.3708317], [-75.5245525, 6.3710556], [-75.5247564, 6.3712582], [-75.5249173, 6.3713968], [-75.5250783, 6.3715781], [-75.5252499, 6.37177], [-75.5253572, 6.3719726], [-75.5254216, 6.3725057], [-75.5254323, 6.3728896], [-75.5255074, 6.3733481], [-75.5255289, 6.3736146], [-75.5255718, 6.3741904], [-75.5257005, 6.3746596], [-75.5257542, 6.3748622], [-75.5257542, 6.3751607], [-75.5258507, 6.3754273], [-75.5260009, 6.3758005], [-75.526237, 6.3760244], [-75.5264086, 6.3763229], [-75.5265588, 6.3765255], [-75.5267412, 6.3768667], [-75.5268056, 6.3770906], [-75.5268053, 6.3777601], [-75.5270951, 6.3779841], [-75.5274178, 6.3782725], [-75.5276756, 6.378561], [-75.5279332, 6.3788179], [-75.528191, 6.3791065], [-75.5285132, 6.3793949], [-75.5287708, 6.3796506], [-75.5290609, 6.3799719], [-75.5293508, 6.3802603], [-75.5295771, 6.3805806], [-75.5298027, 6.3808692], [-75.5300604, 6.3811589], [-75.5302866, 6.3814475], [-75.5305123, 6.3818006], [-75.5307701, 6.3820891], [-75.5310278, 6.3823449], [-75.5312539, 6.3826335], [-75.5315117, 6.3829221], [-75.5317694, 6.383179], [-75.5320593, 6.3834347], [-75.5322848, 6.3837233], [-75.5325746, 6.3839485], [-75.5328967, 6.3842041], [-75.5331549, 6.384461], [-75.5333485, 6.3848141], [-75.5334462, 6.3851992], [-75.5335116, 6.3855854], [-75.5334806, 6.3860025], [-75.5334495, 6.386389], [-75.5333863, 6.3868073], [-75.5333553, 6.3872255], [-75.5331961, 6.3876429], [-75.5329718, 6.3879972], [-75.5327801, 6.3883198], [-75.5326616, 6.38849], [-75.532838, 6.388476], [-75.533411, 6.388168], [-75.533639, 6.38767], [-75.533869, 6.387554], [-75.534174, 6.387515], [-75.534481, 6.387553], [-75.535132, 6.387819], [-75.535361, 6.387933], [-75.535745, 6.388199], [-75.535745, 6.388238], [-75.536128, 6.388428], [-75.536434, 6.388657], [-75.536473, 6.388618], [-75.537887, 6.388346], [-75.538155, 6.388269], [-75.538842, 6.387999], [-75.539339, 6.387883], [-75.539569, 6.387768], [-75.539835, 6.387461], [-75.54014, 6.386848], [-75.540368, 6.386579], [-75.540445, 6.386541], [-75.54075, 6.386425], [-75.541324, 6.386347], [-75.541515, 6.38627], [-75.541706, 6.386231], [-75.542241, 6.385923], [-75.542661, 6.385845], [-75.542929, 6.385883], [-75.543273, 6.385882], [-75.543694, 6.385689], [-75.544229, 6.385497], [-75.545146, 6.385264], [-75.545489, 6.384804], [-75.545832, 6.384421], [-75.546061, 6.384267], [-75.546519, 6.383845], [-75.546976, 6.383193], [-75.547548, 6.382617], [-75.547815, 6.382157], [-75.548043, 6.381888], [-75.548311, 6.381735], [-75.549037, 6.381503], [-75.549801, 6.381348], [-75.551063, 6.381229], [-75.551599, 6.381228], [-75.551943, 6.38115], [-75.55221, 6.380958], [-75.552362, 6.380766], [-75.552477, 6.38069], [-75.552668, 6.380727], [-75.552783, 6.380803], [-75.55309, 6.381262], [-75.553244, 6.381414], [-75.553628, 6.381949], [-75.553745, 6.382599], [-75.5543706, 6.3835655], [-75.5551786, 6.3847554], [-75.5563958, 6.3871386], [-75.5588442, 6.3935009], [-75.5624803, 6.3988552], [-75.564705, 6.4024265], [-75.565163, 6.402887], [-75.565393, 6.403001], [-75.5656533, 6.4032689], [-75.5657, 6.403344], [-75.565777, 6.403382], [-75.566007, 6.403611], [-75.566122, 6.403802], [-75.5662, 6.404185], [-75.566316, 6.404567], [-75.566316, 6.404797], [-75.566471, 6.405332], [-75.566818, 6.40625], [-75.566895, 6.406555], [-75.567164, 6.407052], [-75.567319, 6.407434], [-75.567435, 6.407893], [-75.567628, 6.408467], [-75.567628, 6.408696], [-75.567745, 6.409232], [-75.567937, 6.409767], [-75.567823, 6.40992], [-75.567709, 6.409997], [-75.567479, 6.410113], [-75.567403, 6.410189], [-75.567212, 6.410228], [-75.567174, 6.410267], [-75.567174, 6.410381], [-75.567251, 6.410573], [-75.56729, 6.41084], [-75.567329, 6.410917], [-75.567405, 6.410917], [-75.567482, 6.410878], [-75.567826, 6.410877], [-75.567979, 6.410991], [-75.568018, 6.411144], [-75.568056, 6.411182], [-75.568209, 6.411182], [-75.568439, 6.411334], [-75.568173, 6.411756], [-75.568173, 6.411871], [-75.568135, 6.411909], [-75.568135, 6.412024], [-75.568097, 6.412063], [-75.568135, 6.412101], [-75.568136, 6.412369], [-75.568214, 6.412713], [-75.568253, 6.413095], [-75.568292, 6.41321], [-75.568292, 6.413363], [-75.568408, 6.413631], [-75.568447, 6.414013], [-75.568524, 6.414204], [-75.568524, 6.414319], [-75.568755, 6.414701], [-75.568832, 6.414777], [-75.568832, 6.414816], [-75.56887, 6.414816], [-75.569292, 6.415082], [-75.569484, 6.41535], [-75.569561, 6.415541], [-75.569561, 6.415617], [-75.569599, 6.415655], [-75.5696, 6.415732], [-75.569676, 6.415885], [-75.569754, 6.416382], [-75.569793, 6.416458], [-75.569795, 6.417032], [-75.56991, 6.417262], [-75.569987, 6.417529], [-75.570064, 6.417682], [-75.57018, 6.418103], [-75.570334, 6.41837], [-75.570411, 6.418638], [-75.570603, 6.418867], [-75.570986, 6.419134], [-75.571178, 6.419324], [-75.571294, 6.419477], [-75.571447, 6.419783], [-75.571524, 6.419821], [-75.571716, 6.420012], [-75.571831, 6.420203], [-75.572061, 6.42024], [-75.5722859, 6.4204125], [-75.572559, 6.420622], [-75.572904, 6.420774], [-75.573517, 6.421001], [-75.573593, 6.421001], [-75.574053, 6.421191], [-75.57436, 6.421496], [-75.574475, 6.421687], [-75.574705, 6.421878], [-75.574859, 6.422069], [-75.574974, 6.422145], [-75.57505, 6.42226], [-75.575511, 6.422679], [-75.575856, 6.423023], [-75.575933, 6.423137], [-75.576124, 6.42329], [-75.576354, 6.423251], [-75.576584, 6.423403], [-75.577083, 6.423899], [-75.577121, 6.424014], [-75.577428, 6.424358], [-75.577926, 6.424624], [-75.578118, 6.424662], [-75.578539, 6.424852], [-75.578807, 6.424928], [-75.578922, 6.424927], [-75.579152, 6.425041], [-75.579381, 6.425041], [-75.579419, 6.425002], [-75.579534, 6.425002], [-75.579801, 6.424886], [-75.579878, 6.424886], [-75.579992, 6.424809], [-75.580298, 6.424694], [-75.580527, 6.424463], [-75.580909, 6.424462], [-75.580909, 6.424424], [-75.580948, 6.424424], [-75.581024, 6.424309], [-75.581023, 6.424194], [-75.581252, 6.423925], [-75.581367, 6.423849], [-75.581481, 6.42381], [-75.581673, 6.423809], [-75.581749, 6.423847], [-75.581979, 6.424115], [-75.582248, 6.424343], [-75.582248, 6.424382], [-75.582594, 6.424802], [-75.582862, 6.42503], [-75.583016, 6.425221], [-75.583131, 6.425297], [-75.583131, 6.425336], [-75.583322, 6.425488], [-75.583437, 6.425526], [-75.583782, 6.425755], [-75.583859, 6.425831], [-75.583936, 6.425984], [-75.584012, 6.426022], [-75.584128, 6.426251], [-75.584281, 6.426404], [-75.58455, 6.426786], [-75.58501, 6.427129], [-75.58524, 6.427243], [-75.585317, 6.427319], [-75.585433, 6.427625], [-75.585433, 6.427816], [-75.585664, 6.428351], [-75.585665, 6.428543], [-75.585742, 6.428849], [-75.585782, 6.429308], [-75.58609, 6.430072], [-75.586244, 6.430378], [-75.586436, 6.430569], [-75.586512, 6.430568], [-75.586665, 6.430645], [-75.586819, 6.43095], [-75.586973, 6.431065], [-75.587546, 6.430986], [-75.5877, 6.431062], [-75.588006, 6.431291], [-75.588236, 6.43129], [-75.588427, 6.431175], [-75.588618, 6.431136], [-75.588962, 6.430982], [-75.589229, 6.430905], [-75.589344, 6.430905], [-75.589382, 6.430866], [-75.589497, 6.430866], [-75.589535, 6.430827], [-75.589841, 6.430712], [-75.590375, 6.430442], [-75.59049, 6.430442], [-75.590758, 6.430365], [-75.5911244, 6.4303578], [-75.591255, 6.430401], [-75.591523, 6.430592], [-75.591867, 6.4304], [-75.591943, 6.430323], [-75.592058, 6.430284], [-75.592058, 6.430246], [-75.592287, 6.429939], [-75.592286, 6.429863], [-75.592553, 6.429326], [-75.592552, 6.42925], [-75.592742, 6.42879], [-75.592779, 6.428445], [-75.592855, 6.428177], [-75.592893, 6.427909], [-75.5928826, 6.4276555], [-75.59293, 6.427526], [-75.592929, 6.427144], [-75.592966, 6.42699], [-75.592966, 6.426799], [-75.593041, 6.426493], [-75.593194, 6.426263], [-75.59327, 6.426224], [-75.593384, 6.426033], [-75.593728, 6.425687], [-75.593804, 6.42561], [-75.593918, 6.425534], [-75.594185, 6.425188], [-75.594223, 6.425112], [-75.594223, 6.425035], [-75.594831, 6.423847], [-75.594907, 6.423617], [-75.595059, 6.423349], [-75.595212, 6.423157], [-75.595592, 6.422391], [-75.595821, 6.422084], [-75.595897, 6.421931], [-75.595973, 6.421892], [-75.596011, 6.421815], [-75.596278, 6.421508], [-75.596392, 6.421278], [-75.596392, 6.421202], [-75.596468, 6.421049], [-75.596582, 6.420666], [-75.596658, 6.420551], [-75.596734, 6.420321], [-75.596733, 6.420244], [-75.596961, 6.419631], [-75.597228, 6.419324], [-75.597457, 6.419132], [-75.597648, 6.419055], [-75.597915, 6.419016], [-75.59803, 6.418901], [-75.598296, 6.418365], [-75.598372, 6.418288], [-75.598524, 6.417981], [-75.598906, 6.417597], [-75.598982, 6.417482], [-75.599324, 6.416831], [-75.599324, 6.416754], [-75.599362, 6.416678], [-75.599361, 6.416257], [-75.599512, 6.415644], [-75.599512, 6.415529], [-75.599664, 6.415223], [-75.599663, 6.415031], [-75.599739, 6.41484], [-75.599777, 6.414648], [-75.600347, 6.413498], [-75.6005, 6.413383], [-75.600615, 6.413345], [-75.600691, 6.413344], [-75.600768, 6.413382], [-75.600921, 6.413382], [-75.601189, 6.413458], [-75.601265, 6.413419], [-75.601533, 6.413418], [-75.601647, 6.41338], [-75.602029, 6.413226], [-75.602602, 6.412918], [-75.602793, 6.412841], [-75.60287, 6.41284], [-75.603251, 6.412533], [-75.603557, 6.412379], [-75.603825, 6.41234], [-75.603901, 6.412378], [-75.604131, 6.412377], [-75.604207, 6.412415], [-75.604284, 6.412415], [-75.604742, 6.412261], [-75.60501, 6.41226], [-75.605125, 6.412221], [-75.605393, 6.412221], [-75.605852, 6.412334], [-75.605967, 6.412334], [-75.606043, 6.412295], [-75.606311, 6.412256], [-75.60696, 6.411948], [-75.607265, 6.411679], [-75.607609, 6.411525], [-75.607724, 6.411525], [-75.6078, 6.411448], [-75.608144, 6.411294], [-75.608259, 6.411294], [-75.608411, 6.411217], [-75.608488, 6.411216], [-75.608717, 6.411139], [-75.609214, 6.411138], [-75.609406, 6.411099], [-75.60952, 6.411022], [-75.609864, 6.411021], [-75.610017, 6.410982], [-75.610361, 6.410828], [-75.610438, 6.410828], [-75.610705, 6.410636], [-75.610819, 6.410482], [-75.610895, 6.410444], [-75.611315, 6.409907], [-75.61162, 6.409676], [-75.611734, 6.409523], [-75.611887, 6.409408], [-75.612039, 6.409139], [-75.612306, 6.408832], [-75.61242, 6.408603], [-75.612572, 6.408411], [-75.612648, 6.408219], [-75.612725, 6.408142], [-75.612724, 6.408066], [-75.612838, 6.407759], [-75.613028, 6.4073], [-75.613104, 6.407185], [-75.61318, 6.40684], [-75.613294, 6.406572], [-75.613369, 6.406151], [-75.613445, 6.405959], [-75.613559, 6.405729], [-75.613788, 6.405499], [-75.61394, 6.405269], [-75.614092, 6.404886], [-75.614206, 6.404694], [-75.614244, 6.404541], [-75.614358, 6.404349], [-75.614853, 6.403697], [-75.61493, 6.403659], [-75.615006, 6.403467], [-75.615082, 6.40339], [-75.61512, 6.403237], [-75.615272, 6.402969], [-75.6153401, 6.4027418], [-75.615462, 6.402585], [-75.615461, 6.402279], [-75.615459, 6.401744], [-75.6154148, 6.4013475], [-75.6154912, 6.4009029], [-75.6155081, 6.4000497], [-75.6149374, 6.3993488], [-75.6149199, 6.3973724], [-75.6154781, 6.3966616], [-75.6165326, 6.3940838], [-75.616717, 6.3931211], [-75.6169904, 6.3921304], [-75.6178222, 6.3904289], [-75.6183804, 6.389718], [-75.6187962, 6.3888672], [-75.6193532, 6.3880152], [-75.620119, 6.386704], [-75.6206391, 6.38542], [-75.6207294, 6.3851526], [-75.6211072, 6.3832217], [-75.6212983, 6.3819531], [-75.6215842, 6.3827261], [-75.6237695, 6.3834159], [-75.6271017, 6.3840137], [-75.6287551, 6.3841481], [-75.6288749, 6.384224], [-75.6290373, 6.3841542], [-75.6292374, 6.384201], [-75.6294091, 6.3842863], [-75.6295434, 6.3843964], [-75.6309253, 6.3853432], [-75.6310032, 6.3853935], [-75.6321269, 6.3861194], [-75.6323758, 6.3862985], [-75.6328135, 6.3865374], [-75.6335002, 6.3868615], [-75.6337577, 6.3869468], [-75.6349507, 6.3876177], [-75.6355986, 6.3867366], [-75.6365307, 6.3855555], [-75.6386765, 6.3832632], [-75.6389125, 6.382858], [-75.6390734, 6.3824848], [-75.6394275, 6.3822182], [-75.639685, 6.3818344], [-75.6397708, 6.3816212], [-75.6399425, 6.381152], [-75.6410583, 6.3803843], [-75.6415625, 6.3798725], [-75.6415625, 6.3795207], [-75.641702, 6.3793714], [-75.6421097, 6.3790089], [-75.6423289, 6.3788981], [-75.6425818, 6.3784971], [-75.6428607, 6.3783585], [-75.6431289, 6.3782199], [-75.6433757, 6.3782199], [-75.6436332, 6.3783798], [-75.643719, 6.3785184], [-75.6439443, 6.3787743], [-75.644116, 6.3788489], [-75.6444894, 6.3788802], [-75.6454156, 6.3792661], [-75.6455966, 6.3793181], [-75.6456945, 6.3794466], [-75.6457561, 6.3795394], [-75.6458674, 6.3797632], [-75.64603, 6.3800795], [-75.6461397, 6.3802976], [-75.6466493, 6.3803405], [-75.6480199, 6.3800606], [-75.6482881, 6.3799007], [-75.6487602, 6.3798234], [-75.6492162, 6.3796022], [-75.6499785, 6.379975], [-75.6508583, 6.380071], [-75.6518775, 6.3800177], [-75.6531435, 6.3797831], [-75.654195, 6.3797618], [-75.6552893, 6.3793992], [-75.6561583, 6.3788874], [-75.6575746, 6.3788235], [-75.6582183, 6.3787915], [-75.6588298, 6.3788128], [-75.6595057, 6.3786209], [-75.6600422, 6.3782797], [-75.6602568, 6.3780345], [-75.6601602, 6.3777146], [-75.660246, 6.37748], [-75.6604392, 6.3773947], [-75.6613082, 6.3773521], [-75.6619734, 6.3773947], [-75.6624669, 6.3775866], [-75.6631106, 6.377576], [-75.6637544, 6.377448], [-75.6646019, 6.3768829], [-75.6648058, 6.3767443], [-75.6651491, 6.3766803], [-75.6656534, 6.3766377], [-75.6660396, 6.3764884], [-75.6666379, 6.3765141], [-75.6667128, 6.3764208]]]}}, {"type": "Feature", "properties": {"nombre": "Sabaneta", "zona": "medellin", "centro": [6.1381818, -75.6129768]}, "geometry": {"type": "Polygon", "coordinates": [[[-75.6342014, 6.1488816], [-75.634197, 6.1486381], [-75.6341205, 6.1484967], [-75.6339435, 6.1484433], [-75.6336697, 6.1482905], [-75.6335358, 6.1481766], [-75.63345, 6.1480326], [-75.6334124, 6.1478246], [-75.6333695, 6.1476113], [-75.6333266, 6.1473713], [-75.6332622, 6.1471686], [-75.6331442, 6.1469446], [-75.6330208, 6.1467686], [-75.6329189, 6.1465339], [-75.6328331, 6.1462832], [-75.6327684, 6.1460131], [-75.6326882, 6.1458565], [-75.6324844, 6.1457125], [-75.6322645, 6.1455258], [-75.6321786, 6.1454138], [-75.6321515, 6.145293], [-75.6321518, 6.1450725], [-75.6322323, 6.1446031], [-75.6323717, 6.1441178], [-75.6325832, 6.1436368], [-75.6327394, 6.1432909], [-75.6330124, 6.1428341], [-75.6331652, 6.1423887], [-75.6331062, 6.1420953], [-75.6330774, 6.1416855], [-75.632844, 6.1412188], [-75.632726, 6.1408107], [-75.632726, 6.1405681], [-75.63283, 6.1401912], [-75.6329882, 6.1399086], [-75.6333403, 6.1394987], [-75.6336219, 6.1392347], [-75.6337184, 6.1389973], [-75.6338519, 6.1385031], [-75.6340128, 6.1382978], [-75.6340772, 6.1380658], [-75.6340048, 6.1377671], [-75.6338251, 6.1373057], [-75.6336749, 6.1369137], [-75.6335729, 6.1365724], [-75.6334817, 6.1362817], [-75.633174, 6.1359731], [-75.6329507, 6.135623], [-75.6327636, 6.1353624], [-75.6325537, 6.1352549], [-75.6323666, 6.1350237], [-75.6322238, 6.1345989], [-75.6322292, 6.1343802], [-75.632256, 6.1339828], [-75.6322003, 6.1336903], [-75.6321279, 6.1332689], [-75.6320474, 6.1329062], [-75.6320307, 6.1326792], [-75.6310544, 6.1326191], [-75.6305568, 6.1324309], [-75.6304358, 6.132479], [-75.6291558, 6.1334475], [-75.628667, 6.1335537], [-75.6280549, 6.1334394], [-75.6275592, 6.1338603], [-75.6274193, 6.1338823], [-75.6271941, 6.1338299], [-75.6268137, 6.1335783], [-75.6264297, 6.1331157], [-75.6258273, 6.1321498], [-75.6252689, 6.1320064], [-75.6247568, 6.1312515], [-75.6241439, 6.1305481], [-75.6233802, 6.1299471], [-75.6225669, 6.1294479], [-75.6218537, 6.1288465], [-75.6212405, 6.1280925], [-75.6207781, 6.1272359], [-75.6202154, 6.1264814], [-75.619303, 6.126236], [-75.6184463, 6.1265976], [-75.6166259, 6.1266131], [-75.6157148, 6.1265196], [-75.614853, 6.1262738], [-75.6141435, 6.1260976], [-75.6134299, 6.1254455], [-75.6128664, 6.1245898], [-75.6122536, 6.1238863], [-75.6114908, 6.1233866], [-75.6107275, 6.1228363], [-75.6094016, 6.1215314], [-75.608176, 6.1201244], [-75.6077141, 6.1193184], [-75.607202, 6.1185635], [-75.6069415, 6.1176545], [-75.6063287, 6.116951], [-75.6058541, 6.1166265], [-75.6057046, 6.116532], [-75.6050445, 6.1163555], [-75.6045242, 6.1162255], [-75.6041478, 6.1161218], [-75.6035397, 6.1159442], [-75.6028138, 6.1157493], [-75.6019288, 6.1155091], [-75.6000558, 6.1149834], [-75.5994995, 6.1148199], [-75.5987485, 6.114702], [-75.5980873, 6.1146499], [-75.5965812, 6.114857], [-75.5960121, 6.1151673], [-75.5957793, 6.1152018], [-75.5955146, 6.11506], [-75.5950252, 6.1144283], [-75.5945436, 6.1139834], [-75.5929585, 6.1135371], [-75.5914727, 6.1129648], [-75.5903117, 6.1127359], [-75.5907375, 6.1151893], [-75.5898948, 6.1172212], [-75.5894053, 6.1191489], [-75.5886654, 6.1213825], [-75.5889863, 6.1234552], [-75.5892473, 6.1244148], [-75.5894075, 6.1254258], [-75.5898686, 6.1261306], [-75.5905808, 6.1266308], [-75.5908426, 6.1276917], [-75.5914618, 6.1291544], [-75.5919289, 6.1305678], [-75.5921071, 6.1337048], [-75.592227, 6.1359311], [-75.592284, 6.1366899], [-75.5916967, 6.1390234], [-75.5915038, 6.1401387], [-75.5910594, 6.1414079], [-75.591168, 6.1422979], [-75.5911757, 6.143209], [-75.591537, 6.1440665], [-75.59235, 6.1445152], [-75.5931129, 6.145015], [-75.5940257, 6.145311], [-75.5949399, 6.1457588], [-75.5955527, 6.1464623], [-75.5960147, 6.1472683], [-75.5966276, 6.1479718], [-75.5973845, 6.1485218], [-75.5989998, 6.1517051], [-75.5999081, 6.151411], [-75.600792, 6.1515363], [-75.6012807, 6.1520792], [-75.6016749, 6.1527378], [-75.6019355, 6.1536468], [-75.6023469, 6.1544532], [-75.6028595, 6.1552588], [-75.6034546, 6.1556037], [-75.6036288, 6.1556082], [-75.6037227, 6.1556865], [-75.6037167, 6.1558175], [-75.6037394, 6.1560088], [-75.6037773, 6.156069], [-75.6038045, 6.1562738], [-75.6038045, 6.1564124], [-75.6038363, 6.1566097], [-75.6039151, 6.1569817], [-75.6039681, 6.1572768], [-75.6040999, 6.1576624], [-75.604215, 6.1578491], [-75.6042763, 6.1579165], [-75.6042853, 6.1579264], [-75.6043524, 6.1580003], [-75.6043557, 6.1580285], [-75.6043451, 6.1580672], [-75.6043239, 6.1581066], [-75.6042306, 6.1582709], [-75.6041465, 6.1584083], [-75.6040614, 6.158543], [-75.603988, 6.1586604], [-75.603903, 6.1587915], [-75.603825, 6.158902], [-75.6034827, 6.1594284], [-75.6033845, 6.1595727], [-75.603257, 6.1596747], [-75.6031207, 6.1597475], [-75.6029521, 6.1598073], [-75.6027821, 6.1598524], [-75.6026311, 6.1598889], [-75.6024902, 6.1599292], [-75.6021884, 6.160143], [-75.6032539, 6.1612268], [-75.6035567, 6.1615185], [-75.6040828, 6.1623351], [-75.6044714, 6.1628665], [-75.604595, 6.16309], [-75.6048466, 6.1633207], [-75.6049283, 6.1634166], [-75.6053264, 6.1630899], [-75.6054247, 6.16303], [-75.6055792, 6.1629599], [-75.6056914, 6.162923], [-75.6067107, 6.1626408], [-75.6083099, 6.1621276], [-75.6091253, 6.1618556], [-75.6100946, 6.1614223], [-75.6127005, 6.1598659], [-75.6138953, 6.1592113], [-75.6150887, 6.1585555], [-75.6177556, 6.1570452], [-75.6179271, 6.1569659], [-75.6181089, 6.1568865], [-75.6183557, 6.156793], [-75.6186852, 6.156679], [-75.6199342, 6.1563701], [-75.6206559, 6.1562048], [-75.6211335, 6.1560146], [-75.6216729, 6.1557262], [-75.6231784, 6.1547958], [-75.6244179, 6.1540066], [-75.624727, 6.1538129], [-75.6250212, 6.1536907], [-75.6252887, 6.1536104], [-75.6258693, 6.1534959], [-75.6265878, 6.1533048], [-75.6273665, 6.1530534], [-75.6282197, 6.1527955], [-75.6289275, 6.1526427], [-75.6302096, 6.1524347], [-75.6310802, 6.1523006], [-75.632186, 6.1521349], [-75.6325763, 6.1520412], [-75.632891, 6.1519384], [-75.6331275, 6.1518242], [-75.6333844, 6.1516256], [-75.6335948, 6.1513797], [-75.6337636, 6.1511567], [-75.6339543, 6.1508807], [-75.6340454, 6.1506834], [-75.6340669, 6.1505341], [-75.6340666, 6.1503653], [-75.6340025, 6.1501554], [-75.6339382, 6.150006], [-75.633899, 6.1498919], [-75.6339864, 6.1497234], [-75.6340495, 6.14961], [-75.6341058, 6.14955], [-75.634072, 6.1494532], [-75.6339996, 6.1493719], [-75.6340303, 6.1492213], [-75.6341098, 6.149077], [-75.6342014, 6.1488816]]]}}, {"type": "Feature", "properties": {"nombre": "La Estrella", "zona": "medellin", "centro": [6.1379165, -75.6558583]}, "geometry": {"type": "Polygon", "coordinates": [[[-75.6800007, 6.1567141], [-75.6798744, 6.1539504], [-75.6795824, 6.1525676], [-75.6795532, 6.1523631], [-75.6795096, 6.1522717], [-75.6793802, 6.1520003], [-75.6788225, 6.1508305], [-75.6784063, 6.150116], [-75.6786007, 6.1488832], [-75.6785905, 6.1477036], [-75.6784285, 6.1467736], [-75.6784258, 6.1464226], [-75.67806, 6.145605], [-75.6789683, 6.1439558], [-75.6794202, 6.1428747], [-75.6794048, 6.1425795], [-75.6793588, 6.1416955], [-75.6787395, 6.1411879], [-75.6780181, 6.1407324], [-75.6774469, 6.1398653], [-75.6773868, 6.1388399], [-75.6778856, 6.1372455], [-75.6785885, 6.1355467], [-75.6790939, 6.1347217], [-75.6780637, 6.134115], [-75.6775481, 6.1337604], [-75.6768276, 6.1334075], [-75.6761023, 6.1324904], [-75.6754878, 6.1315614], [-75.6750957, 6.1308734], [-75.6747948, 6.1291215], [-75.6746638, 6.127794], [-75.674655, 6.1267361], [-75.6743422, 6.1261364], [-75.67378, 6.1250462], [-75.6735205, 6.1238688], [-75.6733355, 6.1228495], [-75.6731895, 6.1219712], [-75.6729742, 6.1212628], [-75.6726719, 6.1199796], [-75.6724782, 6.1188649], [-75.6716661, 6.1189086], [-75.6711399, 6.1188024], [-75.6701905, 6.1184422], [-75.6699751, 6.1184517], [-75.6698188, 6.1185351], [-75.6695786, 6.1189559], [-75.6689394, 6.1197732], [-75.6686389, 6.1199013], [-75.6680593, 6.1199567], [-75.6675083, 6.1199245], [-75.6670375, 6.1198695], [-75.6668888, 6.119716], [-75.6667973, 6.1195037], [-75.6666181, 6.1193255], [-75.6664217, 6.1189521], [-75.666294, 6.1184915], [-75.6662557, 6.1170407], [-75.6661472, 6.1165449], [-75.6660443, 6.1158056], [-75.665968, 6.115563], [-75.6658632, 6.1154682], [-75.6654438, 6.1152844], [-75.6647499, 6.1148181], [-75.6643288, 6.1143936], [-75.6641284, 6.1143025], [-75.6640282, 6.1142174], [-75.6639477, 6.1139186], [-75.6639262, 6.1134863], [-75.6638463, 6.1131728], [-75.6638177, 6.1129264], [-75.6637169, 6.1125576], [-75.6635985, 6.1122478], [-75.663546, 6.1119815], [-75.663465, 6.1118915], [-75.6632134, 6.1117427], [-75.6629684, 6.1116394], [-75.6629255, 6.1116024], [-75.6625873, 6.1114032], [-75.6623698, 6.1113162], [-75.6621029, 6.111246], [-75.6618732, 6.1111475], [-75.6618017, 6.1109314], [-75.661776, 6.1107371], [-75.6618303, 6.1103642], [-75.6618022, 6.1102386], [-75.6616307, 6.1101519], [-75.6613491, 6.1101526], [-75.6611317, 6.1102537], [-75.6604788, 6.110285], [-75.660088, 6.1101571], [-75.6596838, 6.1099874], [-75.6592549, 6.1097382], [-75.6587068, 6.1093183], [-75.6583723, 6.1090141], [-75.6581349, 6.1088407], [-75.6575897, 6.108635], [-75.6557339, 6.1085838], [-75.6550181, 6.1087535], [-75.6543127, 6.1087516], [-75.6542031, 6.1087753], [-75.6541498, 6.1088046], [-75.6540859, 6.1088151], [-75.6539677, 6.1088558], [-75.6538543, 6.1088757], [-75.6537437, 6.108889], [-75.6536703, 6.1088909], [-75.653493, 6.108817], [-75.6533548, 6.1087156], [-75.6532223, 6.1085715], [-75.6530946, 6.1084142], [-75.6529297, 6.1084094], [-75.6526333, 6.1084255], [-75.6524493, 6.1083763], [-75.6519813, 6.1085762], [-75.6516649, 6.108744], [-75.6513027, 6.1087838], [-75.6509328, 6.1087582], [-75.6505611, 6.1086776], [-75.6502666, 6.108708], [-75.650217, 6.1087838], [-75.650197, 6.1089146], [-75.6501317, 6.1090886], [-75.6500738, 6.1092648], [-75.650011, 6.1093794], [-75.6498615, 6.1095117], [-75.6498472, 6.1095714], [-75.6498329, 6.1099818], [-75.6498124, 6.1100653], [-75.649627, 6.1101069], [-75.649504, 6.1101153], [-75.6493386, 6.1100608], [-75.6492372, 6.1099808], [-75.6489636, 6.1098326], [-75.6485499, 6.1096121], [-75.6483014, 6.1095622], [-75.6480062, 6.1093888], [-75.647734, 6.1092965], [-75.6474833, 6.1093107], [-75.6473318, 6.1093079], [-75.647184, 6.1092814], [-75.6470884, 6.1092487], [-75.6470468, 6.1092093], [-75.6469724, 6.1091705], [-75.6468752, 6.1091676], [-75.6466007, 6.1092311], [-75.6464863, 6.1092406], [-75.6463901, 6.1092311], [-75.6461985, 6.1093259], [-75.6460555, 6.1093761], [-75.6459754, 6.109414], [-75.6457619, 6.1094813], [-75.646031, 6.1102574], [-75.6460657, 6.1109026], [-75.6456422, 6.1109776], [-75.6450535, 6.1110616], [-75.644468, 6.1110594], [-75.6442565, 6.1111607], [-75.6439721, 6.1112536], [-75.6424436, 6.1110136], [-75.6422209, 6.1111742], [-75.6421088, 6.1113059], [-75.6431412, 6.1116773], [-75.6430377, 6.1118576], [-75.6428462, 6.11182], [-75.6426605, 6.1118437], [-75.6426309, 6.1118703], [-75.6429149, 6.112088], [-75.6429741, 6.1121778], [-75.6428845, 6.112202], [-75.642541, 6.1120952], [-75.6421423, 6.112082], [-75.642059, 6.1120976], [-75.6419938, 6.1120963], [-75.6418932, 6.1120649], [-75.6418252, 6.1120245], [-75.6417686, 6.1119679], [-75.6416872, 6.1119515], [-75.6415614, 6.1119009], [-75.6413491, 6.111882], [-75.641152, 6.1118908], [-75.6409724, 6.111908], [-75.6409817, 6.1119333], [-75.6408804, 6.1119324], [-75.6404947, 6.1118509], [-75.6404299, 6.1118238], [-75.6401709, 6.1117561], [-75.6401172, 6.111767], [-75.6400587, 6.1117259], [-75.6400129, 6.1117164], [-75.6400053, 6.1117556], [-75.6399417, 6.1117512], [-75.6397844, 6.111641], [-75.6397568, 6.1116521], [-75.6397157, 6.1116264], [-75.6396354, 6.1116052], [-75.6395859, 6.1116136], [-75.6395012, 6.1116154], [-75.6392914, 6.1116197], [-75.6392427, 6.1116121], [-75.6391071, 6.1115332], [-75.6388655, 6.111598], [-75.6386876, 6.111711], [-75.6386046, 6.111657], [-75.6384924, 6.1115797], [-75.6382171, 6.1115639], [-75.6379926, 6.1115048], [-75.6379476, 6.1114844], [-75.6379136, 6.1114471], [-75.6378449, 6.1112457], [-75.6377718, 6.1112245], [-75.6377302, 6.1112347], [-75.6376284, 6.1112825], [-75.6376025, 6.1112733], [-75.6375702, 6.1112733], [-75.6374915, 6.1112282], [-75.6374554, 6.1112181], [-75.6374166, 6.111231], [-75.6373786, 6.1112889], [-75.6373, 6.1113478], [-75.6372315, 6.1113225], [-75.6371483, 6.1113828], [-75.6371076, 6.1114573], [-75.6370401, 6.1114931], [-75.6369401, 6.1114987], [-75.6368985, 6.1115097], [-75.6368291, 6.1115033], [-75.6367912, 6.1115097], [-75.636658, 6.1115888], [-75.6366089, 6.1115934], [-75.6365932, 6.1116238], [-75.6365035, 6.1116403], [-75.6364609, 6.1116845], [-75.636423, 6.1116923], [-75.6363811, 6.1117221], [-75.6361593, 6.1117487], [-75.6359706, 6.1120451], [-75.6359132, 6.1121978], [-75.6358378, 6.1122837], [-75.6357561, 6.1123081], [-75.6356338, 6.1124572], [-75.6356246, 6.1124875], [-75.6354359, 6.1126476], [-75.635295, 6.112718], [-75.6352407, 6.1127451], [-75.6350482, 6.1128168], [-75.6348049, 6.1128637], [-75.6347291, 6.1128969], [-75.6346361, 6.1128956], [-75.6345364, 6.1128076], [-75.6344895, 6.1125901], [-75.6344619, 6.1125561], [-75.6345684, 6.1124372], [-75.6346236, 6.1123627], [-75.6346893, 6.1123222], [-75.6347129, 6.1122856], [-75.6347287, 6.1122007], [-75.6346959, 6.1121314], [-75.6346893, 6.1120217], [-75.6346433, 6.1118819], [-75.6344541, 6.1115931], [-75.6344225, 6.1114781], [-75.6344238, 6.1113762], [-75.6344895, 6.1112468], [-75.6345421, 6.1111828], [-75.6346472, 6.1109842], [-75.6346801, 6.1108757], [-75.6348365, 6.1108443], [-75.6339902, 6.1097546], [-75.6336091, 6.1095938], [-75.6332332, 6.109143], [-75.6330453, 6.1087262], [-75.6330821, 6.1086778], [-75.6328311, 6.1082714], [-75.6325249, 6.1078664], [-75.6323225, 6.1075384], [-75.6322063, 6.1073094], [-75.6321109, 6.1071215], [-75.6320334, 6.1071634], [-75.6318993, 6.1070967], [-75.6314854, 6.107098], [-75.6312948, 6.1070641], [-75.6311542, 6.1070131], [-75.631032, 6.1069112], [-75.6306745, 6.1066929], [-75.6301948, 6.1064512], [-75.6294208, 6.1060265], [-75.6293288, 6.1062513], [-75.6291829, 6.1064316], [-75.6284364, 6.1069456], [-75.6279048, 6.1074513], [-75.6278039, 6.1074705], [-75.6273167, 6.1074513], [-75.6263958, 6.1073019], [-75.6259386, 6.1073019], [-75.6256209, 6.1074343], [-75.6250543, 6.1079294], [-75.6247473, 6.1080511], [-75.6241485, 6.1083776], [-75.6238565, 6.108606], [-75.623599, 6.1089048], [-75.6235346, 6.1090648], [-75.6234444, 6.1091822], [-75.6229894, 6.1092911], [-75.6229336, 6.1093423], [-75.6228949, 6.1093572], [-75.6227962, 6.1093359], [-75.6224914, 6.1094768], [-75.6222596, 6.1095152], [-75.6220986, 6.1094981], [-75.6219956, 6.109464], [-75.6217981, 6.1094575], [-75.621381, 6.1092986], [-75.6210039, 6.109449], [-75.6205403, 6.1097329], [-75.6202097, 6.1097798], [-75.6197246, 6.110021], [-75.6194992, 6.1100957], [-75.6193361, 6.1100893], [-75.6188982, 6.1099847], [-75.6187415, 6.1101064], [-75.6186299, 6.1102515], [-75.6186041, 6.1103326], [-75.6185569, 6.110386], [-75.6184067, 6.1106463], [-75.61828, 6.1107957], [-75.6180224, 6.1110412], [-75.6176404, 6.1112525], [-75.6174086, 6.1113549], [-75.6172218, 6.1113784], [-75.6168204, 6.1113122], [-75.6166573, 6.1113699], [-75.6164019, 6.1113912], [-75.6159554, 6.1114936], [-75.6154703, 6.1116921], [-75.6150496, 6.1119781], [-75.6147512, 6.1122257], [-75.6145538, 6.1124349], [-75.6143541, 6.1127998], [-75.6141223, 6.1135319], [-75.6138755, 6.1137261], [-75.6133625, 6.1142959], [-75.6129096, 6.1144432], [-75.6121476, 6.1144261], [-75.6117354, 6.1144624], [-75.6113362, 6.1144219], [-75.6104411, 6.1145072], [-75.6101986, 6.1144987], [-75.6099689, 6.114456], [-75.6098358, 6.1144709], [-75.6095675, 6.114663], [-75.6091683, 6.1148082], [-75.6089343, 6.1149704], [-75.6086488, 6.1150664], [-75.6082195, 6.1150515], [-75.6080929, 6.1150899], [-75.6078417, 6.1152009], [-75.607509, 6.115457], [-75.6073717, 6.1156021], [-75.6070003, 6.115871], [-75.6066483, 6.1160482], [-75.6063779, 6.1161314], [-75.6061632, 6.116253], [-75.6058541, 6.1166265], [-75.6063287, 6.116951], [-75.6069415, 6.1176545], [-75.607202, 6.1185635], [-75.6077141, 6.1193184], [-75.608176, 6.1201244], [-75.6094016, 6.1215314], [-75.6107275, 6.1228363], [-75.6114908, 6.1233866], [-75.6122536, 6.1238863], [-75.6128664, 6.1245898], [-75.6134299, 6.1254455], [-75.6141435, 6.1260976], [-75.614853, 6.1262738], [-75.6157148, 6.1265196], [-75.6166259, 6.1266131], [-75.6184463, 6.1265976], [-75.619303, 6.126236], [-75.6202154, 6.1264814], [-75.6207781, 6.1272359], [-75.6212405, 6.1280925], [-75.6218537, 6.1288465], [-75.6225669, 6.1294479], [-75.6233802, 6.1299471], [-75.6241439, 6.1305481], [-75.6247568, 6.1312515], [-75.6252689, 6.1320064], [-75.6258273, 6.1321498], [-75.6264297, 6.1331157], [-75.6268137, 6.1335783], [-75.6271941, 6.1338299], [-75.6274193, 6.1338823], [-75.6275592, 6.1338603], [-75.6280549, 6.1334394], [-75.628667, 6.1335537], [-75.6291558, 6.1334475], [-75.6304358, 6.132479], [-75.6305568, 6.1324309], [-75.6310544, 6.1326191], [-75.6320307, 6.1326792], [-75.6320474, 6.1329062], [-75.6321279, 6.1332689], [-75.6322003, 6.1336903], [-75.632256, 6.1339828], [-75.6322292, 6.1343802], [-75.6322238, 6.1345989], [-75.6323666, 6.1350237], [-75.6325537, 6.1352549], [-75.6327636, 6.1353624], [-75.6329507, 6.135623], [-75.633174, 6.1359731], [-75.6334817, 6.1362817], [-75.6335729, 6.1365724], [-75.6336749, 6.1369137], [-75.6338251, 6.1373057], [-75.6340048, 6.1377671], [-75.6340772, 6.1380658], [-75.6340128, 6.1382978], [-75.6338519, 6.1385031], [-75.6337184, 6.1389973], [-75.6336219, 6.1392347], [-75.6333403, 6.1394987], [-75.6329882, 6.1399086], [-75.63283, 6.1401912], [-75.632726, 6.1405681], [-75.632726, 6.1408107], [-75.632844, 6.1412188], [-75.6330774, 6.1416855], [-75.6331062, 6.1420953], [-75.6331652, 6.1423887], [-75.6330124, 6.1428341], [-75.6327394, 6.1432909], [-75.6325832, 6.1436368], [-75.6323717, 6.1441178], [-75.6322323, 6.1446031], [-75.6321518, 6.1450725], [-75.6321515, 6.145293], [-75.6321786, 6.1454138], [-75.6322645, 6.1455258], [-75.6324844, 6.1457125], [-75.6326882, 6.1458565], [-75.6327684, 6.1460131], [-75.6328331, 6.1462832], [-75.6329189, 6.1465339], [-75.6330208, 6.1467686], [-75.6331442, 6.1469446], [-75.6332622, 6.1471686], [-75.6333266, 6.1473713], [-75.6333695, 6.1476113], [-75.6334124, 6.1478246], [-75.63345, 6.1480326], [-75.6335358, 6.1481766], [-75.6336697, 6.1482905], [-75.6339435, 6.1484433], [-75.6341205, 6.1484967], [-75.634197, 6.1486381], [-75.6342014, 6.1488816], [-75.6341098, 6.149077], [-75.6340303, 6.1492213], [-75.6339996, 6.1493719], [-75.634072, 6.1494532], [-75.6341058, 6.14955], [-75.6340495, 6.14961], [-75.6339864, 6.1497234], [-75.633899, 6.1498919], [-75.6339382, 6.150006], [-75.6340025, 6.1501554], [-75.6340666, 6.1503653], [-75.6340669, 6.1505341], [-75.6340454, 6.1506834], [-75.6339543, 6.1508807], [-75.6337636, 6.1511567], [-75.6335948, 6.1513797], [-75.6333844, 6.1516256], [-75.6331275, 6.1518242], [-75.632891, 6.1519384], [-75.6325763, 6.1520412], [-75.632186, 6.1521349], [-75.6310802, 6.1523006], [-75.6302096, 6.1524347], [-75.6289275, 6.1526427], [-75.6282197, 6.1527955], [-75.6273665, 6.1530534], [-75.6265878, 6.1533048], [-75.6258693, 6.1534959], [-75.6252887, 6.1536104], [-75.6254761, 6.1541643], [-75.625595, 6.1548577], [-75.6252561, 6.1554406], [-75.6252319, 6.155638], [-75.6251863, 6.1558433], [-75.6250245, 6.1560846], [-75.626258, 6.1575401], [-75.6262899, 6.1585263], [-75.6261439, 6.1587581], [-75.6258864, 6.1587927], [-75.6256431, 6.1588875], [-75.6254446, 6.1590529], [-75.6253231, 6.1592301], [-75.6252266, 6.1594434], [-75.6251898, 6.1596582], [-75.6252059, 6.1598822], [-75.6252695, 6.1601261], [-75.6253875, 6.1603901], [-75.6255645, 6.1608114], [-75.6256403, 6.1609712], [-75.6260424, 6.1608792], [-75.6261811, 6.1608569], [-75.626316, 6.1608159], [-75.6265842, 6.1607219], [-75.62727, 6.1604172], [-75.6275843, 6.1602614], [-75.6277292, 6.1602373], [-75.6278679, 6.1602454], [-75.6282078, 6.1603516], [-75.6282762, 6.1603768], [-75.6283167, 6.1603918], [-75.6284199, 6.1604299], [-75.6285241, 6.1604683], [-75.6290541, 6.1606865], [-75.6293048, 6.1607969], [-75.6295134, 6.1608697], [-75.6296092, 6.1608849], [-75.6297059, 6.1608902], [-75.6302903, 6.160864], [-75.6304502, 6.1608828], [-75.6305848, 6.1609254], [-75.6306894, 6.1609557], [-75.6310176, 6.1610749], [-75.6311278, 6.1611035], [-75.6312705, 6.1610909], [-75.6313927, 6.1610426], [-75.6315821, 6.1609797], [-75.6318099, 6.1608452], [-75.6319114, 6.1608047], [-75.6320283, 6.1607884], [-75.6322166, 6.160812], [-75.6324792, 6.1608763], [-75.6330038, 6.1610555], [-75.6334395, 6.1612181], [-75.6338124, 6.1613896], [-75.6356059, 6.1621732], [-75.6356617, 6.1622088], [-75.6357011, 6.1622616], [-75.6357189, 6.1623249], [-75.6357126, 6.1623904], [-75.6356698, 6.1624809], [-75.6356105, 6.1626234], [-75.6355398, 6.1628478], [-75.6355095, 6.1629802], [-75.6355071, 6.1630064], [-75.6355184, 6.1630274], [-75.6355346, 6.1630441], [-75.6356244, 6.1630814], [-75.6358375, 6.1631257], [-75.6360197, 6.1631623], [-75.6360578, 6.1631782], [-75.6360962, 6.1631943], [-75.6361376, 6.1632453], [-75.6362061, 6.1633569], [-75.6362517, 6.1634743], [-75.6362817, 6.1635882], [-75.6362946, 6.1637196], [-75.6363, 6.1639476], [-75.6362961, 6.1640676], [-75.6362685, 6.16419], [-75.6363971, 6.1642007], [-75.6365401, 6.1641929], [-75.636645, 6.1641803], [-75.6367371, 6.1641538], [-75.6368247, 6.1641283], [-75.6369848, 6.1640804], [-75.6370706, 6.1640365], [-75.6371348, 6.1640037], [-75.6371968, 6.1640051], [-75.637561, 6.164005], [-75.6377245, 6.1639927], [-75.6380476, 6.1639205], [-75.6386852, 6.1638629], [-75.6390372, 6.1638829], [-75.6391575, 6.1639452], [-75.6392972, 6.1641846], [-75.6393624, 6.1642356], [-75.6394813, 6.1643461], [-75.6396627, 6.1643689], [-75.6398016, 6.164321], [-75.6400846, 6.1642076], [-75.6402268, 6.1642049], [-75.6403448, 6.1642436], [-75.640621, 6.1644063], [-75.6408437, 6.1644556], [-75.6409898, 6.1644063], [-75.6410768, 6.1643671], [-75.6411052, 6.1643543], [-75.6412473, 6.164325], [-75.6416054, 6.1643303], [-75.6418249, 6.164339], [-75.6419667, 6.1643446], [-75.6421103, 6.1643319], [-75.642166, 6.1643276], [-75.642428, 6.1643232], [-75.642663, 6.1643817], [-75.6427721, 6.1643946], [-75.6432266, 6.1645221], [-75.6433364, 6.1645425], [-75.6433341, 6.1645863], [-75.6433524, 6.1646643], [-75.6434503, 6.1648946], [-75.6435125, 6.164945], [-75.6435865, 6.1649701], [-75.6438069, 6.164974], [-75.6438927, 6.1650026], [-75.6439443, 6.1650356], [-75.6439838, 6.1650834], [-75.6441017, 6.165662], [-75.6442468, 6.1656468], [-75.6448943, 6.1655515], [-75.6450385, 6.1655303], [-75.6453457, 6.165489], [-75.6454255, 6.1654827], [-75.6456582, 6.165469], [-75.6458379, 6.1654676], [-75.6461961, 6.1654659], [-75.6464294, 6.1654396], [-75.6464669, 6.165441], [-75.6465783, 6.165451], [-75.646624, 6.1654574], [-75.6467259, 6.1654867], [-75.6469176, 6.1655667], [-75.6470798, 6.1656223], [-75.6472084, 6.1656758], [-75.6473718, 6.1656957], [-75.6475192, 6.1656774], [-75.6475431, 6.1657268], [-75.6476271, 6.166068], [-75.6476922, 6.1662678], [-75.6477948, 6.16642], [-75.6479059, 6.1665223], [-75.6480227, 6.1665974], [-75.6482036, 6.166793], [-75.6482709, 6.1669054], [-75.6483486, 6.1671094], [-75.6484035, 6.167205], [-75.6484357, 6.1672356], [-75.6485068, 6.1672667], [-75.648688, 6.1672601], [-75.6489092, 6.1672174], [-75.6491458, 6.167173], [-75.649184, 6.1671683], [-75.649219, 6.1671807], [-75.6492915, 6.1672574], [-75.6494041, 6.1674241], [-75.6495442, 6.1675787], [-75.6496587, 6.1676756], [-75.6497823, 6.1677547], [-75.6498284, 6.1677723], [-75.6498814, 6.167777], [-75.6500143, 6.167768], [-75.650135, 6.1677493], [-75.6502146, 6.167741], [-75.6503012, 6.1677413], [-75.6504005, 6.1677414], [-75.6504956, 6.167697], [-75.6505392, 6.1676903], [-75.6505774, 6.167685], [-75.6506245, 6.167684], [-75.6508458, 6.167688], [-75.65122, 6.167648], [-75.651437, 6.167609], [-75.6516805, 6.1675681], [-75.6518474, 6.1675623], [-75.6520084, 6.1675463], [-75.6521543, 6.1675464], [-75.6521842, 6.1675507], [-75.6524451, 6.1676147], [-75.6529976, 6.1677434], [-75.65319, 6.1677321], [-75.6534911, 6.1676907], [-75.653768, 6.1676161], [-75.6540395, 6.167555], [-75.654051, 6.167552], [-75.6544225, 6.1675414], [-75.654472, 6.1675496], [-75.6546531, 6.167618], [-75.6548946, 6.1677053], [-75.6550218, 6.1677656], [-75.6551105, 6.1678487], [-75.655221, 6.1680137], [-75.6552599, 6.1680517], [-75.6554104, 6.168118], [-75.655506, 6.1681383], [-75.6555598, 6.1681808], [-75.6555794, 6.1682117], [-75.6555812, 6.1682547], [-75.6555757, 6.168335], [-75.6556141, 6.1683942], [-75.6556781, 6.1684337], [-75.6557723, 6.1684598], [-75.6558261, 6.1685003], [-75.6560318, 6.1686269], [-75.6560751, 6.1686727], [-75.6560907, 6.1686937], [-75.6560949, 6.1687322], [-75.6560595, 6.168822], [-75.6559192, 6.1691974], [-75.6558581, 6.16946], [-75.6558332, 6.1696563], [-75.656229, 6.1696613], [-75.6567359, 6.1696932], [-75.6571862, 6.1697527], [-75.6575006, 6.1698053], [-75.6576385, 6.1698202], [-75.6577451, 6.1698058], [-75.6578349, 6.1697641], [-75.657908, 6.1697493], [-75.6582453, 6.169771], [-75.6587057, 6.1698102], [-75.6588623, 6.1698264], [-75.6589322, 6.1698253], [-75.6589739, 6.1698149], [-75.659025, 6.169781], [-75.6591014, 6.169733], [-75.6592141, 6.1696657], [-75.6593281, 6.1696124], [-75.6593703, 6.1695773], [-75.6594059, 6.1695404], [-75.6594884, 6.169382], [-75.6595883, 6.1692003], [-75.6596151, 6.169167], [-75.659661, 6.1691541], [-75.6598114, 6.169132], [-75.6600382, 6.1691097], [-75.6601246, 6.1690708], [-75.6602008, 6.1690017], [-75.6603423, 6.1688673], [-75.6605011, 6.1687322], [-75.6606806, 6.168591], [-75.6608736, 6.1683837], [-75.6609212, 6.1683213], [-75.6609495, 6.1682757], [-75.6609901, 6.1681617], [-75.6610999, 6.1679013], [-75.6612715, 6.1676667], [-75.6618059, 6.1671238], [-75.6624282, 6.1663344], [-75.6640804, 6.1653104], [-75.6653249, 6.1646704], [-75.6672454, 6.1634864], [-75.6687153, 6.1633051], [-75.6694126, 6.1638384], [-75.670228, 6.1646384], [-75.6710434, 6.1658011], [-75.6720519, 6.1665264], [-75.6739187, 6.1676358], [-75.6749916, 6.1676144], [-75.6761289, 6.1671878], [-75.6771159, 6.1665478], [-75.677867, 6.1660571], [-75.6785751, 6.1652891], [-75.6794763, 6.1642224], [-75.67953, 6.163451], [-75.679422, 6.163066], [-75.679452, 6.161403], [-75.679549, 6.161122], [-75.6795731, 6.1606162], [-75.6797702, 6.1596912], [-75.6799151, 6.158664], [-75.6800007, 6.1567141]]]}}, {"type": "Feature", "properties": {"nombre": "Bogot\u00e1", "zona": "bogota", "centro": [4.6533817, -74.0836331]}, "geometry": {"type": "MultiPolygon", "coordinates": [[[[-74.2235137, 4.6252319], [-74.2234278, 4.6249599], [-74.2232847, 4.6246961], [-74.2230429, 4.6244535], [-74.2226881, 4.6242057], [-74.2223938, 4.6240565], [-74.2219914, 4.6239676], [-74.2216646, 4.6240184], [-74.2215353, 4.6240385], [-74.221347, 4.624033], [-74.2211182, 4.6239913], [-74.2208238, 4.6238029], [-74.2206609, 4.6235764], [-74.2205424, 4.6232605], [-74.2205, 4.6230975], [-74.2204895, 4.6229314], [-74.2206112, 4.6225948], [-74.2208306, 4.6222846], [-74.2209163, 4.6221176], [-74.2209609, 4.6219345], [-74.2209828, 4.6216591], [-74.2209551, 4.6213962], [-74.2209828, 4.6212879], [-74.2210627, 4.6212108], [-74.2211765, 4.6211658], [-74.2212982, 4.6211652], [-74.221589, 4.6212474], [-74.2218528, 4.6213117], [-74.2220861, 4.6213555], [-74.2222692, 4.6212827], [-74.2223834, 4.6212301], [-74.2224892, 4.621136], [-74.2225145, 4.6210094], [-74.2224643, 4.6209114], [-74.2223559, 4.6208061], [-74.2219899, 4.6207175], [-74.2217714, 4.6206699], [-74.2213955, 4.620587], [-74.2212161, 4.6205175], [-74.2210548, 4.6203859], [-74.2207304, 4.6199702], [-74.2206482, 4.6198227], [-74.2206523, 4.6197089], [-74.2207642, 4.6196127], [-74.2209191, 4.6195475], [-74.2213868, 4.6193685], [-74.2216379, 4.6192257], [-74.221725, 4.619076], [-74.2217683, 4.6189323], [-74.2217671, 4.6187842], [-74.2216741, 4.6187056], [-74.2215576, 4.6186321], [-74.2213242, 4.6185849], [-74.2210374, 4.6185949], [-74.2206836, 4.6187144], [-74.220424, 4.6188396], [-74.2202946, 4.6188964], [-74.2201891, 4.618927], [-74.2201078, 4.6189441], [-74.2200427, 4.6189274], [-74.2199068, 4.6188546], [-74.2198109, 4.6187121], [-74.2197902, 4.6185585], [-74.2197869, 4.618384], [-74.2198275, 4.6180031], [-74.2198558, 4.6176843], [-74.2198236, 4.6175582], [-74.2197979, 4.6174667], [-74.2197356, 4.6174303], [-74.2196732, 4.617446], [-74.2195263, 4.6175214], [-74.2190935, 4.6178339], [-74.2188481, 4.6180453], [-74.2187457, 4.6181124], [-74.2186268, 4.6181359], [-74.2184986, 4.618125], [-74.2183937, 4.6180898], [-74.2182951, 4.6179822], [-74.2182722, 4.6177535], [-74.2183275, 4.6174552], [-74.2183776, 4.6171429], [-74.2183725, 4.616874], [-74.2183622, 4.6166194], [-74.2182911, 4.6163835], [-74.2181669, 4.6161862], [-74.2180834, 4.6160735], [-74.2180191, 4.6159973], [-74.2179084, 4.6158872], [-74.2177016, 4.615766], [-74.2176005, 4.615744], [-74.217517, 4.6157322], [-74.217413, 4.6157655], [-74.217331, 4.6158211], [-74.2170872, 4.61555], [-74.2169488, 4.6153791], [-74.2161441, 4.6144292], [-74.2160356, 4.6142954], [-74.2158472, 4.6141428], [-74.2157444, 4.6140134], [-74.2157769, 4.6139922], [-74.2155504, 4.61375], [-74.2151122, 4.6131253], [-74.2143597, 4.6122024], [-74.2131849, 4.6107685], [-74.2124878, 4.6099092], [-74.2114793, 4.608603], [-74.2108786, 4.607833], [-74.2097092, 4.6063704], [-74.2089877, 4.6054978], [-74.2083504, 4.6047255], [-74.2077853, 4.6039949], [-74.2069707, 4.602998], [-74.2069259, 4.6029481], [-74.2055792, 4.6013062], [-74.2044564, 4.5998989], [-74.2041909, 4.5995723], [-74.2039042, 4.6008504], [-74.2033612, 4.6006925], [-74.2033388, 4.600686], [-74.203172, 4.6006375], [-74.202886, 4.6005813], [-74.2026123, 4.6005222], [-74.2018208, 4.6003535], [-74.2015297, 4.6002938], [-74.201242, 4.6002301], [-74.2009502, 4.6001612], [-74.2006874, 4.6001159], [-74.2004229, 4.6000638], [-74.2004005, 4.6000594], [-74.2001008, 4.6000146], [-74.1997951, 4.5999498], [-74.1997642, 4.5999428], [-74.1995402, 4.5998919], [-74.1990081, 4.5997706], [-74.1987276, 4.599702], [-74.1984482, 4.5996493], [-74.1981782, 4.599591], [-74.1980416, 4.5995651], [-74.1977455, 4.5995084], [-74.1974525, 4.5994452], [-74.1968494, 4.5993003], [-74.1967582, 4.5992794], [-74.1960818, 4.5991374], [-74.1956107, 4.5990471], [-74.1955625, 4.5990354], [-74.1953968, 4.5990107], [-74.1952622, 4.5989775], [-74.1950288, 4.5989373], [-74.1945077, 4.5988104], [-74.1944441, 4.5987723], [-74.1937182, 4.5986136], [-74.1936718, 4.5986019], [-74.1931373, 4.5984707], [-74.1919962, 4.5982122], [-74.1911137, 4.5980117], [-74.1908007, 4.597942], [-74.1904878, 4.5978722], [-74.1903811, 4.5978484], [-74.1897994, 4.5977123], [-74.1870493, 4.5970681], [-74.1862042, 4.5968935], [-74.184952, 4.596641], [-74.1843418, 4.5965602], [-74.1841659, 4.5962698], [-74.1837338, 4.5955528], [-74.1833899, 4.5948973], [-74.183269, 4.5943783], [-74.1831482, 4.5938782], [-74.1831297, 4.5937057], [-74.1830588, 4.5934507], [-74.1830297, 4.5934579], [-74.1827199, 4.5916692], [-74.1827844, 4.591638], [-74.1827817, 4.5916202], [-74.182754, 4.5915531], [-74.1826966, 4.5915744], [-74.1826499, 4.5914593], [-74.1824917, 4.5911709], [-74.1823308, 4.5909307], [-74.1821503, 4.5907003], [-74.1821109, 4.5906259], [-74.1819936, 4.5903777], [-74.181966, 4.5902824], [-74.1819714, 4.5901995], [-74.1819643, 4.5900452], [-74.1818413, 4.5899], [-74.1817628, 4.5897716], [-74.1816348, 4.5894683], [-74.1814565, 4.5889873], [-74.1814202, 4.588923], [-74.1813934, 4.5889148], [-74.1813466, 4.5887463], [-74.1813384, 4.5886595], [-74.1813413, 4.5885361], [-74.1813374, 4.5884605], [-74.1813406, 4.5883429], [-74.1813489, 4.5882151], [-74.1813374, 4.588119], [-74.1813102, 4.5880659], [-74.181284, 4.5880231], [-74.1812623, 4.5879945], [-74.1812244, 4.5879687], [-74.1811339, 4.5879436], [-74.1810124, 4.5879179], [-74.1810036, 4.587771], [-74.1808832, 4.5872249], [-74.1808196, 4.5868863], [-74.180761, 4.5865602], [-74.1806521, 4.5858346], [-74.1806438, 4.5857536], [-74.1806257, 4.5855361], [-74.1806133, 4.5851788], [-74.1805771, 4.5848457], [-74.1804274, 4.5839408], [-74.1803953, 4.5837016], [-74.1802329, 4.5827715], [-74.1801207, 4.5819627], [-74.1800836, 4.5816193], [-74.1800212, 4.5807194], [-74.1799802, 4.5803994], [-74.1799364, 4.5800049], [-74.1799147, 4.5797001], [-74.1798742, 4.5793899], [-74.1797691, 4.5787882], [-74.1796941, 4.578442], [-74.1795615, 4.5778224], [-74.1794636, 4.5774493], [-74.179336, 4.5769625], [-74.1791032, 4.5770083], [-74.1788806, 4.5770652], [-74.1787402, 4.5771386], [-74.1786552, 4.577215], [-74.1784806, 4.5773627], [-74.1783924, 4.5774245], [-74.1782397, 4.5775323], [-74.1778279, 4.5777613], [-74.1778177, 4.577767], [-74.1777788, 4.5777165], [-74.1776855, 4.5775979], [-74.1760436, 4.5762678], [-74.1760546, 4.5761634], [-74.1759677, 4.5756314], [-74.1760268, 4.5756228], [-74.176008, 4.5754769], [-74.1758949, 4.5754925], [-74.1757715, 4.5755105], [-74.1756242, 4.5755033], [-74.1754039, 4.5754528], [-74.1752947, 4.5754185], [-74.1752989, 4.5753146], [-74.1752994, 4.5750467], [-74.1753108, 4.5748876], [-74.1753363, 4.5747686], [-74.1753913, 4.5745086], [-74.1754275, 4.574268], [-74.175467, 4.574029], [-74.1754673, 4.5739622], [-74.1756112, 4.5729368], [-74.1756592, 4.5725638], [-74.1757023, 4.5719645], [-74.1757039, 4.5719087], [-74.1757181, 4.5717688], [-74.1756867, 4.5716942], [-74.1757594, 4.571724], [-74.1758358, 4.5717353], [-74.1759136, 4.5717485], [-74.1759768, 4.5717321], [-74.1760231, 4.5716919], [-74.1760979, 4.5716715], [-74.1761533, 4.5716639], [-74.1761999, 4.5716366], [-74.1762606, 4.5716359], [-74.176295, 4.5716397], [-74.1763263, 4.5716432], [-74.1763961, 4.5716586], [-74.1764634, 4.5716586], [-74.1765065, 4.5716586], [-74.1765529, 4.5716412], [-74.1765801, 4.5716161], [-74.1765975, 4.5715698], [-74.1766111, 4.571508], [-74.1766324, 4.5714617], [-74.1767229, 4.571376], [-74.1769107, 4.5712357], [-74.1770451, 4.5711353], [-74.1771305, 4.5710715], [-74.1773386, 4.570916], [-74.1773677, 4.5709006], [-74.1774371, 4.5708637], [-74.1775109, 4.5707862], [-74.1776168, 4.5707314], [-74.1776209, 4.5706939], [-74.1776691, 4.5706471], [-74.1777429, 4.570603], [-74.1777872, 4.5706151], [-74.1778381, 4.5706137], [-74.1779481, 4.5705469], [-74.1779586, 4.5704901], [-74.178197, 4.5703404], [-74.1782974, 4.570311], [-74.1784157, 4.5703004], [-74.1784993, 4.5703022], [-74.1785877, 4.5702738], [-74.1788644, 4.5701357], [-74.1791061, 4.5700665], [-74.1791728, 4.5700313], [-74.1792999, 4.5699734], [-74.1794289, 4.569913], [-74.1795108, 4.5698575], [-74.1795117, 4.5698155], [-74.1794331, 4.5697666], [-74.1792238, 4.5696088], [-74.179087, 4.5694965], [-74.1789315, 4.5693816], [-74.1788236, 4.5691617], [-74.1785332, 4.5681561], [-74.1785158, 4.5679869], [-74.1785043, 4.5677789], [-74.1784918, 4.5676127], [-74.1784509, 4.567521], [-74.1782804, 4.567336], [-74.1783397, 4.5668893], [-74.1783625, 4.5667516], [-74.178384, 4.5662971], [-74.1783744, 4.5662058], [-74.1783524, 4.5659947], [-74.1783303, 4.5657837], [-74.1782123, 4.5652329], [-74.178205, 4.5650131], [-74.178282, 4.5646608], [-74.1783947, 4.5640779], [-74.1783196, 4.5637624], [-74.1781108, 4.5635199], [-74.1779655, 4.5632651], [-74.1779494, 4.5629763], [-74.1780138, 4.562741], [-74.1780353, 4.5624844], [-74.1779333, 4.5623186], [-74.17781, 4.5620298], [-74.1777778, 4.5618213], [-74.1776651, 4.5614202], [-74.1773754, 4.5612544], [-74.1772628, 4.561078], [-74.1771609, 4.5609069], [-74.1770912, 4.5606919], [-74.1768068, 4.5602919], [-74.1767746, 4.559832], [-74.1769731, 4.5595326], [-74.1770375, 4.5593133], [-74.1769892, 4.5586235], [-74.1771431, 4.5582657], [-74.1770965, 4.558046], [-74.1766995, 4.5572759], [-74.1765922, 4.556538], [-74.1765815, 4.5561049], [-74.1766491, 4.5555964], [-74.1769608, 4.5549273], [-74.1769861, 4.554605], [-74.1771219, 4.5543248], [-74.1773163, 4.554192], [-74.1773371, 4.5539282], [-74.1772199, 4.553713], [-74.1770185, 4.5535435], [-74.1766023, 4.553451], [-74.1761524, 4.5533402], [-74.1756481, 4.5532867], [-74.1753852, 4.5531798], [-74.1750205, 4.5530728], [-74.1746932, 4.5529498], [-74.1743605, 4.5527453], [-74.1741874, 4.5525849], [-74.1739127, 4.5527172], [-74.1737491, 4.5526531], [-74.1733655, 4.5524552], [-74.1730517, 4.5522814], [-74.1725126, 4.5521317], [-74.1720217, 4.5520942], [-74.1714531, 4.552621], [-74.1709462, 4.552998], [-74.1706109, 4.5531771], [-74.1705009, 4.553145], [-74.1706163, 4.5528402], [-74.1706538, 4.552637], [-74.170509, 4.5526076], [-74.1693664, 4.5530301], [-74.1691411, 4.5531103], [-74.1688997, 4.5530942], [-74.1684598, 4.5531958], [-74.1679394, 4.5535113], [-74.1676873, 4.5536985], [-74.1672367, 4.5538215], [-74.1669685, 4.5539873], [-74.1666895, 4.5540835], [-74.1657937, 4.5546076], [-74.1651499, 4.5549872], [-74.1648039, 4.5553214], [-74.16504, 4.5556717], [-74.1652921, 4.5561797], [-74.1656327, 4.5568401], [-74.1658956, 4.5572947], [-74.1661477, 4.5578695], [-74.164938, 4.5583722], [-74.1640636, 4.5587198], [-74.1638652, 4.5591743], [-74.1636989, 4.5594524], [-74.1634038, 4.5597598], [-74.1630927, 4.5600994], [-74.1628915, 4.560185], [-74.1627976, 4.5603935], [-74.1627735, 4.5605432], [-74.1627091, 4.5608534], [-74.1627198, 4.5611047], [-74.1626662, 4.5614095], [-74.1626233, 4.5618213], [-74.1624409, 4.5621368], [-74.1622478, 4.5621956], [-74.1622853, 4.5620619], [-74.1622585, 4.5616769], [-74.1621083, 4.5616502], [-74.161824, 4.5617357], [-74.1614968, 4.5618534], [-74.1612983, 4.5619603], [-74.1610569, 4.5618373], [-74.1607672, 4.5614951], [-74.1604614, 4.561078], [-74.1602093, 4.5608641], [-74.159925, 4.5607037], [-74.1596139, 4.5607037], [-74.1594476, 4.5610085], [-74.1593537, 4.560709], [-74.1593376, 4.5602625], [-74.1593269, 4.5599149], [-74.159233, 4.5595566], [-74.159292, 4.5593534], [-74.1593966, 4.5591877], [-74.1595709, 4.5591449], [-74.1596514, 4.5593294], [-74.1597533, 4.5592385], [-74.1599813, 4.5590192], [-74.1603032, 4.5587706], [-74.1603997, 4.558562], [-74.16022, 4.5583267], [-74.1597801, 4.5583481], [-74.1596299, 4.5584069], [-74.1593161, 4.5583722], [-74.1590425, 4.5584551], [-74.1590989, 4.5583321], [-74.1591525, 4.558185], [-74.1592276, 4.5579257], [-74.159292, 4.5575701], [-74.1592947, 4.5573775], [-74.1591767, 4.5570407], [-74.1591445, 4.5567412], [-74.1590184, 4.5564979], [-74.1589245, 4.556268], [-74.1588199, 4.556161], [-74.1586804, 4.5559658], [-74.1586536, 4.5558214], [-74.1588306, 4.5556931], [-74.1590801, 4.5555273], [-74.159241, 4.5554819], [-74.1594744, 4.5553749], [-74.1596943, 4.5551717], [-74.159866, 4.5549953], [-74.1600564, 4.5548455], [-74.1601369, 4.554784], [-74.1602388, 4.5547092], [-74.1603917, 4.5545193], [-74.1607055, 4.554276], [-74.1609496, 4.5539699], [-74.1611883, 4.5537546], [-74.16136, 4.553645], [-74.1616577, 4.5534418], [-74.1619661, 4.553244], [-74.1622102, 4.5531103], [-74.1624033, 4.5530782], [-74.1626152, 4.5529873], [-74.1626984, 4.5528135], [-74.1629881, 4.5524017], [-74.1631678, 4.5522386], [-74.1633797, 4.5520862], [-74.1636506, 4.5517868], [-74.1638625, 4.5518135], [-74.1640556, 4.5515648], [-74.164364, 4.5513818], [-74.1648173, 4.5511959], [-74.1650534, 4.5509766], [-74.1653431, 4.5507092], [-74.1656059, 4.5505221], [-74.1658849, 4.5501905], [-74.1661102, 4.5500622], [-74.1661634, 4.549984], [-74.1661789, 4.5499612], [-74.166314, 4.5497627], [-74.1667002, 4.5496772], [-74.1667706, 4.5496729], [-74.1671263, 4.5496509], [-74.1671348, 4.5496504], [-74.1671702, 4.5496435], [-74.1674084, 4.549597], [-74.1677678, 4.5492654], [-74.1679287, 4.5489446], [-74.1681004, 4.5487948], [-74.1682828, 4.5487467], [-74.1685778, 4.5486504], [-74.1687173, 4.5485061], [-74.1689909, 4.548105], [-74.1691142, 4.5479446], [-74.1693234, 4.5477788], [-74.1697526, 4.5473991], [-74.1700369, 4.5471906], [-74.1702354, 4.5469018], [-74.1704768, 4.5464152], [-74.1705519, 4.5459179], [-74.1706431, 4.5455008], [-74.1708309, 4.545212], [-74.170965, 4.5450302], [-74.1712815, 4.5447735], [-74.1719788, 4.5444205], [-74.1725528, 4.5442227], [-74.1728211, 4.5440783], [-74.1728211, 4.543458], [-74.1727513, 4.5430676], [-74.1727674, 4.5427521], [-74.1728318, 4.5424794], [-74.1726467, 4.5422414], [-74.1726601, 4.5417468], [-74.1726816, 4.541581], [-74.1729659, 4.5416345], [-74.1729552, 4.5412922], [-74.1726118, 4.5411371], [-74.1724689, 4.5407243], [-74.1719252, 4.5408323], [-74.1712493, 4.541073], [-74.1706892, 4.5413348], [-74.1694522, 4.5417682], [-74.1685081, 4.5421478], [-74.1681969, 4.542212], [-74.1664254, 4.5423845], [-74.166023, 4.5424239], [-74.1656864, 4.5425596], [-74.165799, 4.5434847], [-74.1660941, 4.545335], [-74.1657293, 4.5456772], [-74.1658956, 4.5459072], [-74.1655952, 4.5461478], [-74.1639429, 4.544982], [-74.1640449, 4.5447949], [-74.1632992, 4.5442922], [-74.1631436, 4.5444045], [-74.162119, 4.5436826], [-74.1628057, 4.5427788], [-74.1635138, 4.5423617], [-74.1640878, 4.5416772], [-74.1642568, 4.5415462], [-74.1641066, 4.5414313], [-74.1637525, 4.5412548], [-74.1637445, 4.5411411], [-74.1637002, 4.5410395], [-74.1635916, 4.5408952], [-74.1634668, 4.5407428], [-74.1632858, 4.5405395], [-74.163149, 4.5404059], [-74.1630203, 4.5402534], [-74.1627869, 4.5400462], [-74.1625375, 4.5399072], [-74.162457, 4.5397575], [-74.1622317, 4.5398056], [-74.161942, 4.5398992], [-74.1616416, 4.5399821], [-74.1615665, 4.5400863], [-74.1614489, 4.5404069], [-74.1611373, 4.54072], [-74.1608879, 4.5406184], [-74.1606331, 4.5405222], [-74.1604292, 4.5403751], [-74.1604963, 4.5402842], [-74.160558, 4.5400997], [-74.1605526, 4.5399633], [-74.1605231, 4.5397521], [-74.1601972, 4.5396692], [-74.1601677, 4.5396318], [-74.1600819, 4.5395716], [-74.159992, 4.5394513], [-74.1599008, 4.5393029], [-74.1597801, 4.5390609], [-74.1597037, 4.5389099], [-74.1596112, 4.5387829], [-74.1595441, 4.5386505], [-74.1594891, 4.5385035], [-74.1594288, 4.5384018], [-74.1593832, 4.5382815], [-74.1593456, 4.5381559], [-74.1593242, 4.5380141], [-74.1591418, 4.5379981], [-74.1589594, 4.5380141], [-74.1587502, 4.5380115], [-74.1586134, 4.5380141], [-74.1585222, 4.5380436], [-74.1584283, 4.5380275], [-74.1582674, 4.5380462], [-74.1581467, 4.5380997], [-74.1579978, 4.5381278], [-74.1577309, 4.5381692], [-74.1576371, 4.5382254], [-74.1574654, 4.5379767], [-74.1570041, 4.5382147], [-74.1564381, 4.5384714], [-74.155899, 4.5387521], [-74.1554589, 4.5390212], [-74.1549437, 4.53874], [-74.1550514, 4.5384179], [-74.1548261, 4.5383751], [-74.1544828, 4.5383698], [-74.154374, 4.5383443], [-74.1540992, 4.5382762], [-74.1537103, 4.5380997], [-74.1535011, 4.5381425], [-74.1532771, 4.5382214], [-74.153198, 4.5382655], [-74.15308, 4.538351], [-74.1528963, 4.5384513], [-74.1527836, 4.5385035], [-74.1526884, 4.5384821], [-74.1525972, 4.5384393], [-74.1524456, 4.5384299], [-74.1522726, 4.5384807], [-74.1519803, 4.5385676], [-74.1518341, 4.5386144], [-74.1516477, 4.5386438], [-74.1515686, 4.5386264], [-74.1515391, 4.538569], [-74.1515243, 4.5384687], [-74.1515096, 4.5383992], [-74.1514747, 4.5383043], [-74.1513969, 4.5381492], [-74.1513352, 4.5379914], [-74.1512869, 4.5378791], [-74.1512668, 4.5377855], [-74.1512628, 4.5376599], [-74.151248, 4.5373978], [-74.15124, 4.5372107], [-74.1512273, 4.5371164], [-74.1512125, 4.5370315], [-74.1514975, 4.5369847], [-74.1516933, 4.5370248], [-74.152168, 4.5370609], [-74.1524899, 4.5370061], [-74.1529298, 4.5369286], [-74.1532302, 4.5368297], [-74.153603, 4.5366639], [-74.1540322, 4.5365756], [-74.1542387, 4.5367147], [-74.1544318, 4.5368457], [-74.1546776, 4.5369419], [-74.1546849, 4.5369874], [-74.1548342, 4.5381478], [-74.1551037, 4.538216], [-74.1552606, 4.5380543], [-74.1553062, 4.5378403], [-74.1553572, 4.5377414], [-74.1555342, 4.5375409], [-74.1556174, 4.5372815], [-74.155671, 4.5370944], [-74.1557273, 4.5369179], [-74.1559044, 4.5365222], [-74.1560143, 4.5361478], [-74.1561806, 4.5355649], [-74.1562343, 4.5353804], [-74.1562584, 4.5350783], [-74.1562289, 4.5347601], [-74.1561109, 4.5344232], [-74.156068, 4.5342708], [-74.1561458, 4.5341425], [-74.1561914, 4.5339767], [-74.1562396, 4.5337387], [-74.1555584, 4.5334446], [-74.1547045, 4.5330634], [-74.1547993, 4.5324286], [-74.1548663, 4.5323884], [-74.1551077, 4.5321585], [-74.1553089, 4.5318644], [-74.1554806, 4.531589], [-74.1556415, 4.5313724], [-74.1556844, 4.5310542], [-74.1555825, 4.5306879], [-74.1555718, 4.5305301], [-74.1557729, 4.5297708], [-74.1561672, 4.5283937], [-74.1563469, 4.5277092], [-74.1564569, 4.5272253], [-74.1568002, 4.5268697], [-74.1566017, 4.5266718], [-74.1561404, 4.5265916], [-74.1555637, 4.5266504], [-74.1549119, 4.5270595], [-74.1543594, 4.5272119], [-74.1540912, 4.527383], [-74.1528761, 4.5280301], [-74.1523504, 4.5283189], [-74.1520929, 4.5286451], [-74.152368, 4.5287439], [-74.1522899, 4.5289932], [-74.1523261, 4.5292583], [-74.152388, 4.5293456], [-74.1524787, 4.5294636], [-74.1525334, 4.5294921], [-74.1527394, 4.5295316], [-74.1529297, 4.5296518], [-74.1527621, 4.5297293], [-74.1525435, 4.5298577], [-74.1523491, 4.5299459], [-74.1521627, 4.5299954], [-74.1519561, 4.5300355], [-74.1517107, 4.5301451], [-74.1514908, 4.5302293], [-74.1514237, 4.5303109], [-74.1512695, 4.5303229], [-74.1511059, 4.5303376], [-74.1507787, 4.5302868], [-74.1507254, 4.5303045], [-74.1505212, 4.5303697], [-74.150261, 4.5305355], [-74.1500115, 4.5306104], [-74.1496146, 4.530728], [-74.1493249, 4.5307521], [-74.1490406, 4.5306879], [-74.1487455, 4.530728], [-74.1485497, 4.5308617], [-74.1483982, 4.5310141], [-74.1481729, 4.5312481], [-74.1480576, 4.5313724], [-74.1479208, 4.5315195], [-74.1477786, 4.5316572], [-74.1477142, 4.5316852], [-74.147552, 4.5316879], [-74.1473535, 4.5316411], [-74.1471496, 4.5315756], [-74.1470397, 4.5315288], [-74.1468653, 4.531466], [-74.146758, 4.5313884], [-74.1466749, 4.5313069], [-74.1466085, 4.5312654], [-74.146467, 4.5312494], [-74.1462699, 4.531228], [-74.146121, 4.531232], [-74.1460459, 4.531212], [-74.1459145, 4.5312146], [-74.1458085, 4.5311759], [-74.1457522, 4.5311678], [-74.1456449, 4.5311879], [-74.1455577, 4.5312748], [-74.1454236, 4.5312868], [-74.1452426, 4.5313283], [-74.1450937, 4.531359], [-74.1450508, 4.5313938], [-74.1449824, 4.5314299], [-74.1448818, 4.531466], [-74.1447853, 4.5315301], [-74.1447759, 4.5315689], [-74.1448376, 4.5316291], [-74.1449127, 4.5317414], [-74.1449609, 4.5318163], [-74.1449958, 4.5319152], [-74.1450039, 4.5320382], [-74.1450092, 4.5321505], [-74.144977, 4.5322842], [-74.1449073, 4.5323644], [-74.144851, 4.5324553], [-74.1448121, 4.5324887], [-74.1449931, 4.5325462], [-74.1449663, 4.53272], [-74.1448577, 4.5327187], [-74.1447692, 4.5327347], [-74.1446538, 4.5327574], [-74.1445519, 4.5327895], [-74.1445009, 4.5328229], [-74.1444165, 4.5329018], [-74.1443548, 4.5329834], [-74.1442783, 4.5331251], [-74.1442032, 4.5333296], [-74.1441657, 4.5334379], [-74.1435058, 4.5333697], [-74.1433154, 4.5339647], [-74.1427723, 4.5339219], [-74.142331, 4.5338443], [-74.1418657, 4.5337588], [-74.1421084, 4.5333457], [-74.1422184, 4.5331799], [-74.1419475, 4.5332334], [-74.1417369, 4.5332909], [-74.1415264, 4.5334152], [-74.1413775, 4.5335529], [-74.1412863, 4.5337187], [-74.1412206, 4.5339286], [-74.1411321, 4.5341385], [-74.1410315, 4.5343243], [-74.1408853, 4.5344954], [-74.1406453, 4.5347214], [-74.1404146, 4.5349968], [-74.1401906, 4.5352869], [-74.1400243, 4.5355409], [-74.1399774, 4.5357936], [-74.1399519, 4.5358885], [-74.1398969, 4.5359353], [-74.1398151, 4.5359887], [-74.1396743, 4.5361385], [-74.1390628, 4.5357842], [-74.1383882, 4.5354473], [-74.1384003, 4.5353804], [-74.1380261, 4.5351919], [-74.1377029, 4.5349954], [-74.1381723, 4.5341585], [-74.1379201, 4.5340034], [-74.1372442, 4.5336398], [-74.1367507, 4.5335222], [-74.1364288, 4.5336077], [-74.1363591, 4.5343136], [-74.1362947, 4.5347681], [-74.1363216, 4.5352013], [-74.1362035, 4.5355382], [-74.1360211, 4.5356184], [-74.1359514, 4.5357521], [-74.1360667, 4.5360596], [-74.1361794, 4.5364687], [-74.1362411, 4.5370409], [-74.1361472, 4.537327], [-74.1359299, 4.5373617], [-74.1358119, 4.5371318], [-74.1355705, 4.5368323], [-74.1352594, 4.5368002], [-74.1350341, 4.5369767], [-74.1348302, 4.5369125], [-74.1347981, 4.5367414], [-74.1347122, 4.5366184], [-74.1338646, 4.5363403], [-74.1337574, 4.5365756], [-74.1335213, 4.5373297], [-74.1333067, 4.5373617], [-74.1329795, 4.5375436], [-74.1326737, 4.5376238], [-74.1319495, 4.5368323], [-74.1310644, 4.5381452], [-74.1320327, 4.5389072], [-74.1328642, 4.5395676], [-74.133296, 4.5400302], [-74.1335455, 4.5403698], [-74.1338754, 4.5409393], [-74.1343823, 4.5418831], [-74.1348249, 4.5426612], [-74.1351494, 4.5433136], [-74.1354525, 4.5438885], [-74.1359246, 4.5447788], [-74.1363591, 4.5456344], [-74.1366568, 4.5462761], [-74.1368848, 4.5467387], [-74.1370457, 4.5472842], [-74.1370806, 4.5475007], [-74.137086, 4.5476077], [-74.1370806, 4.5478376], [-74.1370618, 4.5480488], [-74.1370162, 4.5483537], [-74.1369411, 4.5486451], [-74.1367292, 4.5495167], [-74.1365656, 4.5501504], [-74.1364878, 4.550506], [-74.136461, 4.5507734], [-74.1364422, 4.5511424], [-74.136461, 4.5513536], [-74.1364852, 4.5515087], [-74.1365254, 4.5517172], [-74.1365629, 4.5519178], [-74.1366139, 4.5520996], [-74.1359045, 4.5522253], [-74.1351622, 4.5523549], [-74.1351199, 4.5523723], [-74.1350971, 4.5523984], [-74.1350555, 4.5525327], [-74.1347659, 4.5534097], [-74.1345084, 4.5542252], [-74.1344306, 4.5544204], [-74.1342643, 4.5547519], [-74.134208, 4.5549899], [-74.1341865, 4.5552412], [-74.1341811, 4.555768], [-74.1341838, 4.5562733], [-74.1341758, 4.5564979], [-74.1340033, 4.5565191], [-74.1339024, 4.5565108], [-74.1337991, 4.5564777], [-74.133706, 4.5564498], [-74.1335052, 4.5564043], [-74.1333088, 4.55633], [-74.1332357, 4.5562846], [-74.1332208, 4.556243], [-74.133224, 4.5561746], [-74.1332511, 4.5560934], [-74.1333453, 4.5559739], [-74.1334746, 4.5558609], [-74.1336025, 4.5557734], [-74.1336804, 4.5557104], [-74.1337229, 4.5555875], [-74.1337627, 4.5554979], [-74.1337554, 4.5554209], [-74.1337118, 4.5553402], [-74.1337534, 4.5552904], [-74.1337761, 4.5551904], [-74.1337478, 4.5551144], [-74.1337324, 4.5549949], [-74.1336716, 4.5549186], [-74.1335912, 4.5548296], [-74.1335473, 4.5546713], [-74.1334569, 4.5544659], [-74.1333282, 4.5542626], [-74.1331332, 4.5539388], [-74.1329889, 4.553688], [-74.132857, 4.5534896], [-74.1327258, 4.5533783], [-74.1325755, 4.5532679], [-74.1323698, 4.5531172], [-74.1320965, 4.5529014], [-74.1320153, 4.5527093], [-74.1319817, 4.5524579], [-74.1319644, 4.5522038], [-74.1320247, 4.5518803], [-74.1320783, 4.5516237], [-74.1322339, 4.5516183], [-74.1323894, 4.5515007], [-74.132486, 4.5513563], [-74.1325021, 4.551137], [-74.1324484, 4.5508215], [-74.1323733, 4.5505488], [-74.1323519, 4.550351], [-74.1324002, 4.5502333], [-74.1322875, 4.5501264], [-74.132169, 4.5499409], [-74.1320481, 4.5497137], [-74.1319435, 4.5495421], [-74.1316734, 4.5493828], [-74.1314627, 4.5493202], [-74.1312434, 4.5492783], [-74.1310295, 4.5492962], [-74.1308215, 4.5493559], [-74.1305964, 4.5493937], [-74.1304026, 4.549441], [-74.130186, 4.5495074], [-74.1299945, 4.5495245], [-74.1298427, 4.5494994], [-74.1296915, 4.5494837], [-74.1294813, 4.5494578], [-74.1293103, 4.5493897], [-74.1291356, 4.5493139], [-74.1289455, 4.5492373], [-74.1287631, 4.5492133], [-74.1285853, 4.5492488], [-74.1284521, 4.5493058], [-74.128342, 4.5494245], [-74.12826, 4.5495269], [-74.1280932, 4.549587], [-74.1278739, 4.549621], [-74.1276682, 4.5496193], [-74.1274863, 4.5495956], [-74.1272946, 4.5495047], [-74.1271524, 4.5494325], [-74.1269888, 4.549367], [-74.1268636, 4.5492832], [-74.1267514, 4.5490782], [-74.1266106, 4.548847], [-74.126443, 4.5486117], [-74.1263184, 4.5484316], [-74.1262431, 4.5483336], [-74.1261823, 4.5482003], [-74.1260894, 4.5480716], [-74.1259588, 4.5479432], [-74.1258642, 4.5478478], [-74.125772, 4.5477561], [-74.1256973, 4.5476331], [-74.1256498, 4.5474998], [-74.1256195, 4.5473978], [-74.1256137, 4.5472997], [-74.1256316, 4.5472013], [-74.1256844, 4.5471053], [-74.1257295, 4.5470154], [-74.1258168, 4.546906], [-74.1258999, 4.546828], [-74.1260058, 4.5467414], [-74.1261032, 4.5466657], [-74.1262338, 4.5465916], [-74.1263102, 4.5465502], [-74.1263791, 4.5465831], [-74.1264041, 4.5466946], [-74.1264296, 4.5468483], [-74.1264886, 4.5470141], [-74.1265583, 4.5471478], [-74.1266334, 4.547228], [-74.1267353, 4.5472815], [-74.1268078, 4.5473162], [-74.1268882, 4.5473537], [-74.1270492, 4.5473858], [-74.1272369, 4.5473456], [-74.1273898, 4.5472948], [-74.1275427, 4.547236], [-74.1277277, 4.5471424], [-74.127945, 4.5470649], [-74.1280952, 4.5470489], [-74.1283125, 4.5470355], [-74.1284868, 4.5470248], [-74.1286585, 4.5470168], [-74.128814, 4.5470034], [-74.1289884, 4.5469847], [-74.1291896, 4.546958], [-74.1294028, 4.5469125], [-74.1295758, 4.5468644], [-74.1297716, 4.5467681], [-74.1298762, 4.5466585], [-74.1299835, 4.5465114], [-74.1300278, 4.5463858], [-74.1300425, 4.54622], [-74.1300049, 4.5459874], [-74.1299433, 4.5458403], [-74.1298735, 4.5457307], [-74.1297475, 4.5456478], [-74.1296053, 4.5455516], [-74.1294336, 4.5454767], [-74.1292754, 4.5454152], [-74.129101, 4.5453537], [-74.1289321, 4.5452868], [-74.1286933, 4.5451959], [-74.1284788, 4.5451211], [-74.1282642, 4.5450622], [-74.1281033, 4.5450409], [-74.1279423, 4.5450409], [-74.1277186, 4.5450853], [-74.1273952, 4.5452066], [-74.1271482, 4.5453458], [-74.1268936, 4.5454526], [-74.1266694, 4.5455066], [-74.1264136, 4.5455164], [-74.1262805, 4.5453175], [-74.1261282, 4.5449906], [-74.1260165, 4.5447989], [-74.1259671, 4.5447463], [-74.1259052, 4.5447053], [-74.1258127, 4.5445997], [-74.1253084, 4.5444526], [-74.1249463, 4.5443804], [-74.1247854, 4.544359], [-74.1248202, 4.5441238], [-74.1248558, 4.5438429], [-74.1249989, 4.5435804], [-74.1251179, 4.5431631], [-74.1252241, 4.5428817], [-74.1252089, 4.5426678], [-74.1249919, 4.5425195], [-74.124782, 4.5422825], [-74.1246378, 4.5419313], [-74.124611, 4.5416238], [-74.1247466, 4.5413625], [-74.1248068, 4.540958], [-74.1248618, 4.5404662], [-74.125016, 4.5400623], [-74.1246572, 4.5390816], [-74.1245744, 4.5384813], [-74.1245091, 4.5380623], [-74.1244742, 4.5378002], [-74.1244555, 4.5375543], [-74.1243732, 4.5373685], [-74.1242543, 4.5370596], [-74.1241309, 4.5368617], [-74.124029, 4.5368831], [-74.1240762, 4.5367449], [-74.1240156, 4.5366799], [-74.1239297, 4.536597], [-74.1239029, 4.5364981], [-74.1239414, 4.5364217], [-74.124037, 4.5363671], [-74.124198, 4.5363056], [-74.1242248, 4.5362521], [-74.1242221, 4.5361879], [-74.1242006, 4.5360944], [-74.1241443, 4.5359393], [-74.1240791, 4.5357475], [-74.1240156, 4.5356826], [-74.1240263, 4.5356077], [-74.1240657, 4.5354582], [-74.1240934, 4.5352735], [-74.1241068, 4.5351131], [-74.1242167, 4.5349954], [-74.1243292, 4.5347743], [-74.1244018, 4.5346291], [-74.1245675, 4.5344455], [-74.1246497, 4.5342783], [-74.124725, 4.5342066], [-74.1248377, 4.5341184], [-74.1249101, 4.5339834], [-74.124999, 4.5337921], [-74.1250134, 4.5336839], [-74.1250174, 4.5335449], [-74.1250093, 4.5333524], [-74.125004, 4.5330636], [-74.1250348, 4.5328831], [-74.1250384, 4.5327061], [-74.1250135, 4.5325359], [-74.1249798, 4.5324152], [-74.1249315, 4.532232], [-74.1248921, 4.5320499], [-74.1248859, 4.5319125], [-74.1248819, 4.5317761], [-74.1249122, 4.5315909], [-74.1249503, 4.5313724], [-74.1249798, 4.5312093], [-74.1250026, 4.5311424], [-74.1250375, 4.5309312], [-74.1250791, 4.5307507], [-74.1251394, 4.5304981], [-74.1251984, 4.5303015], [-74.1252467, 4.5300823], [-74.1252722, 4.5299833], [-74.1252878, 4.5299003], [-74.1252977, 4.529609], [-74.1253111, 4.5294432], [-74.1253071, 4.5292922], [-74.1253299, 4.5290876], [-74.1253969, 4.5289325], [-74.1254251, 4.5287855], [-74.1254413, 4.5286907], [-74.1254734, 4.5285194], [-74.1255082, 4.5284125], [-74.1255243, 4.5283002], [-74.1255283, 4.5281117], [-74.1255176, 4.5280181], [-74.1254889, 4.5279342], [-74.1254734, 4.5278109], [-74.1254492, 4.5276879], [-74.1254573, 4.5275742], [-74.1254385, 4.5274646], [-74.1254345, 4.5272734], [-74.1254078, 4.527131], [-74.1253459, 4.5269779], [-74.1252802, 4.5267948], [-74.125244, 4.5266918], [-74.1252492, 4.5265781], [-74.1252588, 4.5264753], [-74.1252767, 4.5263354], [-74.1253057, 4.5262253], [-74.1253427, 4.5261062], [-74.1253942, 4.5259993], [-74.125506, 4.5258946], [-74.125578, 4.5258309], [-74.1256987, 4.5257894], [-74.1258931, 4.5257239], [-74.1261101, 4.5256587], [-74.1261414, 4.5256563], [-74.1261612, 4.5256526], [-74.1262883, 4.5256288], [-74.126466, 4.525622], [-74.1265267, 4.5255918], [-74.1266432, 4.5255518], [-74.1267461, 4.5255047], [-74.126848, 4.5254819], [-74.126935, 4.5254206], [-74.1270451, 4.525391], [-74.1271833, 4.5253295], [-74.12734, 4.5252393], [-74.1274613, 4.5251586], [-74.1275373, 4.5251036], [-74.1276337, 4.5250414], [-74.1276661, 4.5249779], [-74.1277827, 4.5249298], [-74.1279205, 4.5248342], [-74.1280697, 4.5247934], [-74.1281582, 4.5247867], [-74.1282458, 4.5247479], [-74.1283581, 4.5247038], [-74.1284774, 4.5246931], [-74.1285499, 4.5247062], [-74.1286317, 4.5247172], [-74.1287134, 4.5247042], [-74.1287845, 4.5247199], [-74.1288536, 4.5247245], [-74.1288945, 4.5247573], [-74.128958, 4.5247584], [-74.1290072, 4.5247453], [-74.129059, 4.5247123], [-74.1291351, 4.5246364], [-74.1291735, 4.5245461], [-74.1291721, 4.524459], [-74.1291291, 4.5243368], [-74.1290641, 4.5242022], [-74.1289388, 4.5240635], [-74.1288064, 4.523925], [-74.1286062, 4.5237185], [-74.1284139, 4.5235011], [-74.1282092, 4.5232693], [-74.1281703, 4.5232586], [-74.1280791, 4.5231771], [-74.1280375, 4.5231089], [-74.12798, 4.5230634], [-74.1278425, 4.5228612], [-74.127768, 4.5227519], [-74.1276858, 4.5225989], [-74.1276003, 4.522399], [-74.1274515, 4.5222065], [-74.1271995, 4.521884], [-74.1271873, 4.521804], [-74.1271631, 4.5217065], [-74.1270411, 4.5216797], [-74.1268882, 4.5215861], [-74.1266549, 4.521308], [-74.1264202, 4.521046], [-74.1262941, 4.5208749], [-74.126111, 4.5207206], [-74.1259991, 4.5206342], [-74.1258596, 4.5205487], [-74.1257778, 4.5205406], [-74.1256906, 4.5204591], [-74.1255909, 4.5204136], [-74.1255072, 4.5203322], [-74.1254997, 4.5203002], [-74.1255089, 4.5202548], [-74.1255391, 4.5201369], [-74.1255714, 4.5200037], [-74.1256383, 4.5197946], [-74.1257188, 4.5196422], [-74.1257563, 4.5195059], [-74.1257974, 4.5194371], [-74.1258395, 4.5193401], [-74.1259092, 4.5192679], [-74.1260085, 4.5191583], [-74.1260433, 4.5190727], [-74.1260996, 4.5190058], [-74.1261104, 4.5189189], [-74.1261425, 4.5188686], [-74.1261613, 4.5187799], [-74.1261468, 4.5186465], [-74.1261211, 4.5185072], [-74.1260893, 4.51838], [-74.1261144, 4.5183053], [-74.126164, 4.5182344], [-74.1261654, 4.5180981], [-74.1261171, 4.5179712], [-74.1260554, 4.5178628], [-74.125991, 4.5177438], [-74.1259468, 4.5175967], [-74.1259535, 4.5174416], [-74.1259199, 4.5172986], [-74.125881, 4.5172237], [-74.125822, 4.517171], [-74.1257215, 4.5171368], [-74.1256651, 4.5170111], [-74.1256194, 4.5168826], [-74.1255804, 4.5167826], [-74.1255552, 4.5166555], [-74.1255713, 4.5164817], [-74.1255981, 4.5162143], [-74.1256195, 4.5159443], [-74.1256705, 4.5158025], [-74.1256624, 4.5157223], [-74.1256973, 4.5153587], [-74.1257022, 4.5151721], [-74.125696, 4.5150458], [-74.1256785, 4.5149068], [-74.1256638, 4.5148547], [-74.1256839, 4.5147383], [-74.1257456, 4.5146768], [-74.1257641, 4.5145655], [-74.1258582, 4.5144549], [-74.1259387, 4.5143025], [-74.1260675, 4.5141367], [-74.1260916, 4.5140458], [-74.1262129, 4.5138166], [-74.1263384, 4.5137437], [-74.1264188, 4.5136233], [-74.1264786, 4.5134423], [-74.1265208, 4.5133051], [-74.1265932, 4.5131821], [-74.1267005, 4.5130244], [-74.1268175, 4.5128579], [-74.1268507, 4.5127436], [-74.1268319, 4.5125618], [-74.1268051, 4.5123719], [-74.1268133, 4.5121129], [-74.1268373, 4.5120243], [-74.1268882, 4.511888], [-74.1269741, 4.5115645], [-74.1270518, 4.5114521], [-74.1271273, 4.5113169], [-74.1271484, 4.5111928], [-74.1271886, 4.5110377], [-74.1272745, 4.5109735], [-74.1273603, 4.5107863], [-74.1273401, 4.5105504], [-74.1273147, 4.5102836], [-74.1272369, 4.5099841], [-74.1271645, 4.5097275], [-74.127084, 4.5094788], [-74.127084, 4.5093504], [-74.1270223, 4.5092729], [-74.1269633, 4.5090964], [-74.1269296, 4.5089785], [-74.1268748, 4.5088157], [-74.1268641, 4.5086445], [-74.1268212, 4.5084894], [-74.1267648, 4.5082595], [-74.1268185, 4.5081819], [-74.1268265, 4.5080857], [-74.1267756, 4.5079333], [-74.1267799, 4.5077314], [-74.1267836, 4.507583], [-74.126789, 4.5074012], [-74.1267782, 4.5071659], [-74.1266978, 4.5068931], [-74.1266254, 4.5065803], [-74.1266012, 4.5064466], [-74.1265959, 4.5062701], [-74.1265499, 4.506139], [-74.1265556, 4.5060455], [-74.1266085, 4.5059487], [-74.1267836, 4.505869], [-74.1268936, 4.5058904], [-74.1270599, 4.5058342], [-74.1272154, 4.505762], [-74.127371, 4.5056471], [-74.1274993, 4.5055264], [-74.1276419, 4.5054278], [-74.1277733, 4.5053289], [-74.1278806, 4.5052219], [-74.1279718, 4.5050588], [-74.1281154, 4.5049173], [-74.1281971, 4.5048502], [-74.1282414, 4.5047649], [-74.1282427, 4.5046631], [-74.1282132, 4.5045347], [-74.128122, 4.5043663], [-74.1279343, 4.5041122], [-74.1277599, 4.5038903], [-74.1275856, 4.5037165], [-74.1274649, 4.5035534], [-74.127312, 4.5034357], [-74.1272423, 4.5033421], [-74.1271966, 4.5032516], [-74.127194, 4.5030988], [-74.1271582, 4.5029493], [-74.1271725, 4.5028207], [-74.1271934, 4.5027072], [-74.1271725, 4.5026282], [-74.1271227, 4.5025652], [-74.1270143, 4.5025373], [-74.12691, 4.5025066], [-74.126848, 4.5024357], [-74.1267877, 4.502345], [-74.1267459, 4.5022106], [-74.1266978, 4.5020185], [-74.1266585, 4.501819], [-74.1265626, 4.5016059], [-74.1264644, 4.5015453], [-74.1262992, 4.501539], [-74.1261748, 4.5015934], [-74.1261372, 4.5016709], [-74.1259788, 4.5018186], [-74.1258904, 4.5018902], [-74.1257885, 4.5019225], [-74.1256651, 4.5019597], [-74.1255357, 4.5020186], [-74.1254291, 4.5020052], [-74.125314, 4.5019594], [-74.1251019, 4.5017993], [-74.1249936, 4.5016803], [-74.1249275, 4.501588], [-74.124839, 4.5015453], [-74.1247478, 4.5015453], [-74.1247197, 4.5015894], [-74.1246092, 4.5015549], [-74.1245164, 4.5015064], [-74.1240569, 4.5012661], [-74.1231873, 4.5007162], [-74.1228227, 4.5002905], [-74.1227737, 4.5002136], [-74.1226785, 4.5001172], [-74.1225193, 4.5000403], [-74.122311, 4.4999447], [-74.1221482, 4.4998752], [-74.1220334, 4.4997831], [-74.1219771, 4.4996735], [-74.1218755, 4.4995708], [-74.1218269, 4.4994489], [-74.1218027, 4.4993446], [-74.1218162, 4.4991815], [-74.1218847, 4.4990689], [-74.1219395, 4.4989302], [-74.1219932, 4.4988178], [-74.1220122, 4.4986571], [-74.1219825, 4.4984301], [-74.1219234, 4.4982563], [-74.121828, 4.4980393], [-74.1217196, 4.4979007], [-74.1216096, 4.4978017], [-74.1216123, 4.4976814], [-74.1215265, 4.4975959], [-74.1213947, 4.497569], [-74.1213173, 4.4974622], [-74.1212234, 4.4973498], [-74.1211441, 4.497162], [-74.1210866, 4.4969969], [-74.1209793, 4.4968258], [-74.1209319, 4.4966682], [-74.1209123, 4.4965717], [-74.120923, 4.4964407], [-74.1209687, 4.4963334], [-74.1209914, 4.4962312], [-74.1210303, 4.4961519], [-74.1210303, 4.4960488], [-74.1211, 4.4959728], [-74.1211376, 4.4958578], [-74.1210866, 4.4957802], [-74.1212046, 4.4956653], [-74.121269, 4.495569], [-74.1213227, 4.4954096], [-74.121446, 4.4953176], [-74.1215057, 4.4951881], [-74.1215318, 4.4950743], [-74.1215526, 4.494901], [-74.1215801, 4.4947935], [-74.1215721, 4.4946625], [-74.1215331, 4.4945432], [-74.1214552, 4.4944046], [-74.12139, 4.4943118], [-74.121277, 4.4942213], [-74.1211527, 4.4941659], [-74.1210571, 4.4940796], [-74.1210256, 4.493969], [-74.1210303, 4.4938764], [-74.120982, 4.4937828], [-74.1209501, 4.493715], [-74.1209847, 4.493625], [-74.1209525, 4.4935002], [-74.1209498, 4.4933844], [-74.1209316, 4.4932533], [-74.1209123, 4.4931036], [-74.1209337, 4.4929753], [-74.1209735, 4.4928816], [-74.1209903, 4.4927792], [-74.1209982, 4.4926633], [-74.1209675, 4.4925928], [-74.1209269, 4.4925351], [-74.1210663, 4.4924629], [-74.1211446, 4.4924406], [-74.1212422, 4.4923843], [-74.1213897, 4.4923442], [-74.1215721, 4.492256], [-74.1217598, 4.4921945], [-74.1219884, 4.4920696], [-74.122138, 4.4920821], [-74.1222817, 4.4920085], [-74.1223741, 4.4918335], [-74.1223382, 4.4916841], [-74.1223254, 4.4915132], [-74.1222594, 4.4913532], [-74.1220461, 4.491287], [-74.1219373, 4.4912323], [-74.1216201, 4.4912638], [-74.1214567, 4.4912719], [-74.1212274, 4.4913013], [-74.1210625, 4.4912813], [-74.120916, 4.4912433], [-74.1206843, 4.4911944], [-74.1204808, 4.4911582], [-74.1202497, 4.4911449], [-74.1200485, 4.4910967], [-74.1199827, 4.4910462], [-74.1199816, 4.490939], [-74.120003, 4.4908387], [-74.1200352, 4.4907264], [-74.1201105, 4.4905333], [-74.1201425, 4.4904029], [-74.1202256, 4.4902344], [-74.1203812, 4.4900045], [-74.1205207, 4.4898788], [-74.1206245, 4.4897207], [-74.1207191, 4.4895526], [-74.1207647, 4.4893707], [-74.1207827, 4.4891452], [-74.1208224, 4.488991], [-74.1208987, 4.4888757], [-74.1210437, 4.4887651], [-74.121159, 4.4886702], [-74.1212278, 4.4886244], [-74.1213186, 4.4885324], [-74.1213414, 4.4884643], [-74.1213857, 4.4883426], [-74.121397, 4.488209], [-74.1214058, 4.4881247], [-74.1213897, 4.4879709], [-74.1213253, 4.4878065], [-74.1212502, 4.487745], [-74.1212221, 4.4876072], [-74.1212851, 4.4875564], [-74.1213335, 4.4874169], [-74.1213387, 4.4873131], [-74.1213642, 4.487158], [-74.121323, 4.4869789], [-74.1211791, 4.4869762], [-74.1210584, 4.4869695], [-74.120868, 4.4869254], [-74.1207741, 4.4868518], [-74.1206829, 4.4868211], [-74.1205649, 4.4869414], [-74.1204254, 4.4870417], [-74.1202296, 4.4872409], [-74.120184, 4.4872743], [-74.1200955, 4.4874013], [-74.1199721, 4.4874522], [-74.1197884, 4.4876099], [-74.1197157, 4.4876537], [-74.1196154, 4.4876728], [-74.1195242, 4.4876487], [-74.119484, 4.4876474], [-74.1194142, 4.4876594], [-74.1193177, 4.4876968], [-74.1192319, 4.4877129], [-74.1191728, 4.4877195], [-74.1190575, 4.4877637], [-74.1189422, 4.4878332], [-74.1188885, 4.4878399], [-74.1187853, 4.4878305], [-74.1187128, 4.4877543], [-74.1186284, 4.4877022], [-74.1186096, 4.4876313], [-74.1185345, 4.4875992], [-74.1184299, 4.4876113], [-74.1184084, 4.4875457], [-74.1183628, 4.4874989], [-74.1182716, 4.4874628], [-74.1181362, 4.4874682], [-74.1180731, 4.4875498], [-74.1179189, 4.4875671], [-74.1178747, 4.4875952], [-74.1178653, 4.4876861], [-74.1178197, 4.4877503], [-74.1177526, 4.487761], [-74.1176641, 4.4877891], [-74.1175514, 4.4878158], [-74.1174294, 4.4878225], [-74.1172779, 4.4878305], [-74.1171263, 4.4878158], [-74.117015, 4.4877222], [-74.1168608, 4.4876353], [-74.1166274, 4.4875698], [-74.1164584, 4.4875257], [-74.1161902, 4.4874267], [-74.1160329, 4.4874508], [-74.115698, 4.4874882], [-74.1156042, 4.4874802], [-74.1153279, 4.4874682], [-74.1150221, 4.4874856], [-74.1149564, 4.4874789], [-74.1148733, 4.4874588], [-74.1140888, 4.4873463], [-74.1140625, 4.4874487], [-74.1140213, 4.4875377], [-74.113964, 4.4875832], [-74.1138688, 4.4876514], [-74.1137682, 4.4877142], [-74.1136502, 4.487769], [-74.1135724, 4.4878011], [-74.1134919, 4.4878172], [-74.1134557, 4.4878238], [-74.1132881, 4.4878319], [-74.1131473, 4.4878532], [-74.1130762, 4.487896], [-74.1130038, 4.4879321], [-74.1129367, 4.4879763], [-74.1129018, 4.4881327], [-74.1128482, 4.4884335], [-74.1127677, 4.4884188], [-74.112643, 4.4883894], [-74.1126108, 4.4884469], [-74.1125961, 4.4885726], [-74.1125424, 4.4887129], [-74.1124968, 4.4888613], [-74.1124405, 4.488967], [-74.1123909, 4.4890097], [-74.1123466, 4.4891174], [-74.1122346, 4.4892424], [-74.1122065, 4.4893206], [-74.1121957, 4.4894195], [-74.112179, 4.4894977], [-74.1121019, 4.4896], [-74.1119624, 4.4897504], [-74.111892, 4.4897986], [-74.1117968, 4.4898407], [-74.1116566, 4.4899202], [-74.1115648, 4.4899684], [-74.1115467, 4.4900098], [-74.1114447, 4.4900493], [-74.1109662, 4.4901702], [-74.1100708, 4.490447], [-74.1097033, 4.4905486], [-74.1096537, 4.4904938], [-74.1094988, 4.4903273], [-74.1092311, 4.4900553], [-74.1082717, 4.4890499], [-74.1077634, 4.4885047], [-74.1073718, 4.4880484], [-74.1071887, 4.4878659], [-74.1069711, 4.4876632], [-74.1072376, 4.4870051], [-74.1074499, 4.486902], [-74.1081933, 4.4865905], [-74.1080121, 4.4861909], [-74.1078745, 4.4860483], [-74.1074823, 4.4857428], [-74.1070524, 4.4855329], [-74.1059737, 4.4850282], [-74.105929, 4.4850222], [-74.1058831, 4.4850324], [-74.1058346, 4.4850652], [-74.1057876, 4.485113], [-74.1057589, 4.4851672], [-74.1056452, 4.4854805], [-74.1047781, 4.4853458], [-74.1048968, 4.4848303], [-74.1038277, 4.4855701], [-74.1035476, 4.4851703], [-74.1029962, 4.4855881], [-74.102457, 4.4854498], [-74.102963, 4.4845751], [-74.1031532, 4.4846985], [-74.1039099, 4.4837746], [-74.1033732, 4.4833363], [-74.102534, 4.4830497], [-74.1023155, 4.4829438], [-74.1021031, 4.4834284], [-74.1019688, 4.4834573], [-74.1018575, 4.4835549], [-74.1013607, 4.4844857], [-74.1010666, 4.4849001], [-74.1006284, 4.48521], [-74.1000272, 4.4851405], [-74.0996933, 4.4850282], [-74.0992963, 4.4848878], [-74.0989986, 4.4847755], [-74.0987394, 4.4846689], [-74.098601, 4.484857], [-74.0983884, 4.4850128], [-74.0983542, 4.484964], [-74.098151, 4.4848958], [-74.0979914, 4.4848717], [-74.0979229, 4.4848555], [-74.0978741, 4.4848931], [-74.097683, 4.4848791], [-74.0973806, 4.4850369], [-74.0972666, 4.4851184], [-74.0972176, 4.4851552], [-74.0969843, 4.4853517], [-74.0968274, 4.4854426], [-74.0966034, 4.4854975], [-74.0963325, 4.485567], [-74.0963258, 4.4855937], [-74.0963687, 4.4856699], [-74.0962923, 4.4857201], [-74.0961038, 4.4858417], [-74.0960824, 4.4861011], [-74.0961246, 4.4862555], [-74.0960837, 4.4862763], [-74.0961765, 4.4864573], [-74.0961883, 4.4864949], [-74.0963338, 4.4867121], [-74.0964143, 4.4868131], [-74.0964559, 4.4869842], [-74.0962701, 4.4871025], [-74.0962882, 4.4872068], [-74.0961776, 4.4872737], [-74.0961179, 4.4873472], [-74.096071, 4.4873933], [-74.0960173, 4.4875223], [-74.09601, 4.4876621], [-74.0960281, 4.4877516], [-74.0957692, 4.4879188], [-74.0957263, 4.4881086], [-74.0956485, 4.488237], [-74.0956512, 4.4884054], [-74.0957451, 4.4886621], [-74.095839, 4.488876], [-74.0960321, 4.4890365], [-74.0961823, 4.4890632], [-74.0964317, 4.4890392], [-74.0964478, 4.489237], [-74.0964478, 4.4893841], [-74.09648, 4.4895419], [-74.0965927, 4.489606], [-74.096767, 4.4902371], [-74.0968435, 4.4905286], [-74.0968139, 4.4905459], [-74.0968689, 4.4908281], [-74.0970419, 4.490792], [-74.0970594, 4.4908307], [-74.0971304, 4.4908174], [-74.0971452, 4.4908855], [-74.0971841, 4.4909765], [-74.0974146, 4.4907822], [-74.0976709, 4.4906088], [-74.0981282, 4.4902625], [-74.0984166, 4.490066], [-74.0985788, 4.4903401], [-74.0984353, 4.4904443], [-74.0985037, 4.4905419], [-74.0986137, 4.4905941], [-74.0987505, 4.4905553], [-74.0990013, 4.4904283], [-74.0991287, 4.4905687], [-74.0992641, 4.490669], [-74.0993647, 4.4908668], [-74.0994975, 4.4910714], [-74.0995088, 4.4910857], [-74.0995619, 4.4911529], [-74.0994975, 4.4913415], [-74.0994425, 4.4914324], [-74.099346, 4.4914377], [-74.0992615, 4.4913856], [-74.0991287, 4.4913428], [-74.0989946, 4.4913361], [-74.0988363, 4.4913321], [-74.0985855, 4.4913562], [-74.0984313, 4.491431], [-74.0984206, 4.4915206], [-74.0984809, 4.491665], [-74.0985775, 4.4918041], [-74.0986526, 4.4918656], [-74.0986928, 4.4919244], [-74.0987626, 4.4919351], [-74.0988699, 4.4919859], [-74.0989289, 4.4920741], [-74.098953, 4.4921838], [-74.0990067, 4.4923175], [-74.0990469, 4.4924003], [-74.09913, 4.4924324], [-74.0993097, 4.4924405], [-74.099417, 4.4924458], [-74.0995351, 4.492526], [-74.0996504, 4.492633], [-74.0996826, 4.4926611], [-74.099759, 4.4927306], [-74.0998288, 4.4928349], [-74.099865, 4.4929632], [-74.0998636, 4.4930261], [-74.0997094, 4.4931477], [-74.0996195, 4.4932467], [-74.0995042, 4.4933429], [-74.0993164, 4.4934004], [-74.099177, 4.4934766], [-74.0990751, 4.4935314], [-74.0989369, 4.4936945], [-74.0988363, 4.4938109], [-74.0988149, 4.493863], [-74.098953, 4.4939766], [-74.0990362, 4.4940783], [-74.0990831, 4.4942427], [-74.0991341, 4.4943697], [-74.0991582, 4.494458], [-74.0991475, 4.4945863], [-74.0991797, 4.4946385], [-74.0992883, 4.4947668], [-74.0993741, 4.4948925], [-74.0994439, 4.4949914], [-74.0995176, 4.4951345], [-74.0994626, 4.4951358], [-74.0993312, 4.4951732], [-74.0992682, 4.4952374], [-74.0992762, 4.4953537], [-74.0993071, 4.4955021], [-74.0992762, 4.4956733], [-74.0991931, 4.4956973], [-74.0991274, 4.4959808], [-74.0990898, 4.4962081], [-74.0991327, 4.496438], [-74.0992266, 4.4967241], [-74.0992266, 4.4969488], [-74.09913, 4.4970878], [-74.0989101, 4.4971734], [-74.0986902, 4.4970718], [-74.0985185, 4.4967723], [-74.0984058, 4.496553], [-74.0981644, 4.4962642], [-74.0978265, 4.4960048], [-74.0976146, 4.4960155], [-74.097518, 4.4961519], [-74.0973571, 4.4963819], [-74.0972552, 4.4964273], [-74.0971613, 4.4964995], [-74.0970916, 4.4966412], [-74.0971345, 4.4967937], [-74.0972927, 4.4970423], [-74.0972766, 4.4973579], [-74.0973799, 4.497664], [-74.0976065, 4.4982964], [-74.097864, 4.498636], [-74.0981939, 4.4989542], [-74.0981644, 4.4991093], [-74.0980008, 4.4992029], [-74.0977997, 4.4992858], [-74.0975207, 4.4994997], [-74.0972149, 4.4990879], [-74.0969789, 4.4988687], [-74.0964747, 4.4987777], [-74.0960509, 4.4986761], [-74.0956861, 4.4987082], [-74.0954554, 4.4988098], [-74.0949404, 4.4988526], [-74.0946561, 4.4989649], [-74.0942645, 4.4987884], [-74.0945059, 4.4991788], [-74.0946615, 4.4993607], [-74.0945596, 4.4995799], [-74.0945596, 4.4998045], [-74.0945005, 4.5000158], [-74.0944898, 4.5001013], [-74.0944845, 4.500457], [-74.0944737, 4.5006415], [-74.0939775, 4.5009757], [-74.0938032, 4.5011362], [-74.0936933, 4.5012375], [-74.0937334, 4.5014249], [-74.0938568, 4.5017378], [-74.0941197, 4.5020292], [-74.0943557, 4.5020613], [-74.0945113, 4.5023394], [-74.0945998, 4.5024116], [-74.0948948, 4.5023902], [-74.0952167, 4.5023635], [-74.0955788, 4.5023421], [-74.0964103, 4.5022672], [-74.096716, 4.502171], [-74.096885, 4.5025854], [-74.0969789, 4.5028635], [-74.0971452, 4.5031389], [-74.0973893, 4.5032138], [-74.0976441, 4.503155], [-74.0979579, 4.5029731], [-74.0981215, 4.5029678], [-74.098312, 4.5029812], [-74.0983522, 4.5033127], [-74.0985614, 4.5036283], [-74.0986335, 4.5038557], [-74.0986902, 4.5040347], [-74.0985614, 4.5041203], [-74.098379, 4.5042433], [-74.0980893, 4.5044197], [-74.0980464, 4.504516], [-74.0981752, 4.504746], [-74.0980464, 4.5048823], [-74.0981618, 4.5052981], [-74.0982583, 4.505762], [-74.0981497, 4.5058342], [-74.0981403, 4.5059385], [-74.0981242, 4.5061511], [-74.0980826, 4.5063303], [-74.098029, 4.5064947], [-74.0979847, 4.5066083], [-74.0982959, 4.5072782], [-74.0985091, 4.507714], [-74.0983281, 4.507825], [-74.098312, 4.5078731], [-74.0983576, 4.5079881], [-74.0983656, 4.5081017], [-74.0983441, 4.5081833], [-74.0982315, 4.5084092], [-74.0981591, 4.5087381], [-74.0980598, 4.5087903], [-74.0979727, 4.5088611], [-74.0978707, 4.5089654], [-74.0977407, 4.5090643], [-74.0976334, 4.5091071], [-74.0974805, 4.5091272], [-74.0973558, 4.5091285], [-74.0973517, 4.5091098], [-74.097345, 4.5088344], [-74.0968823, 4.5087542], [-74.0962735, 4.5086793], [-74.0960334, 4.5086405], [-74.0959583, 4.508694], [-74.0960267, 4.5094668], [-74.095957, 4.5094841], [-74.0962292, 4.5094654], [-74.0963553, 4.5094734], [-74.0965397, 4.5094728], [-74.0966926, 4.5094774], [-74.0968066, 4.5094922], [-74.0969916, 4.5095095], [-74.0972652, 4.509531], [-74.0972927, 4.5098398], [-74.0973001, 4.5101386], [-74.0972726, 4.5104241], [-74.0974644, 4.5106058], [-74.0977608, 4.5108853], [-74.0975945, 4.5110417], [-74.097561, 4.5111553], [-74.0979284, 4.5112034], [-74.0981229, 4.5115336], [-74.0982717, 4.5116754], [-74.0986191, 4.5118652], [-74.0988981, 4.5120845], [-74.0992038, 4.5121379], [-74.0992816, 4.5123064], [-74.0992145, 4.5123573], [-74.0991086, 4.5123746], [-74.0990241, 4.5123666], [-74.0989544, 4.5124134], [-74.0988162, 4.5124133], [-74.0986674, 4.5124268], [-74.0985641, 4.5124227], [-74.0984273, 4.5124428], [-74.0981711, 4.5124602], [-74.0981725, 4.5125604], [-74.0981805, 4.5127182], [-74.0981752, 4.5129081], [-74.0981886, 4.5130578], [-74.0982087, 4.5132222], [-74.0982207, 4.513384], [-74.0984166, 4.5134428], [-74.0985815, 4.513507], [-74.0987947, 4.5135365], [-74.0988886, 4.5136981], [-74.0987813, 4.5138707], [-74.0987358, 4.5140003], [-74.0989624, 4.5140418], [-74.0991367, 4.5140632], [-74.0993151, 4.5140324], [-74.0995257, 4.5140324], [-74.0996517, 4.5139977], [-74.0998489, 4.5140084], [-74.0999481, 4.5140792], [-74.1000165, 4.5141474], [-74.1001144, 4.5142504], [-74.1004483, 4.5142209], [-74.1006482, 4.5142156], [-74.1008279, 4.5141835], [-74.1009982, 4.514122], [-74.1012047, 4.514003], [-74.1012611, 4.5139402], [-74.1014005, 4.5138025], [-74.1014354, 4.5135578], [-74.1016084, 4.5134696], [-74.1018659, 4.51338], [-74.1020134, 4.5132811], [-74.1021743, 4.5131674], [-74.102295, 4.5131059], [-74.1024573, 4.5130926], [-74.1026612, 4.5129856], [-74.1028167, 4.5128693], [-74.1030112, 4.5127316], [-74.1032083, 4.5126313], [-74.1034846, 4.5126233], [-74.1037112, 4.5125805], [-74.1039285, 4.5124776], [-74.1040854, 4.5123506], [-74.1043107, 4.5121834], [-74.1045347, 4.5121661], [-74.104764, 4.5121179], [-74.1049223, 4.5120765], [-74.105051, 4.5119949], [-74.1051731, 4.5119013], [-74.1053192, 4.5117556], [-74.105515, 4.5117503], [-74.1056921, 4.5118626], [-74.1057034, 4.5123401], [-74.1056854, 4.5139121], [-74.1055834, 4.5143586], [-74.1054976, 4.514356], [-74.1052482, 4.5143346], [-74.1050792, 4.5142945], [-74.1050309, 4.5142303], [-74.1048405, 4.5140832], [-74.1046688, 4.5140003], [-74.1045052, 4.5139362], [-74.1043308, 4.513979], [-74.1042396, 4.5140084], [-74.1043255, 4.5141608], [-74.1043711, 4.5142704], [-74.1042611, 4.5144121], [-74.1040304, 4.5145405], [-74.1038641, 4.5146314], [-74.1037139, 4.5145378], [-74.1036335, 4.5146661], [-74.1035181, 4.5147196], [-74.1033331, 4.514626], [-74.1031668, 4.5146474], [-74.1030514, 4.5148319], [-74.1030192, 4.5149469], [-74.1030273, 4.5151207], [-74.1030031, 4.5152143], [-74.102971, 4.5153132], [-74.102912, 4.5154576], [-74.1029361, 4.515709], [-74.1028261, 4.5157945], [-74.1028342, 4.5159229], [-74.1029468, 4.5160592], [-74.1030327, 4.5161528], [-74.1032338, 4.5162865], [-74.1034162, 4.5163748], [-74.1035771, 4.5164202], [-74.1038132, 4.5164416], [-74.1036952, 4.5165512], [-74.1037273, 4.5168026], [-74.1037622, 4.5169897], [-74.1038722, 4.5171956], [-74.1040251, 4.517316], [-74.1042906, 4.517455], [-74.1044301, 4.5175646], [-74.1046447, 4.5176128], [-74.1049719, 4.5174363], [-74.1052133, 4.5174256], [-74.1053367, 4.5176449], [-74.1057175, 4.5176983], [-74.1059268, 4.5177144], [-74.1061789, 4.5175967], [-74.1063452, 4.5175058], [-74.1066456, 4.5173882], [-74.106828, 4.517447], [-74.1070533, 4.5171956], [-74.1071069, 4.5169176], [-74.1073, 4.5166234], [-74.1073671, 4.5164363], [-74.1075119, 4.516217], [-74.1076031, 4.5161047], [-74.1077855, 4.516086], [-74.1079599, 4.516094], [-74.1080403, 4.5160325], [-74.1081557, 4.5158828], [-74.1082227, 4.5157812], [-74.10833, 4.5157437], [-74.1083998, 4.5157999], [-74.1084695, 4.515848], [-74.1085607, 4.5158106], [-74.108727, 4.5157598], [-74.108794, 4.5158079], [-74.1088799, 4.5159683], [-74.1087833, 4.515987], [-74.1086412, 4.5161769], [-74.1085902, 4.5163534], [-74.1085982, 4.5165566], [-74.1085929, 4.5166368], [-74.1085258, 4.5166876], [-74.1083246, 4.5168587], [-74.1082442, 4.5168908], [-74.1081262, 4.5169416], [-74.1080993, 4.5171047], [-74.1078553, 4.5171662], [-74.1079116, 4.5172732], [-74.1079545, 4.5174416], [-74.107917, 4.5175379], [-74.1078606, 4.5176128], [-74.1078311, 4.5178186], [-74.1079679, 4.5180112], [-74.108102, 4.5181983], [-74.1081262, 4.5183614], [-74.1082871, 4.5184925], [-74.1085205, 4.5185352], [-74.1087806, 4.5184577], [-74.1089362, 4.5184336], [-74.1088477, 4.5186101], [-74.1087109, 4.5187866], [-74.1084936, 4.5188615], [-74.1083139, 4.5188882], [-74.1081476, 4.5188053], [-74.107933, 4.5186235], [-74.1077668, 4.5185861], [-74.1075897, 4.5186796], [-74.1072947, 4.518701], [-74.1071498, 4.5187812], [-74.1070882, 4.5189283], [-74.1071874, 4.5190861], [-74.1072598, 4.5192198], [-74.1070747, 4.5193294], [-74.107064, 4.5195032], [-74.1071767, 4.5195754], [-74.1073349, 4.5194871], [-74.1075173, 4.5195192], [-74.1075012, 4.5195807], [-74.1074047, 4.5196182], [-74.1073, 4.5196583], [-74.1072223, 4.5197626], [-74.1072813, 4.5198722], [-74.1073698, 4.5199551], [-74.1075012, 4.5200727], [-74.1074985, 4.5202572], [-74.1074529, 4.520316], [-74.1072223, 4.5201422], [-74.1070104, 4.5201155], [-74.1069245, 4.520308], [-74.1067904, 4.5204257], [-74.1066027, 4.5203107], [-74.1063935, 4.5202064], [-74.1061869, 4.5202358], [-74.1060823, 4.5204043], [-74.1061601, 4.5205594], [-74.1062862, 4.5207786], [-74.1064337, 4.5207893], [-74.1066751, 4.5209257], [-74.1068199, 4.5210727], [-74.1069433, 4.5212011], [-74.1069326, 4.5213], [-74.1068736, 4.521415], [-74.1066912, 4.521546], [-74.1065758, 4.5215487], [-74.1062781, 4.5216851], [-74.1060045, 4.5217171], [-74.1058999, 4.5218268], [-74.1059884, 4.5219899], [-74.106203, 4.5221396], [-74.1064096, 4.5223669], [-74.1065866, 4.5224845], [-74.1066992, 4.5226423], [-74.1067663, 4.5228215], [-74.1069326, 4.523022], [-74.1070747, 4.5230915], [-74.107241, 4.5230728], [-74.1074368, 4.5233589], [-74.1076487, 4.5235701], [-74.1077104, 4.5237413], [-74.1076595, 4.5239632], [-74.1077185, 4.5241611], [-74.1078553, 4.5244124], [-74.1079786, 4.5246397], [-74.1081423, 4.524752], [-74.1083407, 4.5248108], [-74.1085124, 4.5248161], [-74.1086036, 4.5246129], [-74.1087163, 4.5247092], [-74.1088235, 4.5249712], [-74.108963, 4.5251049], [-74.1093063, 4.5250194], [-74.1095102, 4.5249178], [-74.1095799, 4.5246985], [-74.1096389, 4.5246183], [-74.1097999, 4.5248322], [-74.1099769, 4.5249285], [-74.1102076, 4.5249391], [-74.1102934, 4.5249124], [-74.1106206, 4.5249231], [-74.1104436, 4.52526], [-74.1103256, 4.5254204], [-74.1100305, 4.5255381], [-74.1096819, 4.5255113], [-74.1094405, 4.5254953], [-74.109301, 4.5256023], [-74.1094834, 4.5259178], [-74.1096389, 4.5261156], [-74.109816, 4.5261691], [-74.1099018, 4.5265916], [-74.1095424, 4.5267306], [-74.109183, 4.5267199], [-74.109022, 4.5265969], [-74.1088879, 4.5264525], [-74.1087216, 4.5264044], [-74.1085178, 4.5266344], [-74.1085982, 4.5268483], [-74.1086197, 4.5270996], [-74.1085178, 4.5272119], [-74.1085929, 4.5275649], [-74.108668, 4.5276718], [-74.1088826, 4.5278162], [-74.1090006, 4.5280408], [-74.1090381, 4.528244], [-74.1090435, 4.5283991], [-74.109124, 4.5286397], [-74.1092956, 4.5288697], [-74.1094887, 4.5290301], [-74.1095209, 4.5292146], [-74.1095987, 4.5294178], [-74.1097409, 4.5296451], [-74.1097114, 4.5298964], [-74.1098213, 4.5300248], [-74.110052, 4.5301558], [-74.1102344, 4.5302146], [-74.1103765, 4.5302815], [-74.1105026, 4.530367], [-74.1105804, 4.5304285], [-74.1106609, 4.5304927], [-74.1107467, 4.5305863], [-74.1108111, 4.5306799], [-74.1109076, 4.5307146], [-74.1109934, 4.53072], [-74.1111168, 4.5308537], [-74.1111893, 4.5310248], [-74.1112107, 4.5312227], [-74.1111785, 4.5314419], [-74.1110712, 4.5316745], [-74.1109934, 4.5317628], [-74.1108137, 4.5318617], [-74.1107118, 4.5318697], [-74.1105402, 4.5317975], [-74.110406, 4.5317414], [-74.1102102, 4.531712], [-74.1100493, 4.5317761], [-74.1098347, 4.5318056], [-74.1097516, 4.531859], [-74.1095477, 4.5320382], [-74.1094002, 4.5321558], [-74.1092929, 4.5322173], [-74.1092822, 4.5323403], [-74.1092473, 4.5323911], [-74.1090649, 4.5324072], [-74.1089362, 4.5323537], [-74.1088825, 4.5324259], [-74.1088048, 4.532581], [-74.1087136, 4.5326505], [-74.108507, 4.5326558], [-74.1083059, 4.532589], [-74.1081825, 4.5325435], [-74.1080913, 4.5324366], [-74.1079438, 4.5322949], [-74.1078177, 4.5321585], [-74.107748, 4.5321184], [-74.1076782, 4.5320569], [-74.1075629, 4.5319446], [-74.1074154, 4.5319179], [-74.1072544, 4.5318777], [-74.1071257, 4.5319794], [-74.107005, 4.5321171], [-74.106891, 4.5321117], [-74.1067582, 4.5321558], [-74.1065839, 4.5321211], [-74.1064847, 4.5320221], [-74.1064645, 4.5319285], [-74.1066134, 4.5318256], [-74.1067475, 4.5316933], [-74.1068454, 4.5316157], [-74.1069742, 4.5313777], [-74.1068682, 4.5313055], [-74.1065893, 4.5311104], [-74.1064833, 4.5310636], [-74.106372, 4.5310061], [-74.1062379, 4.5310943], [-74.1060743, 4.5310114], [-74.1059563, 4.5309526], [-74.1058034, 4.5309045], [-74.105731, 4.5307628], [-74.1056746, 4.5306237], [-74.1056049, 4.5305301], [-74.1055003, 4.5305034], [-74.1053394, 4.5304526], [-74.1052401, 4.5303991], [-74.1051891, 4.5303644], [-74.1051114, 4.530228], [-74.1049746, 4.5300702], [-74.1049451, 4.5299499], [-74.1047975, 4.5298751], [-74.1045749, 4.5299339], [-74.1045991, 4.5301451], [-74.1044623, 4.5300756], [-74.1043362, 4.5301077], [-74.1043711, 4.5301959], [-74.1044006, 4.5304285], [-74.1044167, 4.530589], [-74.104532, 4.5306692], [-74.1046527, 4.5307066], [-74.1047922, 4.5307815], [-74.1048726, 4.5308243], [-74.1047868, 4.5309071], [-74.1047841, 4.5310061], [-74.1048941, 4.5310916], [-74.1049933, 4.5311344], [-74.1050577, 4.531105], [-74.1050953, 4.53122], [-74.1051918, 4.5312895], [-74.1052294, 4.5313884], [-74.1052026, 4.5315195], [-74.1052026, 4.5316638], [-74.1052428, 4.5317735], [-74.1054037, 4.5318483], [-74.105503, 4.5318697], [-74.1056317, 4.531974], [-74.1057202, 4.5320141], [-74.1058007, 4.532105], [-74.1060233, 4.5322574], [-74.1060689, 4.5324312], [-74.1060609, 4.5325462], [-74.1059133, 4.5326532], [-74.1057631, 4.5325917], [-74.1056639, 4.5325034], [-74.1054788, 4.5325195], [-74.105452, 4.5326451], [-74.1054761, 4.532728], [-74.1054198, 4.532851], [-74.105342, 4.5330168], [-74.105283, 4.5330783], [-74.1051409, 4.5330756], [-74.1051033, 4.5330302], [-74.1050229, 4.5329098], [-74.104929, 4.5328002], [-74.1047788, 4.5328243], [-74.1046473, 4.5328617], [-74.1045588, 4.5329098], [-74.1044247, 4.5329205], [-74.1043308, 4.5328697], [-74.1042638, 4.532827], [-74.1042665, 4.5327655], [-74.1043577, 4.5326959], [-74.1044891, 4.5325943], [-74.1044676, 4.5325195], [-74.1043147, 4.5323751], [-74.1041699, 4.5323136], [-74.1039822, 4.5323697], [-74.1038454, 4.5323965], [-74.10373, 4.5324927], [-74.1036791, 4.5326505], [-74.1037944, 4.5327895], [-74.1036925, 4.5329018], [-74.103671, 4.5330034], [-74.1036898, 4.5331612], [-74.1037381, 4.5333724], [-74.1037488, 4.5335997], [-74.1037729, 4.5337387], [-74.1038212, 4.5338992], [-74.1037998, 4.534081], [-74.1037998, 4.5341826], [-74.1039151, 4.5342788], [-74.1040143, 4.5343323], [-74.1041136, 4.5344607], [-74.1042531, 4.5349072], [-74.1043644, 4.5353524], [-74.1043751, 4.5354567], [-74.1044435, 4.5356091], [-74.1045561, 4.5356104], [-74.1046205, 4.5355141], [-74.1046527, 4.5354179], [-74.1046849, 4.5353163], [-74.1047815, 4.5352013], [-74.1049236, 4.5350756], [-74.1050792, 4.5349767], [-74.1052347, 4.5348484], [-74.1053313, 4.5347815], [-74.1054413, 4.5346425], [-74.1055271, 4.5345516], [-74.105511, 4.5347681], [-74.1054332, 4.5348564], [-74.1053662, 4.5350061], [-74.1054064, 4.5351264], [-74.1055244, 4.5351104], [-74.1057873, 4.535105], [-74.105975, 4.5349286], [-74.1060609, 4.5347307], [-74.1059858, 4.5346184], [-74.1058785, 4.5344633], [-74.1058946, 4.5343243], [-74.1060984, 4.534212], [-74.106136, 4.5343671], [-74.1062003, 4.5344633], [-74.1063237, 4.5344794], [-74.1064847, 4.534228], [-74.1065222, 4.5340676], [-74.1065544, 4.534351], [-74.1066027, 4.534581], [-74.1067261, 4.5348591], [-74.1067904, 4.5351746], [-74.1069031, 4.5353537], [-74.1069621, 4.5355569], [-74.1069648, 4.5357067], [-74.1069862, 4.5358778], [-74.1070023, 4.5360115], [-74.1071203, 4.5360409], [-74.1072384, 4.5360516], [-74.107292, 4.5360676], [-74.1074422, 4.5360008], [-74.1075388, 4.5358778], [-74.1076139, 4.5358056], [-74.1076943, 4.5358644], [-74.1077694, 4.5359928], [-74.1078177, 4.5361879], [-74.1077963, 4.536343], [-74.1077641, 4.5364072], [-74.1076541, 4.5365863], [-74.1075897, 4.5367735], [-74.1076434, 4.5369446], [-74.1076863, 4.5370649], [-74.1078231, 4.5370997], [-74.1079411, 4.5371559], [-74.1080698, 4.5372013], [-74.1081664, 4.5372922], [-74.1081691, 4.5373671], [-74.1081288, 4.537442], [-74.1078579, 4.537474], [-74.107748, 4.5375061], [-74.10763, 4.5375329], [-74.1073054, 4.5375462], [-74.1070855, 4.5375623], [-74.1068816, 4.537712], [-74.1069031, 4.5378056], [-74.1070506, 4.5379099], [-74.1071177, 4.537851], [-74.107351, 4.5377815], [-74.1075522, 4.5377655], [-74.1077185, 4.5378056], [-74.1079411, 4.5377762], [-74.108035, 4.537704], [-74.108094, 4.5376585], [-74.1081986, 4.5376772], [-74.1082254, 4.5377093], [-74.1082388, 4.5378297], [-74.1082281, 4.5379366], [-74.1082227, 4.5380649], [-74.1081664, 4.5382307], [-74.1081718, 4.5383083], [-74.108271, 4.5384099], [-74.1083863, 4.5384821], [-74.1084775, 4.538474], [-74.1086385, 4.5384526], [-74.108735, 4.5384099], [-74.1088745, 4.5383323], [-74.1090301, 4.5382281], [-74.1091186, 4.5381772], [-74.1092715, 4.5381906], [-74.1094136, 4.5381238], [-74.1095021, 4.5381559], [-74.1095719, 4.5382682], [-74.1095531, 4.5383617], [-74.109529, 4.5385222], [-74.109529, 4.5386371], [-74.1094914, 4.5387655], [-74.1094485, 4.5389393], [-74.1093519, 4.5390543], [-74.1092098, 4.539089], [-74.1091159, 4.5391505], [-74.1090301, 4.5392361], [-74.1089684, 4.539327], [-74.108955, 4.5393751], [-74.108794, 4.5393591], [-74.1086948, 4.539335], [-74.1085392, 4.5393056], [-74.1084909, 4.5393056], [-74.1083126, 4.5393083], [-74.10822, 4.5393818], [-74.1081356, 4.5394112], [-74.1080698, 4.5394767], [-74.108043, 4.5396518], [-74.1079075, 4.5396529], [-74.107816, 4.5396597], [-74.1077226, 4.5396584], [-74.1076304, 4.5396544], [-74.107547, 4.5396408], [-74.1074717, 4.5396099], [-74.1073664, 4.5395449], [-74.1072415, 4.5394498], [-74.1071706, 4.5394152], [-74.1070983, 4.5393726], [-74.1070159, 4.5393083], [-74.1069105, 4.5392252], [-74.1068059, 4.5391462], [-74.1067453, 4.5391032], [-74.1066695, 4.5390597], [-74.1065935, 4.5390263], [-74.1065461, 4.53901], [-74.106517, 4.5389944], [-74.1064667, 4.5389409], [-74.1064236, 4.5388778], [-74.1063848, 4.5388094], [-74.1063579, 4.5387407], [-74.1063158, 4.5386489], [-74.106271, 4.5385765], [-74.1062229, 4.5385055], [-74.1061682, 4.5384526], [-74.1061165, 4.5384067], [-74.1060602, 4.5383497], [-74.1059625, 4.5382465], [-74.1058912, 4.5381993], [-74.105832, 4.5381595], [-74.105796, 4.5381237], [-74.1057717, 4.5380593], [-74.1057672, 4.5380207], [-74.1057674, 4.5379737], [-74.1057832, 4.537797], [-74.105788, 4.5376022], [-74.1057928, 4.5374245], [-74.1057802, 4.5374006], [-74.1057541, 4.5373878], [-74.1057336, 4.5373711], [-74.1055834, 4.5374353], [-74.1054225, 4.5375075], [-74.1052884, 4.5375462], [-74.1051489, 4.5375556], [-74.1049911, 4.5375483], [-74.1049115, 4.5375502], [-74.1047774, 4.537446], [-74.1047492, 4.5374276], [-74.1045749, 4.5373136], [-74.1043952, 4.5371652], [-74.1042531, 4.5370248], [-74.1041565, 4.5369486], [-74.1041364, 4.5367775], [-74.1041096, 4.5366679], [-74.104064, 4.5366184], [-74.1039942, 4.5365476], [-74.1039285, 4.5364794], [-74.1038695, 4.5364059], [-74.1038132, 4.5362855], [-74.103777, 4.5361599], [-74.103724, 4.5360392], [-74.1036616, 4.535962], [-74.1036026, 4.5359232], [-74.1035249, 4.5359078], [-74.1034451, 4.5359595], [-74.1034055, 4.5360248], [-74.1034082, 4.5360756], [-74.1034336, 4.5361238], [-74.1035047, 4.5361893], [-74.1034725, 4.5363123], [-74.1034631, 4.5363858], [-74.1034256, 4.536466], [-74.1033062, 4.536581], [-74.1032593, 4.5366438], [-74.1029213, 4.5365716], [-74.1028718, 4.5365667], [-74.1025485, 4.5365346], [-74.102291, 4.5366264], [-74.1019298, 4.5367622], [-74.10169, 4.5371182], [-74.1010827, 4.53695], [-74.1008247, 4.5366802], [-74.1005436, 4.5365944], [-74.1003238, 4.5362649], [-74.0998682, 4.5354338], [-74.0990362, 4.5347414], [-74.0985507, 4.5342334], [-74.0980847, 4.5337002], [-74.0977594, 4.5332227], [-74.0975309, 4.5327239], [-74.0974242, 4.5327253], [-74.0973544, 4.5327922], [-74.097282, 4.5328564], [-74.0971264, 4.5328938], [-74.0970299, 4.5328056], [-74.0969253, 4.5328056], [-74.0968823, 4.5329312], [-74.0968716, 4.5331558], [-74.096877, 4.5332895], [-74.0967107, 4.5333377], [-74.0966061, 4.5334205], [-74.0966785, 4.5337655], [-74.09674, 4.534104], [-74.0970057, 4.5345516], [-74.0971988, 4.5350542], [-74.0974181, 4.5355329], [-74.0977085, 4.5360141], [-74.0977272, 4.5363457], [-74.0983282, 4.5372892], [-74.0986446, 4.5376104], [-74.0990073, 4.5378824], [-74.0996531, 4.5389633], [-74.10005, 4.539712], [-74.1002405, 4.5401799], [-74.1003048, 4.5406559], [-74.1008708, 4.5410462], [-74.1012543, 4.541319], [-74.1013938, 4.5417361], [-74.101882, 4.5423002], [-74.1021402, 4.5429144], [-74.1022336, 4.5432724], [-74.1024277, 4.5435639], [-74.1026275, 4.5438135], [-74.1027978, 4.5440736], [-74.103081, 4.5442498], [-74.1032841, 4.5444457], [-74.103416, 4.5447466], [-74.1036227, 4.5451264], [-74.1036671, 4.5454524], [-74.1032507, 4.5455281], [-74.1023722, 4.5460203], [-74.1022803, 4.5459165], [-74.1021502, 4.5459152], [-74.1021274, 4.5460034], [-74.1021006, 4.5460368], [-74.1020483, 4.5460449], [-74.1019437, 4.545962], [-74.101819, 4.5460315], [-74.1017814, 4.5460622], [-74.1017063, 4.5460261], [-74.1016687, 4.5459553], [-74.1015467, 4.5459339], [-74.1014427, 4.5458675], [-74.1012664, 4.5456852], [-74.1009352, 4.5455074], [-74.1007139, 4.5454647], [-74.1006495, 4.5453403], [-74.1004388, 4.545353], [-74.1002633, 4.5452802], [-74.1002297, 4.5450917], [-74.1000339, 4.5449687], [-74.0999562, 4.5449553], [-74.0997429, 4.5448082], [-74.0997681, 4.5446697], [-74.0995994, 4.5444687], [-74.0995404, 4.5442975], [-74.0995002, 4.5440997], [-74.0993634, 4.5438938], [-74.0992745, 4.5436437], [-74.0988216, 4.5433751], [-74.0987277, 4.5433029], [-74.0985748, 4.5431558], [-74.0984836, 4.5430034], [-74.0984568, 4.542851], [-74.0984085, 4.5425489], [-74.0984145, 4.5423297], [-74.0982489, 4.5421465], [-74.0981926, 4.5419901], [-74.0981591, 4.5419647], [-74.098151, 4.5418724], [-74.0980451, 4.5417173], [-74.0978533, 4.5415329], [-74.09777, 4.5414882], [-74.0977742, 4.5414018], [-74.0977769, 4.5413537], [-74.0977956, 4.5413176], [-74.0978332, 4.5412187], [-74.0978868, 4.5412441], [-74.0979405, 4.5412454], [-74.0980397, 4.5411505], [-74.09832, 4.5408738], [-74.0987863, 4.5404047], [-74.0986593, 4.5401772], [-74.0985493, 4.5400115], [-74.0983965, 4.5397829], [-74.0982503, 4.5395543], [-74.0980504, 4.5393323], [-74.097915, 4.5391719], [-74.0976848, 4.5394184], [-74.0975207, 4.5396117], [-74.0974094, 4.5397374], [-74.09729, 4.5398069], [-74.0971546, 4.5398484], [-74.0970983, 4.5398751], [-74.0970607, 4.5399085], [-74.0970419, 4.5399526], [-74.0970513, 4.5401799], [-74.0968817, 4.5401048], [-74.0968475, 4.539974], [-74.096771, 4.5399045], [-74.0967415, 4.5397735], [-74.0967456, 4.5396505], [-74.0966758, 4.5395409], [-74.0965779, 4.5394179], [-74.096586, 4.53922], [-74.0964103, 4.5391385], [-74.0962413, 4.5390984], [-74.0961997, 4.538974], [-74.0961219, 4.5389192], [-74.0960938, 4.5388363], [-74.0959986, 4.5386371], [-74.0957384, 4.5383163], [-74.0956749, 4.5380259], [-74.0955882, 4.5377976], [-74.0955077, 4.5376291], [-74.0955466, 4.5373564], [-74.0956378, 4.5370168], [-74.0955976, 4.5367789], [-74.0954755, 4.5365128], [-74.0953548, 4.5361719], [-74.0952154, 4.5359206], [-74.09514, 4.5355449], [-74.0949029, 4.5351264], [-74.0949994, 4.535073], [-74.0950906, 4.5349393], [-74.095096, 4.5347548], [-74.0950853, 4.5345997], [-74.0950311, 4.5341404], [-74.0950236, 4.5339687], [-74.0951309, 4.5338804], [-74.0952408, 4.5337387], [-74.0952194, 4.533605], [-74.0951631, 4.5333403], [-74.095155, 4.5332227], [-74.0952221, 4.5331532], [-74.0952247, 4.5330997], [-74.095147, 4.5328858], [-74.0950799, 4.5325141], [-74.0950316, 4.5321184], [-74.094978, 4.5317013], [-74.094838, 4.5313862], [-74.094758, 4.5306906], [-74.0945596, 4.5300756], [-74.0944286, 4.5294278], [-74.0940741, 4.5287413], [-74.0938917, 4.5284365], [-74.0938468, 4.5282498], [-74.0939292, 4.5280702], [-74.0940875, 4.52799], [-74.094353, 4.5279713], [-74.0945274, 4.5278536], [-74.0945864, 4.5277039], [-74.0945622, 4.5274205], [-74.0944657, 4.5272627], [-74.094412, 4.5270622], [-74.0944523, 4.5265087], [-74.0944362, 4.5260809], [-74.094465, 4.5256793], [-74.0945649, 4.525498], [-74.0945998, 4.5252974], [-74.0943906, 4.5252654], [-74.094345, 4.5251905], [-74.0941948, 4.5250327], [-74.0941653, 4.5248295], [-74.0940714, 4.5245702], [-74.0938545, 4.5244853], [-74.0937227, 4.5244338], [-74.093602, 4.5243295], [-74.0935323, 4.5241129], [-74.0935645, 4.5238643], [-74.0936058, 4.5234089], [-74.093653, 4.5229605], [-74.0937763, 4.5227733], [-74.093838, 4.5225862], [-74.093779, 4.522145], [-74.0937776, 4.5216999], [-74.0939775, 4.5202385], [-74.0939266, 4.5200487], [-74.0938219, 4.5198962], [-74.0937334, 4.5198347], [-74.0939346, 4.5192305], [-74.0940151, 4.5185246], [-74.0940258, 4.5181342], [-74.0940794, 4.5178962], [-74.0941036, 4.5177545], [-74.0941385, 4.5175245], [-74.0942726, 4.5172999], [-74.0944643, 4.5172705], [-74.094581, 4.5172625], [-74.0947178, 4.5172625], [-74.0948331, 4.5172692], [-74.0949404, 4.5172772], [-74.0950745, 4.5172852], [-74.0951872, 4.5173066], [-74.0952314, 4.5172652], [-74.0952395, 4.5171448], [-74.0952583, 4.5170218], [-74.0952408, 4.5169349], [-74.0952314, 4.5167745], [-74.0952127, 4.5166114], [-74.0952073, 4.5164429], [-74.0952113, 4.5163253], [-74.09521, 4.5162384], [-74.0952086, 4.5160993], [-74.0951791, 4.5159576], [-74.0951188, 4.5158386], [-74.0950584, 4.5157985], [-74.0949203, 4.5157959], [-74.094817, 4.5157892], [-74.0948734, 4.5157063], [-74.0949364, 4.5156488], [-74.0949941, 4.5154844], [-74.0950128, 4.5152544], [-74.0950115, 4.5151581], [-74.0949672, 4.515122], [-74.0949069, 4.5151033], [-74.0948586, 4.514991], [-74.0948144, 4.5149162], [-74.0947942, 4.5146956], [-74.094754, 4.51463], [-74.0946507, 4.5145806], [-74.0945475, 4.5145164], [-74.0944898, 4.5145004], [-74.0944764, 4.5143734], [-74.0945421, 4.5143078], [-74.0945596, 4.5141528], [-74.0945448, 4.5140739], [-74.0945528, 4.513991], [-74.0945743, 4.5138787], [-74.094585, 4.5138212], [-74.0945622, 4.513737], [-74.0944429, 4.5137249], [-74.094357, 4.5137142], [-74.0943503, 4.5136233], [-74.0943839, 4.5135752], [-74.094467, 4.5135338], [-74.0944697, 4.5134161], [-74.0944965, 4.5133452], [-74.0944657, 4.5132343], [-74.0944429, 4.5131019], [-74.0944, 4.513019], [-74.0943155, 4.5129936], [-74.0942068, 4.5130043], [-74.0940754, 4.5130123], [-74.0939708, 4.5129642], [-74.0939266, 4.5128827], [-74.0939708, 4.5127583], [-74.0940446, 4.512654], [-74.0941076, 4.5125645], [-74.0941961, 4.5125123], [-74.0943047, 4.5124107], [-74.0943638, 4.5121179], [-74.0943316, 4.5119254], [-74.094349, 4.5117249], [-74.094298, 4.5113545], [-74.0942645, 4.5111647], [-74.0942457, 4.5110323], [-74.0942243, 4.5107703], [-74.0941438, 4.5105697], [-74.0941492, 4.5104414], [-74.0941492, 4.5103425], [-74.0941411, 4.5102582], [-74.0941384, 4.5102208], [-74.0941478, 4.510043], [-74.094172, 4.5098812], [-74.0941626, 4.5097114], [-74.0941639, 4.5096606], [-74.0941733, 4.5092702], [-74.0941653, 4.5090617], [-74.0942618, 4.5088584], [-74.0942806, 4.5086713], [-74.0943289, 4.5086151], [-74.0944818, 4.5085643], [-74.0943047, 4.5082675], [-74.0944335, 4.5082167], [-74.0944147, 4.5081605], [-74.0943045, 4.5081127], [-74.0941465, 4.5078932], [-74.0940017, 4.5076284], [-74.094176, 4.5075215], [-74.094235, 4.5074439], [-74.0941438, 4.5073236], [-74.094176, 4.5071739], [-74.0941948, 4.5069573], [-74.0941116, 4.506976], [-74.0938139, 4.5070322], [-74.0935645, 4.507107], [-74.0934116, 4.5071017], [-74.093197, 4.5070696], [-74.0928778, 4.5070027], [-74.0929073, 4.5064573], [-74.0931407, 4.5063958], [-74.0931889, 4.5066124], [-74.093264, 4.5066311], [-74.0935993, 4.5065883], [-74.0937777, 4.5066097], [-74.0939762, 4.5066311], [-74.0941519, 4.5066284], [-74.0940928, 4.5061204], [-74.0940151, 4.506107], [-74.0939158, 4.5061658], [-74.0937442, 4.5061925], [-74.0936369, 4.5060348], [-74.0936047, 4.5059078], [-74.0937147, 4.5058984], [-74.0939561, 4.5058931], [-74.0939708, 4.5057607], [-74.093952, 4.5055521], [-74.0939909, 4.5054853], [-74.0941706, 4.5053837], [-74.0942806, 4.5053008], [-74.0942591, 4.5052139], [-74.0941787, 4.5049853], [-74.0941036, 4.5047821], [-74.0940553, 4.5046216], [-74.094011, 4.5044799], [-74.0939172, 4.5045521], [-74.0938421, 4.504623], [-74.0936919, 4.5046323], [-74.0935484, 4.5045976], [-74.0935135, 4.5045427], [-74.0934853, 4.5044184], [-74.0934961, 4.5042914], [-74.0935497, 4.5041122], [-74.0936235, 4.5038943], [-74.0936919, 4.5038395], [-74.0936409, 4.5037058], [-74.0937784, 4.5037238], [-74.0940868, 4.5037733], [-74.0940171, 4.5035741], [-74.0939856, 4.503397], [-74.0939453, 4.5032579], [-74.0938488, 4.5030146], [-74.0936919, 4.502782], [-74.093594, 4.5025667], [-74.0935229, 4.5024638], [-74.0934505, 4.5023956], [-74.0933941, 4.5022926], [-74.0933619, 4.5022539], [-74.0932976, 4.5021776], [-74.09326, 4.5020426], [-74.093307, 4.501949], [-74.093378, 4.5019009], [-74.0933378, 4.5018006], [-74.093201, 4.5014102], [-74.0931051, 4.501195], [-74.0930803, 4.501195], [-74.0929556, 4.5013501], [-74.0928242, 4.5014423], [-74.0927048, 4.501449], [-74.092572, 4.5014356], [-74.0924326, 4.5013902], [-74.0923172, 4.5013781], [-74.092159, 4.5013634], [-74.0919739, 4.5014142], [-74.0918371, 4.5014303], [-74.0917647, 4.5009757], [-74.0919149, 4.5009035], [-74.0920638, 4.5007712], [-74.0921737, 4.5006776], [-74.0921858, 4.5006294], [-74.0921831, 4.5004663], [-74.0921281, 4.5003513], [-74.0919645, 4.5000171], [-74.0918049, 4.499735], [-74.0916386, 4.4996361], [-74.0914442, 4.4993954], [-74.0913189, 4.4992644], [-74.0912001, 4.4991401], [-74.0910552, 4.4988874], [-74.0908849, 4.4986226], [-74.0906838, 4.4984288], [-74.0904102, 4.4981306], [-74.0902627, 4.4979809], [-74.0900548, 4.497914], [-74.0898509, 4.4979488], [-74.0893292, 4.4980999], [-74.088428, 4.4983192], [-74.0879801, 4.4984248], [-74.0879492, 4.4983232], [-74.087901, 4.4981253], [-74.0878701, 4.4979755], [-74.0880203, 4.497906], [-74.0879224, 4.4977416], [-74.0877937, 4.4975116], [-74.0876985, 4.4973766], [-74.0876488, 4.4973793], [-74.0874839, 4.4974033], [-74.0872988, 4.497398], [-74.0870842, 4.4974007], [-74.0866765, 4.4974274], [-74.0864901, 4.4974528], [-74.0860529, 4.497517], [-74.085656, 4.4975122], [-74.0855021, 4.4975182], [-74.0854293, 4.497521], [-74.0851866, 4.4975303], [-74.0850565, 4.4975531], [-74.0852456, 4.4980798], [-74.0848084, 4.4981801], [-74.0845522, 4.4983499], [-74.0846729, 4.498497], [-74.0847413, 4.4986079], [-74.0848017, 4.4987363], [-74.08485, 4.4988686], [-74.0848781, 4.4989556], [-74.0849492, 4.4990572], [-74.0850672, 4.4991601], [-74.0852416, 4.4992978], [-74.0853113, 4.4993566], [-74.085381, 4.4994409], [-74.0854239, 4.4995425], [-74.0854776, 4.4996882], [-74.0855205, 4.4997871], [-74.0855835, 4.4999035], [-74.0856493, 4.4999917], [-74.0854132, 4.5000773], [-74.0846166, 4.500358], [-74.0834445, 4.5007885], [-74.0819237, 4.5013367], [-74.0808669, 4.5017084], [-74.0796599, 4.5021202], [-74.0800032, 4.503048], [-74.0797712, 4.5032258], [-74.0799214, 4.5035266], [-74.0802231, 4.5033916], [-74.080427, 4.5037138], [-74.0806067, 4.5036042], [-74.0808803, 4.50354], [-74.0810519, 4.5035293], [-74.0814355, 4.5034036], [-74.0816018, 4.5033368], [-74.081862, 4.5033609], [-74.0820578, 4.5033662], [-74.082216, 4.5034224], [-74.0825272, 4.5034438], [-74.0826157, 4.5034197], [-74.0828142, 4.5033849], [-74.0830609, 4.5032646], [-74.0833667, 4.5031523], [-74.0835571, 4.5030453], [-74.0838361, 4.5028983], [-74.0840882, 4.5028448], [-74.0843484, 4.50281], [-74.0846702, 4.5027726], [-74.0849331, 4.5027325], [-74.0851718, 4.5026229], [-74.0853971, 4.5024918], [-74.0853784, 4.502318], [-74.0854695, 4.5022164], [-74.0855956, 4.5021924], [-74.085727, 4.502187], [-74.0859041, 4.5021014], [-74.0860757, 4.5020747], [-74.0863198, 4.5020346], [-74.0863756, 4.5019787], [-74.0864482, 4.5020843], [-74.0865049, 4.5022512], [-74.0864995, 4.5024143], [-74.0864834, 4.502564], [-74.08647, 4.5026309], [-74.0864834, 4.5027512], [-74.0865076, 4.5028314], [-74.0865853, 4.5029197], [-74.0866524, 4.5030293], [-74.0866953, 4.5031683], [-74.086698, 4.5032833], [-74.0866926, 4.5034625], [-74.0867275, 4.5035988], [-74.0867811, 4.5037192], [-74.0868804, 4.5038315], [-74.0870655, 4.5039598], [-74.08739, 4.5040775], [-74.0878326, 4.5042138], [-74.0879211, 4.504278], [-74.0879667, 4.5043422], [-74.0879881, 4.5044224], [-74.088015, 4.5045534], [-74.0880364, 4.5048155], [-74.0880713, 4.5050481], [-74.0878648, 4.5051604], [-74.0876877, 4.5051684], [-74.0874571, 4.5052219], [-74.0869394, 4.5053984], [-74.086411, 4.505615], [-74.0859014, 4.5058022], [-74.0859067, 4.505861], [-74.0859336, 4.5060722], [-74.0859765, 4.5063022], [-74.0860623, 4.5065134], [-74.085727, 4.5067166], [-74.0855312, 4.5068156], [-74.0854025, 4.5069412], [-74.0851799, 4.5070054], [-74.0844905, 4.5071578], [-74.0839353, 4.5072407], [-74.0836135, 4.5072675], [-74.0830904, 4.5073717], [-74.0825352, 4.5074974], [-74.0827605, 4.5078022], [-74.0828973, 4.5080964], [-74.0829939, 4.5083611], [-74.083136, 4.5087943], [-74.0832219, 4.5090884], [-74.0835813, 4.5089895], [-74.0838254, 4.5088772], [-74.0841606, 4.508706], [-74.0845549, 4.5085349], [-74.0849331, 4.5084226], [-74.0852469, 4.508337], [-74.0855232, 4.5082916], [-74.08577, 4.508313], [-74.0859899, 4.508345], [-74.0860811, 4.5083798], [-74.0862742, 4.50846], [-74.0863708, 4.5084574], [-74.0871111, 4.5084039], [-74.0877146, 4.5083611], [-74.0877226, 4.5086632], [-74.0885434, 4.5086953], [-74.0885219, 4.5088023], [-74.0884441, 4.5089788], [-74.0883663, 4.5091178], [-74.0883127, 4.5092675], [-74.0882725, 4.5094627], [-74.0882349, 4.5096258], [-74.0882, 4.5098264], [-74.0881598, 4.5099521], [-74.0880927, 4.5101125], [-74.0880418, 4.5102676], [-74.0880337, 4.5104334], [-74.0880659, 4.5106232], [-74.0881518, 4.5108024], [-74.0882456, 4.5109655], [-74.0883556, 4.5111954], [-74.0884066, 4.51142], [-74.0884227, 4.5115618], [-74.0884039, 4.5116848], [-74.0883717, 4.5118559], [-74.0883422, 4.5119949], [-74.0883341, 4.512134], [-74.0883368, 4.5122329], [-74.0883529, 4.5123318], [-74.088369, 4.5124227], [-74.0884227, 4.5125056], [-74.0885782, 4.5127329], [-74.0886238, 4.5128292], [-74.0886453, 4.5129495], [-74.0886372, 4.5130591], [-74.0885702, 4.5132222], [-74.0885112, 4.5133693], [-74.0884709, 4.5134896], [-74.0884575, 4.5136902], [-74.0885004, 4.5138292], [-74.0885353, 4.5139656], [-74.088597, 4.5142196], [-74.0886319, 4.5144576], [-74.0886506, 4.5146768], [-74.0886828, 4.5148881], [-74.0887097, 4.514987], [-74.0887955, 4.5152116], [-74.0889189, 4.5155218], [-74.0890235, 4.5158453], [-74.0887499, 4.5158346], [-74.0887713, 4.5162598], [-74.0887612, 4.5162638], [-74.0886506, 4.5163079], [-74.0882537, 4.5164951], [-74.087913, 4.5166582], [-74.0878594, 4.5167224], [-74.0872613, 4.5166074], [-74.0870065, 4.5165539], [-74.0869743, 4.5166234], [-74.0869904, 4.5167357], [-74.0870547, 4.5167999], [-74.087162, 4.5167625], [-74.0870547, 4.5173935], [-74.0890047, 4.5178267], [-74.0893266, 4.5171261], [-74.0895143, 4.5171582], [-74.0896913, 4.5171796], [-74.0898174, 4.5171502], [-74.0899998, 4.5173133], [-74.0901453, 4.5174345], [-74.090429, 4.5176609], [-74.0905014, 4.5177331], [-74.0905738, 4.5178534], [-74.0906355, 4.5180058], [-74.0907347, 4.5183374], [-74.0908581, 4.5186984], [-74.0909305, 4.5189069], [-74.0909734, 4.5191208], [-74.0910512, 4.5196636], [-74.090091, 4.5194898], [-74.0893802, 4.5193561], [-74.0882725, 4.5191556], [-74.0866631, 4.5188401], [-74.0857485, 4.5186342], [-74.0848446, 4.5184524], [-74.0842599, 4.5183374], [-74.0841043, 4.5192759], [-74.0848285, 4.5194577], [-74.0856791, 4.5197101], [-74.0868026, 4.520169], [-74.0867865, 4.5203187], [-74.0872639, 4.5205808], [-74.0870494, 4.5209551], [-74.087559, 4.5212653], [-74.0875912, 4.5217573], [-74.0872157, 4.5222386], [-74.0871084, 4.5224525], [-74.0869367, 4.5226824], [-74.0868026, 4.5228856], [-74.0864486, 4.5231691], [-74.0844637, 4.5248162], [-74.0836859, 4.5265221], [-74.083124, 4.5277798], [-74.0819532, 4.5274205], [-74.0813845, 4.5270836], [-74.0810412, 4.5269231], [-74.0803653, 4.5268483], [-74.0801293, 4.5273296], [-74.08014, 4.5276504], [-74.0802527, 4.5279927], [-74.0803975, 4.5282173], [-74.0806818, 4.5284365], [-74.0810305, 4.528629], [-74.0812397, 4.5288002], [-74.0815294, 4.5291852], [-74.0819424, 4.5296398], [-74.0823233, 4.5298857], [-74.0812598, 4.5324045], [-74.0811834, 4.5325302], [-74.0813202, 4.5332601], [-74.0814543, 4.5336692], [-74.0817064, 4.5341131], [-74.0819585, 4.5344152], [-74.0831816, 4.5350462], [-74.0829322, 4.5357227], [-74.0829322, 4.5362548], [-74.0826532, 4.536589], [-74.0823233, 4.5365195], [-74.0816501, 4.5360302], [-74.0817171, 4.5357173], [-74.0814033, 4.5355355], [-74.0806443, 4.5352067], [-74.0801829, 4.5351425], [-74.0799066, 4.5351157], [-74.0799925, 4.5361906], [-74.0800622, 4.5367013], [-74.0801185, 4.5371264], [-74.0801802, 4.5376024], [-74.0800756, 4.538204], [-74.079971, 4.5388537], [-74.0800381, 4.539351], [-74.0799066, 4.5396692], [-74.0797672, 4.5400061], [-74.079625, 4.5403216], [-74.0791851, 4.5403404], [-74.0787131, 4.540351], [-74.0787023, 4.5407361], [-74.0782893, 4.5409446], [-74.0782356, 4.5415649], [-74.0789115, 4.541597], [-74.0789866, 4.5416157], [-74.0788955, 4.5417548], [-74.0789196, 4.5418778], [-74.0790537, 4.5421612], [-74.0790376, 4.5423163], [-74.0789089, 4.5425355], [-74.0788391, 4.5428163], [-74.0788659, 4.5430141], [-74.0785146, 4.5430516], [-74.0781873, 4.5431104], [-74.0782061, 4.5431906], [-74.0781525, 4.543835], [-74.0781471, 4.5446264], [-74.0780658, 4.5448009], [-74.0780582, 4.5454228], [-74.0786058, 4.5454339], [-74.0786058, 4.545605], [-74.0791342, 4.5456371], [-74.0790162, 4.5463029], [-74.0788874, 4.5463564], [-74.0780157, 4.5463403], [-74.0780506, 4.5472654], [-74.0799361, 4.54722], [-74.0799442, 4.547482], [-74.0799644, 4.5474818], [-74.0811157, 4.5474704], [-74.0811244, 4.5471371], [-74.0834686, 4.5471237], [-74.0835169, 4.5472842], [-74.0836617, 4.5476799], [-74.0837395, 4.5478697], [-74.0838522, 4.5480943], [-74.083997, 4.5483269], [-74.0841365, 4.5485194], [-74.0843377, 4.5487146], [-74.0844959, 4.5488216], [-74.0846193, 4.5488938], [-74.0845871, 4.5489232], [-74.0844959, 4.5493456], [-74.0843403, 4.5495328], [-74.0840775, 4.5495488], [-74.0836591, 4.5495809], [-74.0833908, 4.549875], [-74.0831816, 4.5503082], [-74.0829885, 4.5506504], [-74.0828168, 4.5510034], [-74.0825808, 4.5513777], [-74.0823823, 4.5512975], [-74.0822402, 4.5513991], [-74.0819022, 4.5512039], [-74.0817601, 4.5512814], [-74.0815643, 4.5516424], [-74.0819639, 4.5518991], [-74.082326, 4.5521263], [-74.0826023, 4.5522573], [-74.0829188, 4.5524846], [-74.0827981, 4.5526424], [-74.0827176, 4.5530006], [-74.0829858, 4.5531236], [-74.0828007, 4.5533322], [-74.082664, 4.5534605], [-74.0825218, 4.5535354], [-74.0822455, 4.5535862], [-74.0819746, 4.5536129], [-74.0814757, 4.5541958], [-74.081575, 4.5543495], [-74.0816112, 4.554411], [-74.0816608, 4.5545634], [-74.0816917, 4.5546851], [-74.0817627, 4.554776], [-74.0818352, 4.5549578], [-74.0821704, 4.5550808], [-74.0824896, 4.5551637], [-74.0822455, 4.5555781], [-74.0821731, 4.5556744], [-74.0819505, 4.5559444], [-74.0818271, 4.5561262], [-74.0817788, 4.5562573], [-74.0817601, 4.5563508], [-74.0818352, 4.5564284], [-74.0820658, 4.5567171], [-74.0823743, 4.5570995], [-74.0826559, 4.5574578], [-74.0827578, 4.5576102], [-74.0827096, 4.5576824], [-74.0826479, 4.5578481], [-74.0825835, 4.5580112], [-74.0825245, 4.5581476], [-74.0824467, 4.5582385], [-74.0823716, 4.5583], [-74.0822992, 4.5583374], [-74.0821463, 4.5584043], [-74.0819371, 4.5584898], [-74.0818325, 4.5585353], [-74.0816849, 4.5586476], [-74.0816072, 4.5587465], [-74.0815562, 4.5589042], [-74.0815187, 4.5590941], [-74.0815052, 4.5591609], [-74.081457, 4.5592331], [-74.0813899, 4.5592893], [-74.0813229, 4.5593107], [-74.0812719, 4.5593187], [-74.0812075, 4.559308], [-74.0810868, 4.5592304], [-74.0809903, 4.5591235], [-74.080832, 4.5589711], [-74.0806416, 4.5588401], [-74.080199, 4.5586502], [-74.0800295, 4.5585955], [-74.0798906, 4.5585803], [-74.0797682, 4.5586202], [-74.0797206, 4.5586666], [-74.0796731, 4.5587385], [-74.0796089, 4.558939], [-74.0794992, 4.5592187], [-74.0794104, 4.5594684], [-74.0793702, 4.5596716], [-74.0793729, 4.5598802], [-74.0793487, 4.5603962], [-74.0793353, 4.5606849], [-74.0793166, 4.5608454], [-74.0793005, 4.5609577], [-74.0792415, 4.5610967], [-74.0791462, 4.561284], [-74.0790951, 4.5614579], [-74.0790628, 4.5616141], [-74.0790888, 4.5618064], [-74.07911, 4.5620833], [-74.0791395, 4.5622945], [-74.0791234, 4.5625646], [-74.0791851, 4.5627116], [-74.0792468, 4.5627998], [-74.0794265, 4.5629121], [-74.0795197, 4.562977], [-74.0796108, 4.5630606], [-74.0796387, 4.5631911], [-74.0796679, 4.5634362], [-74.0796984, 4.5635948], [-74.0797926, 4.5640471], [-74.0797987, 4.5641073], [-74.0797994, 4.5641928], [-74.0797806, 4.5642597], [-74.0797585, 4.5643005], [-74.0796988, 4.5643513], [-74.079631, 4.5643867], [-74.0796022, 4.5644021], [-74.0795439, 4.5644308], [-74.0793903, 4.5644803], [-74.0792897, 4.5645137], [-74.0791851, 4.5645378], [-74.0790832, 4.5645297], [-74.0788874, 4.5644843], [-74.0787855, 4.5644843], [-74.0786675, 4.5645057], [-74.078528, 4.5645805], [-74.0784717, 4.5646928], [-74.0784583, 4.5648238], [-74.0784717, 4.5649281], [-74.0785441, 4.5650404], [-74.0787131, 4.5653051], [-74.0788257, 4.5655083], [-74.0788418, 4.5656072], [-74.0787935, 4.5656714], [-74.0787292, 4.5657142], [-74.0786299, 4.5656955], [-74.0784261, 4.5657142], [-74.0783429, 4.5657864], [-74.0783107, 4.5659227], [-74.0782973, 4.5661166], [-74.0782705, 4.5663051], [-74.0782598, 4.5664548], [-74.0782289, 4.5665537], [-74.0781927, 4.5666527], [-74.0781176, 4.5667797], [-74.0780211, 4.5668946], [-74.0779151, 4.5670283], [-74.0778735, 4.5671566], [-74.0778735, 4.5672569], [-74.0779138, 4.56742], [-74.0779516, 4.5675402], [-74.0779755, 4.5676165], [-74.0780076, 4.5677729], [-74.0780157, 4.5679454], [-74.0779902, 4.5680978], [-74.0779473, 4.56819], [-74.077895, 4.5682529], [-74.0778521, 4.5682796], [-74.0777864, 4.5682823], [-74.0777408, 4.5682742], [-74.077663, 4.5682021], [-74.0775436, 4.568063], [-74.0774564, 4.5679895], [-74.0773599, 4.5679694], [-74.0772191, 4.5680243], [-74.0771721, 4.5680978], [-74.0771306, 4.5681713], [-74.0770662, 4.5682382], [-74.0770152, 4.5682622], [-74.0769388, 4.5682649], [-74.0768851, 4.5682408], [-74.0767805, 4.5681914], [-74.0766994, 4.5681566], [-74.0765633, 4.5680764], [-74.0764962, 4.5679975], [-74.0764694, 4.567932], [-74.0763943, 4.5678318], [-74.0762977, 4.5677208], [-74.0762065, 4.5676994], [-74.07611, 4.5677047], [-74.0759973, 4.5677235], [-74.0758874, 4.5677382], [-74.0758283, 4.5677355], [-74.0757707, 4.5677128], [-74.0757157, 4.567678], [-74.0756473, 4.5675991], [-74.0755682, 4.5675417], [-74.075532, 4.5675243], [-74.0754394, 4.5674935], [-74.0753348, 4.5674935], [-74.0753228, 4.5674467], [-74.0751886, 4.5669174], [-74.0751082, 4.566527], [-74.0750277, 4.5663024], [-74.0750009, 4.5660671], [-74.0749955, 4.5655163], [-74.0749741, 4.5649923], [-74.0749794, 4.564233], [-74.0742445, 4.5644575], [-74.0739924, 4.5646019], [-74.0737188, 4.564773], [-74.0735471, 4.565019], [-74.0733755, 4.5653452], [-74.0733084, 4.5657784], [-74.0722248, 4.5657356], [-74.0721872, 4.5653666], [-74.0721631, 4.5651313], [-74.0721121, 4.5649254], [-74.0720397, 4.564388], [-74.0718332, 4.5644188], [-74.0716133, 4.5644682], [-74.0714027, 4.5645351], [-74.0712579, 4.5645886], [-74.0710178, 4.564614], [-74.0708005, 4.564638], [-74.0706611, 4.5646821], [-74.0705229, 4.564753], [-74.0703325, 4.5649027], [-74.0702185, 4.5650364], [-74.0700973, 4.5649629], [-74.0699852, 4.5648947], [-74.0698577, 4.5648145], [-74.0696847, 4.5646875], [-74.0695694, 4.5646287], [-74.0694219, 4.5645297], [-74.0693361, 4.5644335], [-74.0692569, 4.5643332], [-74.0691791, 4.5642049], [-74.069092, 4.5640765], [-74.0690531, 4.564015], [-74.0689378, 4.5639054], [-74.0687634, 4.5638199], [-74.0685824, 4.5637731], [-74.0684174, 4.5637744], [-74.0682913, 4.5637971], [-74.0681988, 4.5638012], [-74.0680674, 4.5637798], [-74.0679601, 4.563737], [-74.0679453, 4.5638252], [-74.067948, 4.5639723], [-74.0679319, 4.5640752], [-74.0679078, 4.56413], [-74.0678675, 4.5642182], [-74.067822, 4.5642704], [-74.0678032, 4.5643292], [-74.0677992, 4.5643813], [-74.067838, 4.5644174], [-74.0679681, 4.5644495], [-74.0680352, 4.5644923], [-74.0680969, 4.5647463], [-74.0681505, 4.5650832], [-74.0681693, 4.565249], [-74.0681532, 4.5654896], [-74.0682659, 4.5655992], [-74.0685475, 4.5659067], [-74.0688372, 4.5661848], [-74.0690323, 4.5664428], [-74.0689914, 4.5665985], [-74.0688754, 4.5668712], [-74.0687728, 4.5671105], [-74.0686682, 4.5673772], [-74.0685515, 4.5675965], [-74.0683825, 4.5679146], [-74.068628, 4.5680082], [-74.0688358, 4.5681245], [-74.0690236, 4.5682368], [-74.0691577, 4.5681432], [-74.0692087, 4.5682328], [-74.0693669, 4.5683398], [-74.0697196, 4.5684627], [-74.0700455, 4.5686178], [-74.0700361, 4.5687782], [-74.0704773, 4.5690042], [-74.070598, 4.5689467], [-74.0707938, 4.569071], [-74.0707925, 4.56919], [-74.0708528, 4.5692354], [-74.0707134, 4.5694507], [-74.0706624, 4.5694239], [-74.0704264, 4.5692755], [-74.0703365, 4.569317], [-74.0701197, 4.5692282], [-74.0699666, 4.569573], [-74.0698765, 4.5697896], [-74.0700529, 4.5698952], [-74.0701333, 4.5699359], [-74.0701662, 4.5699613], [-74.0702118, 4.5700208], [-74.0702728, 4.5700957], [-74.0702789, 4.5701091], [-74.0703546, 4.5701398], [-74.070425, 4.5701592], [-74.0705323, 4.5701572], [-74.0706436, 4.5701559], [-74.0707449, 4.5701465], [-74.0708099, 4.5701706], [-74.0708877, 4.570194], [-74.070995, 4.570224], [-74.0710822, 4.5702581], [-74.0711526, 4.5702688], [-74.0712223, 4.5703069], [-74.0713115, 4.5703764], [-74.0713819, 4.5704513], [-74.0714429, 4.5705228], [-74.0715261, 4.5705937], [-74.0716153, 4.5706485], [-74.0716723, 4.5706525], [-74.071744, 4.5706231], [-74.0718547, 4.5705643], [-74.0719036, 4.5705556], [-74.0719827, 4.5705268], [-74.0720692, 4.5704707], [-74.072202, 4.5703831], [-74.0723341, 4.5703577], [-74.0724756, 4.5703337], [-74.0725762, 4.5703216], [-74.0726506, 4.570337], [-74.0727472, 4.5703557], [-74.0728491, 4.5703804], [-74.0729094, 4.5704312], [-74.073008, 4.57045], [-74.0730596, 4.5704032], [-74.0730885, 4.5703076], [-74.0731307, 4.5702648], [-74.0731495, 4.5701645], [-74.0731931, 4.5700883], [-74.0732186, 4.5700489], [-74.0732776, 4.5699774], [-74.0733245, 4.5699132], [-74.0733895, 4.5698698], [-74.0734398, 4.5698651], [-74.0735411, 4.5698704], [-74.0735726, 4.569845], [-74.0735874, 4.5697715], [-74.0733553, 4.5697394], [-74.073354, 4.569714], [-74.0733781, 4.5696606], [-74.0733205, 4.5695763], [-74.0733956, 4.5695362], [-74.0734935, 4.5695857], [-74.0735386, 4.5694832], [-74.0736013, 4.5695051], [-74.0736826, 4.5695269], [-74.0738565, 4.5695491], [-74.0740036, 4.5695447], [-74.074134, 4.5695006], [-74.0742553, 4.5694507], [-74.074388, 4.5694449], [-74.0744814, 4.5694783], [-74.0744443, 4.5696124], [-74.0743719, 4.569829], [-74.0743142, 4.5699974], [-74.0742579, 4.570345], [-74.0743598, 4.5703838], [-74.074557, 4.5704947], [-74.0747219, 4.5705522], [-74.0747957, 4.5705562], [-74.0749781, 4.570587], [-74.0751591, 4.5706217], [-74.0753026, 4.5706598], [-74.0754542, 4.5707273], [-74.0753858, 4.5707614], [-74.0753523, 4.5707995], [-74.0753176, 4.5708943], [-74.0753241, 4.570964], [-74.0753563, 4.5710469], [-74.0754099, 4.5711231], [-74.0755212, 4.5712741], [-74.0756701, 4.5714813], [-74.0757063, 4.5715803], [-74.0756996, 4.5716899], [-74.0756674, 4.5717821], [-74.0756004, 4.5718998], [-74.0755481, 4.571992], [-74.075536, 4.5721163], [-74.0755601, 4.572246], [-74.075599, 4.5723904], [-74.075662, 4.5725107], [-74.0757043, 4.5725581], [-74.0757566, 4.5725942], [-74.0758163, 4.572633], [-74.0757405, 4.5727366], [-74.0755896, 4.5729378], [-74.0754253, 4.5731871], [-74.0753693, 4.573252], [-74.0755561, 4.5734558], [-74.0755762, 4.5735514], [-74.0758813, 4.5737242], [-74.0761707, 4.5738756], [-74.0762602, 4.5739424], [-74.076173, 4.5740454], [-74.0761019, 4.574163], [-74.0760617, 4.5742365], [-74.0760268, 4.5743422], [-74.0759987, 4.5744023], [-74.0759906, 4.5744357], [-74.0759557, 4.5744745], [-74.0759209, 4.5745093], [-74.0758485, 4.5745641], [-74.0757787, 4.5746028], [-74.0757251, 4.5746336], [-74.0756527, 4.5746817], [-74.0755829, 4.5747298], [-74.0755199, 4.574806], [-74.0754555, 4.5749825], [-74.0754072, 4.5750707], [-74.0753509, 4.5751456], [-74.0752651, 4.5751897], [-74.0752047, 4.5752044], [-74.0751189, 4.5752031], [-74.0750438, 4.5751803], [-74.0749942, 4.5751322], [-74.074966, 4.5750627], [-74.07497, 4.5749852], [-74.0750022, 4.5748314], [-74.0750264, 4.5746657], [-74.0750116, 4.5746002], [-74.0749794, 4.5745306], [-74.0749472, 4.5744932], [-74.0749124, 4.5744598], [-74.0748104, 4.5744397], [-74.0747716, 4.5744384], [-74.0747179, 4.5744451], [-74.074683, 4.5744638], [-74.0746374, 4.5744852], [-74.07462, 4.5745146], [-74.0745986, 4.5745494], [-74.0745798, 4.5746149], [-74.0745597, 4.5747058], [-74.0745503, 4.5748087], [-74.0745382, 4.5749076], [-74.0745154, 4.5749745], [-74.0744752, 4.5750507], [-74.0743692, 4.5751817], [-74.0742552, 4.575314], [-74.074164, 4.575437], [-74.0740299, 4.5756028], [-74.0739132, 4.5757766], [-74.0737912, 4.5759544], [-74.0737134, 4.5760533], [-74.0735699, 4.5761723], [-74.0734291, 4.5762739], [-74.0732534, 4.5763915], [-74.0730415, 4.5765813], [-74.0728967, 4.5767378], [-74.0728465, 4.5768134], [-74.0725104, 4.5774049], [-74.0722063, 4.5779146], [-74.0721188, 4.5779409], [-74.0720209, 4.5779329], [-74.0719539, 4.5778821], [-74.0718761, 4.5777377], [-74.0717594, 4.5773541], [-74.0716977, 4.5771041], [-74.0716789, 4.5768621], [-74.0716481, 4.5766482], [-74.0716374, 4.5765653], [-74.0716159, 4.5765012], [-74.0715287, 4.5764825], [-74.0714402, 4.5765212], [-74.0713691, 4.5766255], [-74.0711942, 4.5768747], [-74.0708448, 4.5773755], [-74.0707361, 4.5776188], [-74.0706664, 4.5777431], [-74.0706114, 4.5778099], [-74.0705068, 4.5778046], [-74.0704182, 4.5777763], [-74.070358, 4.5777324], [-74.0702963, 4.5775573], [-74.0701112, 4.5776027], [-74.0700428, 4.5776281], [-74.0700696, 4.5777257], [-74.0699945, 4.577973], [-74.0699935, 4.5780293], [-74.0700361, 4.5780706], [-74.0699838, 4.5781268], [-74.0699422, 4.578231], [-74.0699476, 4.5783353], [-74.0698604, 4.5784356], [-74.0697402, 4.5786258], [-74.0695868, 4.5787952], [-74.0694594, 4.579112], [-74.0694326, 4.5791922], [-74.0693347, 4.5794516], [-74.0691778, 4.5797898], [-74.0689766, 4.5799956], [-74.0688291, 4.5802269], [-74.0686572, 4.5803829], [-74.0683839, 4.5807114], [-74.0682739, 4.580882], [-74.0679346, 4.5808164], [-74.0677052, 4.5807964], [-74.0675832, 4.5807937], [-74.0675014, 4.5808205], [-74.0674169, 4.5808646], [-74.0671715, 4.5810704], [-74.0669381, 4.5812924], [-74.0669596, 4.5818846], [-74.0669891, 4.5822936], [-74.0670535, 4.5823765], [-74.0671192, 4.5824567], [-74.0672278, 4.5824768], [-74.0672331, 4.582565], [-74.0672358, 4.5826265], [-74.0672318, 4.5826813], [-74.0672024, 4.5827241], [-74.0671614, 4.5827562], [-74.0671152, 4.5827869], [-74.0670132, 4.5827869], [-74.0669006, 4.5827789], [-74.0667799, 4.5827429], [-74.0667007, 4.5827147], [-74.0665975, 4.5827107], [-74.066521, 4.5827401], [-74.0664446, 4.5828123], [-74.0664151, 4.5828725], [-74.0664097, 4.5829473], [-74.0664071, 4.5830783], [-74.0664191, 4.5833778], [-74.0663963, 4.5834567], [-74.0663749, 4.5835222], [-74.0662756, 4.5835716], [-74.0661791, 4.583581], [-74.0660141, 4.5834887], [-74.0658746, 4.5834246], [-74.0657754, 4.5833965], [-74.0656654, 4.5834273], [-74.0655876, 4.5834874], [-74.0654978, 4.5836291], [-74.065357, 4.5839566], [-74.0652148, 4.5841999], [-74.0651746, 4.5842801], [-74.0651317, 4.5844539], [-74.0651263, 4.5845394], [-74.0651532, 4.5846838], [-74.0651599, 4.5847587], [-74.06518, 4.5848924], [-74.0651719, 4.5850073], [-74.0651384, 4.5851597], [-74.0651438, 4.5852814], [-74.06518, 4.5853602], [-74.0652631, 4.5854739], [-74.0653852, 4.5856637], [-74.0655327, 4.5858696], [-74.0655487, 4.5858896], [-74.0656829, 4.5860835], [-74.0657727, 4.5862693], [-74.0657996, 4.5864003], [-74.065762, 4.5864858], [-74.0657137, 4.5865233], [-74.0655649, 4.58655], [-74.065467, 4.5865366], [-74.0651424, 4.5864899], [-74.0647508, 4.586435], [-74.0645483, 4.586403], [-74.0644974, 4.5863896], [-74.0643539, 4.5863201], [-74.0642798, 4.5862817], [-74.06415, 4.5862145], [-74.0640266, 4.5861543], [-74.0639086, 4.5860955], [-74.0638617, 4.5860741], [-74.0637946, 4.5860647], [-74.0637504, 4.5860714], [-74.0636511, 4.5861356], [-74.0635747, 4.586276], [-74.0634701, 4.5865808], [-74.0633802, 4.5868882], [-74.063293, 4.587197], [-74.0632072, 4.5874056], [-74.0630275, 4.5876809], [-74.0628076, 4.587951], [-74.0626735, 4.5881034], [-74.062652, 4.5882424], [-74.0627271, 4.5883841], [-74.0628371, 4.5884349], [-74.0631107, 4.5884135], [-74.0633065, 4.5884322], [-74.063395, 4.5885258], [-74.0634754, 4.5887691], [-74.0635344, 4.5890552], [-74.063521, 4.5895044], [-74.0635237, 4.5897156], [-74.0635827, 4.5898626], [-74.0637302, 4.5900311], [-74.0638483, 4.5902289], [-74.0638885, 4.5904107], [-74.0639368, 4.5906219], [-74.0640119, 4.5907957], [-74.0641058, 4.5909855], [-74.0642694, 4.5912796], [-74.0643606, 4.5914828], [-74.064433, 4.5916833], [-74.0644276, 4.5918384], [-74.0643552, 4.5919507], [-74.0641916, 4.5920149], [-74.0639958, 4.5920871], [-74.063926, 4.592178], [-74.0639395, 4.5922822], [-74.0640467, 4.5924346], [-74.064213, 4.5926057], [-74.0645269, 4.5929105], [-74.0647414, 4.5931351], [-74.0648863, 4.593349], [-74.0648836, 4.593488], [-74.0648648, 4.5935228], [-74.0648085, 4.5936324], [-74.0647227, 4.5936618], [-74.0645134, 4.5937901], [-74.0642425, 4.5940816], [-74.0641111, 4.5944077], [-74.0640521, 4.5947526], [-74.0640253, 4.595044], [-74.0639153, 4.5952873], [-74.0638939, 4.5953782], [-74.0639234, 4.5954397], [-74.0640038, 4.5954585], [-74.0641004, 4.595413], [-74.0641728, 4.5952873], [-74.0642747, 4.5950334], [-74.0644598, 4.5946591], [-74.0646207, 4.5944104], [-74.0647656, 4.5943275], [-74.0648836, 4.5943115], [-74.0650311, 4.5942527], [-74.0650874, 4.5941778], [-74.0651089, 4.593996], [-74.0651679, 4.5938677], [-74.0653101, 4.5937794], [-74.0654925, 4.5937447], [-74.0656453, 4.5936859], [-74.0658572, 4.5935843], [-74.0658894, 4.5934693], [-74.0658277, 4.5932314], [-74.0657178, 4.5930175], [-74.0656346, 4.5928544], [-74.0656132, 4.5927341], [-74.0657526, 4.5926993], [-74.0660584, 4.5930629], [-74.0662703, 4.5934479], [-74.0662757, 4.5937634], [-74.0660995, 4.5941048], [-74.0660289, 4.5942567], [-74.0660302, 4.5944305], [-74.0660812, 4.5946243], [-74.0660477, 4.5947914], [-74.0659377, 4.5948703], [-74.0657969, 4.5948863], [-74.0656681, 4.594901], [-74.0656118, 4.5949251], [-74.0655676, 4.5950066], [-74.0655836, 4.5951269], [-74.0656494, 4.5953355], [-74.0657848, 4.5957592], [-74.065833, 4.5958843], [-74.0660929, 4.5960652], [-74.0662797, 4.5961456], [-74.0664232, 4.5962619], [-74.0664567, 4.5963902], [-74.0664084, 4.5965493], [-74.0663092, 4.5966883], [-74.0661375, 4.5970559], [-74.0660276, 4.5972163], [-74.0658988, 4.5972685], [-74.0657432, 4.5972885], [-74.0655595, 4.5972324], [-74.0654147, 4.5971375], [-74.0652926, 4.5970198], [-74.0651961, 4.5970051], [-74.065126, 4.5970686], [-74.0651155, 4.5971945], [-74.0650574, 4.5971898], [-74.0649353, 4.5972185], [-74.0648407, 4.5972832], [-74.0647892, 4.5973476], [-74.0647495, 4.5973915], [-74.0647086, 4.5974702], [-74.0646918, 4.5975251], [-74.0646895, 4.5975725], [-74.0646918, 4.5976588], [-74.0647035, 4.5977522], [-74.0648112, 4.5980933], [-74.0649172, 4.5984388], [-74.0649909, 4.5985999], [-74.0650217, 4.5986975], [-74.0650436, 4.5987943], [-74.0650512, 4.5988993], [-74.0650432, 4.5989782], [-74.0650199, 4.5990367], [-74.064956, 4.5991293], [-74.064661, 4.5994795], [-74.0645939, 4.5995567], [-74.0645309, 4.5996092], [-74.0644383, 4.5996453], [-74.0643619, 4.5996466], [-74.0642773, 4.5996359], [-74.0641902, 4.5995865], [-74.064009, 4.5994121], [-74.0638656, 4.599227], [-74.0637638, 4.5991547], [-74.0636525, 4.5990999], [-74.0635637, 4.5990802], [-74.0634768, 4.5991079], [-74.063357, 4.5991614], [-74.0632714, 4.5992172], [-74.0630026, 4.5994093], [-74.0626846, 4.5996478], [-74.0624811, 4.5998295], [-74.0623307, 4.6000165], [-74.0622474, 4.6001198], [-74.0621897, 4.6001797], [-74.0621, 4.6002181], [-74.0620368, 4.6002222], [-74.0619533, 4.6001947], [-74.0618272, 4.6001321], [-74.0617294, 4.6000739], [-74.0616207, 4.6000249], [-74.0615362, 4.6000089], [-74.0614705, 4.6000009], [-74.0614019, 4.6000184], [-74.0613337, 4.6000463], [-74.0612545, 4.6000881], [-74.0611835, 4.600184], [-74.060968, 4.6004729], [-74.0609032, 4.6005235], [-74.0608469, 4.6005623], [-74.0607683, 4.6005801], [-74.0606578, 4.6005797], [-74.0605022, 4.600565], [-74.0602662, 4.6005757], [-74.0601414, 4.6005944], [-74.0600308, 4.6006348], [-74.0597968, 4.6007401], [-74.0596141, 4.6008554], [-74.0594293, 4.6009994], [-74.0593234, 4.601097], [-74.0592743, 4.6011766], [-74.0592397, 4.6012731], [-74.0591672, 4.6015581], [-74.0591553, 4.6016696], [-74.0591728, 4.6018266], [-74.0592243, 4.6019415], [-74.0592953, 4.6020348], [-74.0593798, 4.6021042], [-74.0594797, 4.6021617], [-74.0602916, 4.6025282], [-74.0611013, 4.6027577], [-74.0612767, 4.6028074], [-74.0612352, 4.6029113], [-74.0612061, 4.6029761], [-74.061158, 4.6031049], [-74.0611628, 4.6032556], [-74.0611979, 4.6033691], [-74.0612341, 4.6034233], [-74.0612708, 4.6034945], [-74.0612892, 4.6035143], [-74.0613248, 4.6035552], [-74.0613765, 4.6036042], [-74.0614853, 4.6037594], [-74.0615117, 4.6037973], [-74.0615326, 4.6038276], [-74.0615468, 4.6038468], [-74.0615664, 4.6038762], [-74.0617628, 4.6041509], [-74.0618487, 4.6042699], [-74.0619305, 4.6043962], [-74.0619714, 4.6044724], [-74.0619875, 4.6045157], [-74.062025, 4.6046161], [-74.0620847, 4.6047872], [-74.0621176, 4.6048982], [-74.0621625, 4.6049977], [-74.0622114, 4.6050733], [-74.0623181, 4.6051769], [-74.0623768, 4.6052308], [-74.0625487, 4.6053888], [-74.0626632, 4.605506], [-74.0627714, 4.6056167], [-74.0628179, 4.6056545], [-74.0628693, 4.6056962], [-74.062948, 4.6057259], [-74.0629953, 4.6057437], [-74.0631214, 4.6057717], [-74.0632729, 4.6058038], [-74.0633775, 4.6058319], [-74.0634553, 4.6058814], [-74.0635331, 4.6059455], [-74.0636068, 4.6060526], [-74.0636087, 4.6060554], [-74.0636315, 4.6060885], [-74.0636524, 4.6061529], [-74.0637101, 4.6063305], [-74.0637195, 4.6063679], [-74.0637155, 4.6064749], [-74.0636846, 4.6066139], [-74.0636364, 4.6067596], [-74.0636109, 4.6069107], [-74.0636256, 4.6069855], [-74.063639, 4.607039], [-74.0636873, 4.6071299], [-74.0637638, 4.6072515], [-74.0638389, 4.6073852], [-74.063863, 4.6074494], [-74.0638684, 4.6075376], [-74.0638563, 4.6076165], [-74.0638201, 4.6076806], [-74.063745, 4.6077769], [-74.0637021, 4.6078638], [-74.063682, 4.6079279], [-74.0636645, 4.608067], [-74.0636364, 4.6081338], [-74.0636189, 4.6081739], [-74.0635961, 4.6082033], [-74.063576, 4.6082327], [-74.0635331, 4.6082608], [-74.0635009, 4.6082835], [-74.0634084, 4.6083276], [-74.0632702, 4.6084439], [-74.0632407, 4.6084734], [-74.0632246, 4.6084947], [-74.0632072, 4.6085348], [-74.0632018, 4.608607], [-74.0632086, 4.6087193], [-74.0632166, 4.6088744], [-74.063226, 4.6090615], [-74.0632327, 4.6092206], [-74.0632541, 4.6093824], [-74.063281, 4.6095401], [-74.0633078, 4.6096484], [-74.0633467, 4.6097941], [-74.0633909, 4.6099572], [-74.0634084, 4.6100427], [-74.0634225, 4.6100995], [-74.0634184, 4.6101704], [-74.063397, 4.6102272], [-74.0633681, 4.6102867], [-74.0633225, 4.6103428], [-74.0632344, 4.6104491], [-74.0631281, 4.6106389], [-74.0631013, 4.6107004], [-74.0630905, 4.6107766], [-74.0630888, 4.6108376], [-74.0630879, 4.6108675], [-74.06312, 4.6110266], [-74.0631576, 4.6111389], [-74.063167, 4.6112084], [-74.0631536, 4.6113006], [-74.0631281, 4.6113768], [-74.0630664, 4.6115185], [-74.062994, 4.6116976], [-74.0629256, 4.6118286], [-74.0628693, 4.611969], [-74.0627834, 4.612215], [-74.0627486, 4.6123353], [-74.0627325, 4.6124529], [-74.062719, 4.6125786], [-74.0627271, 4.6126855], [-74.0627714, 4.6128793], [-74.0627821, 4.6129208], [-74.0628143, 4.6130611], [-74.0628285, 4.6131815], [-74.0628304, 4.6131975], [-74.0628639, 4.6133352], [-74.06288, 4.6134207], [-74.0628666, 4.6135437], [-74.0628371, 4.6136279], [-74.0627995, 4.6136921], [-74.0627258, 4.6138391], [-74.0626547, 4.6139862], [-74.0625823, 4.6141399], [-74.0625487, 4.6142415], [-74.0625286, 4.6143056], [-74.0625098, 4.6144473], [-74.062487, 4.6146452], [-74.0624736, 4.6149112], [-74.0624709, 4.6151197], [-74.0624535, 4.6153149], [-74.0624334, 4.6154432], [-74.0623771, 4.6155408], [-74.0623127, 4.615601], [-74.0622512, 4.6156334], [-74.0617987, 4.6158841], [-74.061728, 4.6159164], [-74.0616623, 4.6159819], [-74.0616035, 4.6161112], [-74.0614212, 4.6164684], [-74.0613484, 4.6166116], [-74.0613234, 4.616757], [-74.0613243, 4.6168736], [-74.0613192, 4.6170025], [-74.0612818, 4.6171313], [-74.0612252, 4.6172681], [-74.0609927, 4.6176291], [-74.0607517, 4.6181567], [-74.0607038, 4.6183474], [-74.060731, 4.6184503], [-74.0608642, 4.618732], [-74.0609515, 4.619003], [-74.0608281, 4.6192423], [-74.0607235, 4.6194107], [-74.060639, 4.6195257], [-74.0605223, 4.6196607], [-74.0603292, 4.6198492], [-74.0602233, 4.6199427], [-74.0600489, 4.6200751], [-74.0599081, 4.6201646], [-74.0596788, 4.6203157], [-74.0594414, 4.620456], [-74.0593033, 4.6205603], [-74.0591651, 4.6206646], [-74.0590525, 4.6207287], [-74.0589358, 4.6208263], [-74.0587936, 4.6209399], [-74.058736, 4.6210068], [-74.0586931, 4.6210616], [-74.0586649, 4.6211552], [-74.0586112, 4.6213089], [-74.0585375, 4.6215548], [-74.0584798, 4.6217072], [-74.0584141, 4.6217888], [-74.0583242, 4.6218717], [-74.058162, 4.6219612], [-74.0580077, 4.6220641], [-74.057879, 4.6221845], [-74.0578347, 4.62225], [-74.0577543, 4.6224545], [-74.0577355, 4.6227111], [-74.057702, 4.6229277], [-74.057647, 4.6230694], [-74.0574981, 4.623195], [-74.0573224, 4.6232538], [-74.0568531, 4.6232966], [-74.056503, 4.623322], [-74.0560538, 4.6231322], [-74.0558177, 4.6231643], [-74.0559277, 4.6233501], [-74.055988, 4.6234423], [-74.0560122, 4.6235078], [-74.0560175, 4.623588], [-74.056094, 4.6238153], [-74.0562227, 4.6240385], [-74.0562724, 4.6241374], [-74.0564024, 4.6242497], [-74.0565017, 4.6243085], [-74.0566988, 4.6243941], [-74.0568718, 4.6244489], [-74.0570703, 4.6244943], [-74.057238, 4.6245304], [-74.0574163, 4.6245304], [-74.0574941, 4.6247069], [-74.0575826, 4.6249395], [-74.0576121, 4.6250411], [-74.0577865, 4.6252416], [-74.0577409, 4.6253138], [-74.0577891, 4.62541], [-74.0578133, 4.6255303], [-74.0577409, 4.6255972], [-74.0576497, 4.6256292], [-74.0573868, 4.6256159], [-74.0572795, 4.6256025], [-74.0571454, 4.6255597], [-74.0571293, 4.6254261], [-74.0570837, 4.6253031], [-74.0569925, 4.6253245], [-74.0568209, 4.625402], [-74.0567163, 4.6254902], [-74.0565527, 4.6254875], [-74.0563059, 4.6254234], [-74.0563005, 4.625394], [-74.0562791, 4.6252255], [-74.0563113, 4.6250491], [-74.0563837, 4.6248566], [-74.0563059, 4.6247042], [-74.0561771, 4.6246748], [-74.0560055, 4.6247042], [-74.0560591, 4.6249315], [-74.0560028, 4.6250945], [-74.0559062, 4.6251587], [-74.0558875, 4.6252897], [-74.0558445, 4.6254073], [-74.0558553, 4.6255945], [-74.0557051, 4.6258431], [-74.0556192, 4.6261907], [-74.055579, 4.6264366], [-74.0555012, 4.6264607], [-74.0552947, 4.6265168], [-74.0550265, 4.6265142], [-74.0550023, 4.6265997], [-74.0550104, 4.6267414], [-74.0550184, 4.6269392], [-74.0552773, 4.6269981], [-74.0554503, 4.6270234], [-74.0556742, 4.6270609], [-74.0559076, 4.627093], [-74.0561691, 4.6271544], [-74.0566358, 4.627244], [-74.0570489, 4.6273209], [-74.0572641, 4.6273616], [-74.0575156, 4.6274198], [-74.057643, 4.6274706], [-74.0579809, 4.6276297], [-74.058276, 4.6277546], [-74.0587413, 4.6279498], [-74.0590887, 4.6281049], [-74.059255, 4.6281784], [-74.0593837, 4.6282319], [-74.059495, 4.6282679], [-74.0594843, 4.6283522], [-74.0594709, 4.6284751], [-74.0594508, 4.6285487], [-74.0593784, 4.6286115], [-74.0592818, 4.628685], [-74.0591638, 4.6287893], [-74.0590552, 4.6288949], [-74.058972, 4.6289791], [-74.0589251, 4.6290927], [-74.0589023, 4.6291462], [-74.0589787, 4.6291477], [-74.0591946, 4.629082], [-74.0591893, 4.6291662], [-74.0591678, 4.629193], [-74.0590739, 4.62934], [-74.0590149, 4.6293988], [-74.0590008, 4.6294824], [-74.0590082, 4.6295606], [-74.0590169, 4.6296622], [-74.0590283, 4.6297631], [-74.0590438, 4.6298266], [-74.0591081, 4.6299576], [-74.0591537, 4.6300418], [-74.0591832, 4.6301186], [-74.0591846, 4.6301801], [-74.0591859, 4.630253], [-74.059151, 4.6303579], [-74.0591095, 4.6304101], [-74.0590552, 4.6304789], [-74.0590028, 4.6305504], [-74.0589345, 4.6306573], [-74.0589009, 4.6307215], [-74.0588734, 4.6307676], [-74.0588754, 4.6308211], [-74.0588754, 4.630912], [-74.0588761, 4.6310437], [-74.0588366, 4.6310323], [-74.0586823, 4.6309842], [-74.058449, 4.63092], [-74.0582478, 4.6308662], [-74.0580983, 4.6308054], [-74.0578602, 4.6307262], [-74.0577221, 4.6306834], [-74.0575397, 4.6306366], [-74.0574834, 4.6306152], [-74.0573439, 4.6305912], [-74.0572608, 4.6305685], [-74.0570328, 4.6304949], [-74.0569335, 4.6304401], [-74.0567069, 4.6303639], [-74.0565781, 4.6303131], [-74.0564132, 4.6302704], [-74.0561879, 4.6301875], [-74.0559331, 4.6301434], [-74.0560618, 4.6303439], [-74.0561007, 4.6304883], [-74.056161, 4.6306874], [-74.0561919, 4.6308652], [-74.0561704, 4.6310497], [-74.0560685, 4.6313144], [-74.0560055, 4.6314841], [-74.056035, 4.6318397], [-74.056043, 4.6320963], [-74.0560725, 4.6323022], [-74.0560538, 4.6324626], [-74.0560216, 4.6326979], [-74.0560243, 4.6328797], [-74.055976, 4.6329946], [-74.055976, 4.6332727], [-74.0558821, 4.6333716], [-74.0557346, 4.6334732], [-74.0555361, 4.633548], [-74.055469, 4.6336817], [-74.055469, 4.633917], [-74.055571, 4.6342859], [-74.0556085, 4.634457], [-74.0557399, 4.6345746], [-74.0559706, 4.6345746], [-74.0560511, 4.6347564], [-74.0563072, 4.6350906], [-74.0567538, 4.6351494], [-74.0567833, 4.634854], [-74.0570904, 4.6348874], [-74.0571079, 4.6349636], [-74.0571132, 4.6350933], [-74.0570985, 4.6352724], [-74.0570475, 4.6354087], [-74.0569362, 4.6354836], [-74.0567833, 4.6355384], [-74.0567417, 4.6355999], [-74.0567216, 4.6357376], [-74.0566948, 4.6358806], [-74.0566626, 4.6359621], [-74.0565473, 4.636057], [-74.0564051, 4.63616], [-74.0562791, 4.6362475], [-74.0561785, 4.6363578], [-74.0560645, 4.6362482], [-74.056034, 4.6362282], [-74.055799, 4.6360744], [-74.0553537, 4.6359087], [-74.0549782, 4.6356948], [-74.0547824, 4.6358311], [-74.054541, 4.6360022], [-74.054372, 4.6362081], [-74.0541601, 4.636422], [-74.0539509, 4.636577], [-74.0537846, 4.6367615], [-74.0535513, 4.6369593], [-74.0533742, 4.6371171], [-74.0533018, 4.6373176], [-74.053224, 4.6375234], [-74.053106, 4.6377266], [-74.0529826, 4.6376624], [-74.0527788, 4.6376491], [-74.052642, 4.6377319], [-74.0527332, 4.6379004], [-74.0526474, 4.638018], [-74.0524811, 4.638157], [-74.0523255, 4.6381303], [-74.0522008, 4.6381236], [-74.0521203, 4.6382279], [-74.0521377, 4.6383254], [-74.0521847, 4.6384618], [-74.0523067, 4.6385794], [-74.0524663, 4.6386623], [-74.052638, 4.6387358], [-74.0526889, 4.6388494], [-74.0526044, 4.6388909], [-74.052587, 4.6389818], [-74.0525696, 4.6391395], [-74.0525562, 4.6393975], [-74.0526071, 4.639467], [-74.0526594, 4.6395405], [-74.0526742, 4.6396434], [-74.0526661, 4.6398653], [-74.0526621, 4.6400191], [-74.0526634, 4.6400939], [-74.0526634, 4.640249], [-74.0526997, 4.6403626], [-74.052756, 4.6405497], [-74.0528217, 4.6408278], [-74.0528767, 4.6410483], [-74.052882, 4.6412154], [-74.0528807, 4.6412943], [-74.0528405, 4.64144], [-74.0527761, 4.6416485], [-74.0527332, 4.6418089], [-74.052693, 4.6419292], [-74.0526179, 4.6420816], [-74.0525401, 4.6422313], [-74.052465, 4.6424291], [-74.0510702, 4.6418196], [-74.0506786, 4.6424345], [-74.0503836, 4.6428088], [-74.0500885, 4.6433381], [-74.050566, 4.643691], [-74.0506733, 4.6441455], [-74.0506997, 4.6441915], [-74.0509737, 4.6446695], [-74.0510809, 4.6448887], [-74.0511775, 4.6453432], [-74.0511775, 4.6456212], [-74.0509844, 4.6458083], [-74.0508395, 4.6454768], [-74.0503782, 4.6454234], [-74.0494931, 4.6458458], [-74.0491283, 4.6458083], [-74.0483826, 4.6464606], [-74.0483075, 4.6468082], [-74.048903, 4.6470969], [-74.0486294, 4.6475995], [-74.0480715, 4.6479363], [-74.0483987, 4.6483427], [-74.0486509, 4.6486475], [-74.0484953, 4.6488132], [-74.0482968, 4.648733], [-74.0478784, 4.6486902], [-74.0475243, 4.6488453], [-74.0474935, 4.6494027], [-74.0474492, 4.6497489], [-74.047814, 4.649904], [-74.0478945, 4.6502515], [-74.0479052, 4.6504974], [-74.0478301, 4.6509733], [-74.0479052, 4.6512299], [-74.0482056, 4.6515614], [-74.0484041, 4.6517112], [-74.0483075, 4.6521122], [-74.0483079, 4.6521401], [-74.0483129, 4.6524704], [-74.0483666, 4.6528767], [-74.0484577, 4.6532884], [-74.0485328, 4.6535879], [-74.0483987, 4.653775], [-74.0480554, 4.6542509], [-74.0476853, 4.6546732], [-74.0475887, 4.6549673], [-74.0474278, 4.6550422], [-74.0470094, 4.6550208], [-74.0467304, 4.6548871], [-74.0466338, 4.6546091], [-74.0463066, 4.6543311], [-74.0458909, 4.6543311], [-74.0458506, 4.6544166], [-74.0457487, 4.6546305], [-74.0456763, 4.6549219], [-74.0455931, 4.6552133], [-74.04551, 4.6555635], [-74.0454832, 4.6559083], [-74.0455288, 4.6560875], [-74.0456226, 4.6562746], [-74.0459016, 4.6565419], [-74.0460572, 4.6567665], [-74.0463039, 4.6570525], [-74.0466392, 4.6570178], [-74.0467465, 4.6568921], [-74.0467465, 4.6571809], [-74.0467465, 4.6575017], [-74.0467143, 4.658293], [-74.0465158, 4.6586993], [-74.0462208, 4.6592928], [-74.0461242, 4.6595922], [-74.0462852, 4.6599184], [-74.0461028, 4.6601376], [-74.0458453, 4.6603889], [-74.045518, 4.6602766], [-74.0453357, 4.6603675], [-74.0449601, 4.6606616], [-74.0447402, 4.6610946], [-74.0446436, 4.6615224], [-74.0444613, 4.6619608], [-74.0445095, 4.6623458], [-74.0447134, 4.6627093], [-74.0449226, 4.6630141], [-74.0450567, 4.6634739], [-74.0452284, 4.6636236], [-74.045164, 4.6639658], [-74.0448743, 4.6640086], [-74.0445954, 4.6641476], [-74.0443754, 4.664308], [-74.0440804, 4.6644737], [-74.0438122, 4.6646127], [-74.0437156, 4.6646716], [-74.0436083, 4.6646769], [-74.0431014, 4.6645834], [-74.0427634, 4.6646475], [-74.0423718, 4.6646742], [-74.0421733, 4.664709], [-74.0420714, 4.6648854], [-74.0421706, 4.6651822], [-74.0422002, 4.6655297], [-74.0422323, 4.6658719], [-74.0421948, 4.6661178], [-74.0420097, 4.6661312], [-74.0419936, 4.6664172], [-74.0418863, 4.6665937], [-74.0421143, 4.6668209], [-74.0421197, 4.6670668], [-74.0424898, 4.6670668], [-74.0425971, 4.6674144], [-74.0427688, 4.6675213], [-74.0430182, 4.667548], [-74.0430611, 4.6675988], [-74.0430343, 4.6678662], [-74.0430343, 4.6681629], [-74.0429002, 4.6682217], [-74.0427393, 4.6682351], [-74.0424523, 4.6681602], [-74.0424281, 4.6682632], [-74.0424201, 4.6683915], [-74.0423732, 4.6685171], [-74.0422511, 4.6686134], [-74.0420701, 4.668608], [-74.0417334, 4.6686254], [-74.0415524, 4.6686922], [-74.041421, 4.6686334], [-74.0411742, 4.6687163], [-74.0410441, 4.6687083], [-74.0407477, 4.6687069], [-74.0405922, 4.6687096], [-74.0404755, 4.6690357], [-74.0404353, 4.669021], [-74.0403803, 4.6689916], [-74.0403132, 4.6689342], [-74.0402636, 4.668866], [-74.0401885, 4.6687564], [-74.0401241, 4.6686254], [-74.0400222, 4.6684596], [-74.0399042, 4.6682805], [-74.0398371, 4.6681977], [-74.0396909, 4.6681161], [-74.0395595, 4.6680934], [-74.0394455, 4.6681228], [-74.0392739, 4.6681282], [-74.039011, 4.6681522], [-74.0388313, 4.6681469], [-74.0387052, 4.668326], [-74.038657, 4.6687457], [-74.0386248, 4.6688847], [-74.0385899, 4.6690157], [-74.0385255, 4.6692282], [-74.038488, 4.6693298], [-74.0384504, 4.6694474], [-74.0384196, 4.6695931], [-74.0384196, 4.6696707], [-74.0384182, 4.6697562], [-74.0384343, 4.6698711], [-74.0384451, 4.6699607], [-74.0384451, 4.6700302], [-74.0384357, 4.6700783], [-74.0384182, 4.6701639], [-74.0383713, 4.670212], [-74.0383659, 4.6703189], [-74.0384035, 4.6703684], [-74.0384558, 4.670474], [-74.0385255, 4.6705956], [-74.0390119, 4.670581], [-74.0390096, 4.6706753], [-74.0389681, 4.6707627], [-74.0389185, 4.6708549], [-74.0388903, 4.6709177], [-74.038834, 4.6709873], [-74.0387763, 4.6710741], [-74.0387374, 4.6711477], [-74.0387321, 4.6712105], [-74.0387294, 4.6713294], [-74.0387441, 4.6714177], [-74.0387468, 4.6715192], [-74.0387428, 4.671574], [-74.0387374, 4.6716369], [-74.0387215, 4.6717099], [-74.0386918, 4.6718227], [-74.038669, 4.6719109], [-74.0386549, 4.6719625], [-74.0386543, 4.6720232], [-74.0386677, 4.6720793], [-74.0386923, 4.6721159], [-74.0388574, 4.6722572], [-74.0389144, 4.6723199], [-74.0389842, 4.6723921], [-74.0390512, 4.6724749], [-74.03907, 4.672614], [-74.0390781, 4.6728947], [-74.0390807, 4.6730978], [-74.0390754, 4.6733277], [-74.0390378, 4.6735362], [-74.0389735, 4.6736779], [-74.0388635, 4.6737849], [-74.038783, 4.6738544], [-74.0387213, 4.6739025], [-74.0385202, 4.6739453], [-74.0383002, 4.673996], [-74.0382305, 4.6740335], [-74.0381768, 4.6740923], [-74.038091, 4.6741912], [-74.0403253, 4.6746002], [-74.0399766, 4.6754984], [-74.0394133, 4.6760438], [-74.0390003, 4.676803], [-74.0388393, 4.6773751], [-74.0384853, 4.6777119], [-74.0379328, 4.6780755], [-74.0375197, 4.6788721], [-74.0371388, 4.6791662], [-74.0368676, 4.6792665], [-74.036243, 4.6799735], [-74.0356851, 4.6801339], [-74.0350628, 4.6811284], [-74.0342581, 4.6817379], [-74.0336895, 4.6817592], [-74.0331853, 4.6826682], [-74.0321553, 4.6824222], [-74.031297, 4.6818127], [-74.0302456, 4.6828713], [-74.0285504, 4.6823901], [-74.0284164, 4.6824906], [-74.0280315, 4.6827792], [-74.027381, 4.683267], [-74.0265521, 4.684248], [-74.0257653, 4.6848666], [-74.0248235, 4.6863151], [-74.0247953, 4.6863572], [-74.0223116, 4.6874693], [-74.0221668, 4.6881215], [-74.0235829, 4.6898378], [-74.0239531, 4.6904152], [-74.0239048, 4.69157], [-74.0258896, 4.6914471], [-74.0259165, 4.6925752], [-74.0256268, 4.6932435], [-74.0245807, 4.6932969], [-74.0242723, 4.6935135], [-74.0242779, 4.6935636], [-74.0243474, 4.6941844], [-74.024739, 4.6950105], [-74.0241006, 4.6957269], [-74.0241703, 4.6963471], [-74.0245968, 4.6963177], [-74.0256107, 4.6975313], [-74.025718, 4.6978815], [-74.0257689, 4.6988224], [-74.0255892, 4.6995255], [-74.0261149, 4.6998329], [-74.0258709, 4.7003275], [-74.0256348, 4.7008273], [-74.0256383, 4.7009675], [-74.0256482, 4.7013593], [-74.0258655, 4.7015945], [-74.0260667, 4.7018378], [-74.0260345, 4.7020623], [-74.0259084, 4.7023911], [-74.0256912, 4.7026371], [-74.0254417, 4.7030648], [-74.0251118, 4.7032172], [-74.024747, 4.7033107], [-74.0245405, 4.7032786], [-74.0242857, 4.7031664], [-74.0242079, 4.7030862], [-74.0240631, 4.7028162], [-74.0239236, 4.7026023], [-74.0236795, 4.7022735], [-74.0234783, 4.7022441], [-74.023312, 4.7022709], [-74.0232047, 4.7021158], [-74.0229794, 4.7023003], [-74.0227649, 4.7024232], [-74.0223759, 4.7027173], [-74.0222231, 4.7028376], [-74.0220138, 4.7031209], [-74.0218905, 4.7032653], [-74.0218717, 4.7033214], [-74.021818, 4.7034925], [-74.0216705, 4.7037438], [-74.0216652, 4.7037705], [-74.0214425, 4.7040138], [-74.0213513, 4.7041902], [-74.0211931, 4.7044415], [-74.0211368, 4.7046259], [-74.0211394, 4.7048104], [-74.0210992, 4.7048531], [-74.0209544, 4.7048237], [-74.0206057, 4.7047756], [-74.0206164, 4.7050376], [-74.0207076, 4.7052942], [-74.0214559, 4.7051392], [-74.0216303, 4.7063261], [-74.0220326, 4.70631], [-74.0231752, 4.7059625], [-74.0241408, 4.7059625], [-74.0248543, 4.7059572], [-74.0260559, 4.7061657], [-74.0271074, 4.7067377], [-74.0271932, 4.707545], [-74.0270054, 4.7079353], [-74.0267319, 4.7079353], [-74.0266514, 4.7081385], [-74.0264529, 4.70932], [-74.0250367, 4.7090848], [-74.0249294, 4.709181], [-74.0243983, 4.7099241], [-74.0244681, 4.7104481], [-74.0244412, 4.7113302], [-74.0242474, 4.7116238], [-74.02376, 4.712362], [-74.023996, 4.7125599], [-74.0245485, 4.7127309], [-74.0249938, 4.712608], [-74.0251654, 4.712084], [-74.0255892, 4.711913], [-74.0275633, 4.712469], [-74.0284404, 4.71287], [-74.0284646, 4.7131426], [-74.029052, 4.7131426], [-74.028655, 4.7144337], [-74.0280167, 4.7143562], [-74.0279067, 4.714407], [-74.02711, 4.7149496], [-74.0265467, 4.7149363], [-74.0264073, 4.7146957], [-74.0255409, 4.7153961], [-74.0253934, 4.7154521], [-74.0252083, 4.7154281], [-74.0251215, 4.715366], [-74.0251064, 4.7152971], [-74.0253253, 4.7149893], [-74.0253183, 4.7148106], [-74.0252619, 4.7147367], [-74.0251762, 4.7146369], [-74.0241596, 4.7143108], [-74.0242374, 4.7139178], [-74.0242857, 4.7134794], [-74.0238458, 4.7133618], [-74.0235293, 4.7133939], [-74.0234703, 4.7137013], [-74.0233147, 4.7138189], [-74.0229821, 4.7137547], [-74.0228373, 4.713728], [-74.0227836, 4.7138911], [-74.0227675, 4.714284], [-74.0229875, 4.7144792], [-74.0230224, 4.7148908], [-74.0228131, 4.7148908], [-74.0226944, 4.7148664], [-74.0225396, 4.7148347], [-74.0222901, 4.7147358], [-74.0220353, 4.7146262], [-74.0217242, 4.7144818], [-74.0214372, 4.7145032], [-74.0214895, 4.7154508], [-74.0206352, 4.7154188], [-74.0199861, 4.7152036], [-74.0193182, 4.7152383], [-74.01894, 4.7152063], [-74.0186235, 4.7148855], [-74.0175399, 4.7151287], [-74.0175104, 4.7152276], [-74.017961, 4.715356], [-74.0186978, 4.7156213], [-74.01905, 4.7156767], [-74.0212206, 4.7164359], [-74.0216719, 4.7165789], [-74.0222016, 4.7166257], [-74.023017, 4.7170962], [-74.0229955, 4.7173501], [-74.0229178, 4.7177965], [-74.0232074, 4.7180451], [-74.0233979, 4.7183712], [-74.0233362, 4.7185851], [-74.0232369, 4.7189567], [-74.0232315, 4.7197051], [-74.0235776, 4.7197826], [-74.023996, 4.7201515], [-74.0243071, 4.720467], [-74.0244788, 4.7205953], [-74.0248919, 4.7208866], [-74.0249509, 4.7210791], [-74.0240282, 4.7219078], [-74.0239531, 4.7222927], [-74.0240282, 4.7226322], [-74.0239745, 4.7227952], [-74.0238431, 4.7227097], [-74.0229768, 4.7222713], [-74.0229178, 4.7222847], [-74.0227273, 4.7224798], [-74.0228534, 4.722576], [-74.0226468, 4.7231026], [-74.0223357, 4.722993], [-74.022097, 4.7230465], [-74.0220299, 4.723092], [-74.0218797, 4.7232283], [-74.0217108, 4.7233218], [-74.0214774, 4.7233646], [-74.0213701, 4.72337], [-74.0211663, 4.7233352], [-74.0210456, 4.7233673], [-74.0209222, 4.7234395], [-74.0208846, 4.7235464], [-74.0207773, 4.7236987], [-74.0206566, 4.7238057], [-74.0187067, 4.7232363], [-74.0186691, 4.7234769], [-74.0189642, 4.7238244], [-74.0190339, 4.7239447], [-74.0191036, 4.7240917], [-74.0192136, 4.7241906], [-74.0193021, 4.7242548], [-74.0194175, 4.7243216], [-74.0195784, 4.7244044], [-74.0196857, 4.7245675], [-74.0196401, 4.7247092], [-74.0195838, 4.7249284], [-74.0195784, 4.7249979], [-74.0196803, 4.7250647], [-74.0197474, 4.7251315], [-74.019911, 4.7252866], [-74.0200156, 4.7254042], [-74.0201578, 4.7255672], [-74.0202516, 4.7256127], [-74.0203723, 4.7256207], [-74.0204126, 4.7257036], [-74.0203562, 4.7258025], [-74.0202972, 4.7258746], [-74.0201256, 4.7259228], [-74.0200424, 4.7260003], [-74.0199968, 4.7260938], [-74.0200451, 4.7261366], [-74.0202168, 4.7260992], [-74.0203911, 4.7260831], [-74.0204528, 4.726027], [-74.0205386, 4.7259441], [-74.020654, 4.7258372], [-74.0208417, 4.7257383], [-74.0209544, 4.7257303], [-74.0212199, 4.7257517], [-74.0213728, 4.7257998], [-74.021515, 4.7258827], [-74.0215766, 4.7259655], [-74.021574, 4.7261607], [-74.0215391, 4.7263986], [-74.0215471, 4.7264574], [-74.0216839, 4.7265402], [-74.0218341, 4.7266258], [-74.0220004, 4.7266044], [-74.0221506, 4.7266285], [-74.0223759, 4.7266766], [-74.0225449, 4.7266686], [-74.0226495, 4.726722], [-74.02273, 4.7268771], [-74.0227675, 4.727008], [-74.0227112, 4.7271176], [-74.022561, 4.7273742], [-74.0224135, 4.727532], [-74.0223277, 4.7281307], [-74.0223035, 4.7282189], [-74.0222096, 4.7288391], [-74.02226, 4.728899], [-74.0222874, 4.729069], [-74.022333, 4.7292427], [-74.0223384, 4.729355], [-74.0223357, 4.7294111], [-74.0222847, 4.729494], [-74.022207, 4.7295635], [-74.0220702, 4.7296597], [-74.0219897, 4.7297319], [-74.0218744, 4.7298041], [-74.0217751, 4.7298656], [-74.0216839, 4.7299457], [-74.0216544, 4.7300206], [-74.0216732, 4.7300607], [-74.0217456, 4.7301061], [-74.0219146, 4.7301409], [-74.0220675, 4.7301756], [-74.0221748, 4.730189], [-74.0221506, 4.7307209], [-74.021979, 4.7313197], [-74.0217403, 4.7316779], [-74.0214855, 4.7317848], [-74.0214211, 4.7318811], [-74.0218288, 4.7319853], [-74.0220702, 4.7320147], [-74.0222821, 4.7321697], [-74.0227327, 4.732274], [-74.0227595, 4.7323542], [-74.0228695, 4.7324157], [-74.022907, 4.7330198], [-74.0230894, 4.7338377], [-74.0230787, 4.7343242], [-74.0230519, 4.7346076], [-74.0227783, 4.7349925], [-74.0226227, 4.7352865], [-74.0220809, 4.7351181], [-74.0215606, 4.7348281], [-74.0214129, 4.7347564], [-74.0213109, 4.7346918], [-74.0211624, 4.7345946], [-74.0210806, 4.7345147], [-74.0209862, 4.7344136], [-74.0209161, 4.7342748], [-74.0208578, 4.7342039], [-74.020768, 4.7341532], [-74.0206902, 4.7339607], [-74.020426, 4.7336453], [-74.0203576, 4.7336854], [-74.0202436, 4.733541], [-74.0202852, 4.7334648], [-74.0200612, 4.7332096], [-74.0201752, 4.7330839], [-74.0200505, 4.7329022], [-74.0200759, 4.73285], [-74.0198386, 4.7324905], [-74.0197943, 4.7323448], [-74.019856, 4.732294], [-74.0196884, 4.7321256], [-74.0196012, 4.7320695], [-74.019345, 4.7318623], [-74.0191761, 4.7317715], [-74.0189467, 4.7316031], [-74.018708, 4.7313905], [-74.0186316, 4.7314467], [-74.018421, 4.7312235], [-74.0183003, 4.7312836], [-74.0181166, 4.7310671], [-74.0180616, 4.7311005], [-74.0178497, 4.7308626], [-74.0173736, 4.730459], [-74.0173897, 4.7304162], [-74.0174487, 4.7302812], [-74.0174688, 4.7302224], [-74.0174648, 4.7301743], [-74.0174112, 4.7300821], [-74.0173414, 4.7299858], [-74.0173092, 4.7299123], [-74.0173106, 4.7298241], [-74.017269, 4.729752], [-74.0171872, 4.7297078], [-74.0171255, 4.7297212], [-74.0169981, 4.72976], [-74.0168747, 4.7297974], [-74.0167406, 4.7298976], [-74.0166682, 4.7299671], [-74.0160942, 4.7294993], [-74.0161291, 4.7294539], [-74.016154, 4.7292561], [-74.0160417, 4.7289824], [-74.0159591, 4.7288058], [-74.0158278, 4.728668], [-74.0156551, 4.728598], [-74.0155369, 4.7285813], [-74.0153397, 4.72912], [-74.0152545, 4.7292105], [-74.0148399, 4.7291251], [-74.0146324, 4.7291064], [-74.014501, 4.7290262], [-74.0143749, 4.7289808], [-74.0141791, 4.728922], [-74.0140477, 4.7288658], [-74.014037, 4.7287161], [-74.0139458, 4.7286226], [-74.0138599, 4.7285557], [-74.0137768, 4.7285932], [-74.013691, 4.7287429], [-74.0135998, 4.7289514], [-74.0134549, 4.7291037], [-74.0135139, 4.7295769], [-74.0133637, 4.7295368], [-74.0133637, 4.7296972], [-74.013294, 4.7303922], [-74.0133047, 4.730753], [-74.0135295, 4.7312438], [-74.0133932, 4.7316619], [-74.0132993, 4.7319211], [-74.0132001, 4.7321938], [-74.0131035, 4.7325092], [-74.0129668, 4.7326509], [-74.012779, 4.7327979], [-74.0126744, 4.7328968], [-74.0125966, 4.7330465], [-74.0125215, 4.7333245], [-74.0124732, 4.7336987], [-74.0123498, 4.7342521], [-74.0124089, 4.734351], [-74.0123874, 4.7345434], [-74.0123981, 4.7347519], [-74.0123498, 4.7349604], [-74.0123606, 4.7351475], [-74.0124571, 4.7352865], [-74.0126127, 4.7354041], [-74.0129668, 4.7354897], [-74.013117, 4.7355057], [-74.0132242, 4.7353988], [-74.0134174, 4.7355538], [-74.0136266, 4.735618], [-74.0137607, 4.7356768], [-74.0138412, 4.7357891], [-74.0140343, 4.7359174], [-74.0141201, 4.7359922], [-74.0143669, 4.7360778], [-74.0146458, 4.7360991], [-74.0148336, 4.7359281], [-74.0149355, 4.7359334], [-74.0150803, 4.7361098], [-74.0153217, 4.7362488], [-74.0155309, 4.7362916], [-74.0157831, 4.7363664], [-74.0159869, 4.7365696], [-74.0164161, 4.7366765], [-74.0168291, 4.7367941], [-74.0171295, 4.7368743], [-74.0173817, 4.7369599], [-74.0175641, 4.7370401], [-74.0177679, 4.7371791], [-74.0178806, 4.7372806], [-74.0181488, 4.7373715], [-74.0185082, 4.7373608], [-74.0188247, 4.7373662], [-74.0192431, 4.7373287], [-74.019109, 4.7376602], [-74.0192378, 4.7380879], [-74.0196455, 4.7382643], [-74.0194577, 4.7390769], [-74.0190661, 4.7390448], [-74.018712, 4.7396864], [-74.0192056, 4.73982], [-74.0188381, 4.7422231], [-74.018704, 4.7423567], [-74.0182024, 4.7424316], [-74.0185485, 4.7421108], [-74.0184707, 4.7419504], [-74.0172207, 4.742052], [-74.0168667, 4.7419478], [-74.0161935, 4.7416804], [-74.0157241, 4.7415922], [-74.0154424, 4.7415481], [-74.0152882, 4.7416725], [-74.0151099, 4.7418168], [-74.0149837, 4.7419491], [-74.014796, 4.7421682], [-74.0145855, 4.7424436], [-74.0150777, 4.7425919], [-74.0149865, 4.7428031], [-74.0153781, 4.7429688], [-74.015362, 4.7430383], [-74.0156329, 4.7431052], [-74.0156731, 4.7431773], [-74.0157965, 4.7432201], [-74.0158743, 4.7432094], [-74.0159333, 4.743172], [-74.0160942, 4.7432281], [-74.0160513, 4.7435569], [-74.0163222, 4.7435917], [-74.0165663, 4.7436772], [-74.0165073, 4.7438616], [-74.0163973, 4.7440862], [-74.0166119, 4.7443348], [-74.0168265, 4.744153], [-74.0171134, 4.7442252], [-74.0173951, 4.744316], [-74.0174246, 4.7444577], [-74.0176311, 4.7446368], [-74.0177545, 4.7447384], [-74.0173877, 4.7449522], [-74.0174293, 4.7450244], [-74.0174554, 4.7451012], [-74.0174648, 4.7452162], [-74.0174782, 4.7453411], [-74.0174755, 4.7454628], [-74.0174782, 4.7456338], [-74.0174997, 4.7457381], [-74.0175426, 4.7459172], [-74.0176097, 4.7460468], [-74.017607, 4.7461324], [-74.0176043, 4.7462259], [-74.0175882, 4.7463221], [-74.0175895, 4.7464438], [-74.0175667, 4.7465707], [-74.0175426, 4.7466616], [-74.0175815, 4.7467137], [-74.0176445, 4.7467846], [-74.0176526, 4.7468033], [-74.0176512, 4.7468581], [-74.0176485, 4.746969], [-74.0176459, 4.7469957], [-74.0176298, 4.7470572], [-74.0176056, 4.747112], [-74.0175936, 4.7472136], [-74.0176204, 4.7472537], [-74.0175077, 4.7473847], [-74.0174112, 4.7474969], [-74.0173146, 4.7476466], [-74.0172154, 4.7477375], [-74.0170652, 4.7477642], [-74.0177437, 4.7478417], [-74.0178082, 4.7484673], [-74.021118, 4.7483202], [-74.0213969, 4.7483843], [-74.0218072, 4.7494455], [-74.0223652, 4.7496379], [-74.0232208, 4.7494856], [-74.0239854, 4.7514144], [-74.0225556, 4.7519127], [-74.0224912, 4.7527467], [-74.0225771, 4.753185], [-74.0223303, 4.7534737], [-74.021236, 4.7540778], [-74.0214827, 4.7547247], [-74.0226831, 4.7554197], [-74.022563, 4.7561314], [-74.0223032, 4.7563599], [-74.0227668, 4.7570669], [-74.0224765, 4.7572095], [-74.0226015, 4.7576898], [-74.0223596, 4.758281], [-74.0221253, 4.7583437], [-74.021875, 4.7578551], [-74.0217489, 4.7571525], [-74.0216658, 4.7570543], [-74.0212629, 4.7572066], [-74.0212521, 4.7573375], [-74.0212843, 4.7574618], [-74.0213218, 4.7577933], [-74.021342, 4.7580044], [-74.0214036, 4.7580312], [-74.021527, 4.7579202], [-74.0216571, 4.7579109], [-74.0217121, 4.7580646], [-74.0216799, 4.7582544], [-74.0215391, 4.7585203], [-74.0214747, 4.7586353], [-74.0215109, 4.7589106], [-74.0215203, 4.7590442], [-74.0213165, 4.7590643], [-74.021299, 4.7590816], [-74.0212762, 4.7591993], [-74.0213245, 4.7594465], [-74.0215659, 4.7594104], [-74.0216209, 4.7596938], [-74.0212668, 4.7597472], [-74.0211589, 4.7597526], [-74.0211146, 4.7597639], [-74.021069, 4.7597873], [-74.0210576, 4.7598307], [-74.0210771, 4.7599063], [-74.021118, 4.7600219], [-74.0211421, 4.7601194], [-74.0211663, 4.760243], [-74.0212266, 4.7604555], [-74.0211823, 4.7607201], [-74.0211475, 4.7610583], [-74.0211193, 4.7611693], [-74.0211274, 4.7612989], [-74.0210697, 4.7614271], [-74.0210053, 4.7615248], [-74.0209181, 4.7615502], [-74.0208632, 4.761625], [-74.0208123, 4.7616811], [-74.0207345, 4.7617733], [-74.0206486, 4.7618254], [-74.0205419, 4.7618542], [-74.0204347, 4.7618802], [-74.0203187, 4.7618395], [-74.0201705, 4.7617813], [-74.0199673, 4.7616343], [-74.019793, 4.7613884], [-74.0196904, 4.7612521], [-74.0196347, 4.7610823], [-74.0195402, 4.7609634], [-74.0193531, 4.7607809], [-74.0188797, 4.7603206], [-74.0184331, 4.7598562], [-74.0184002, 4.7594387], [-74.0186016, 4.7592275], [-74.0188053, 4.759099], [-74.018932, 4.7583787], [-74.0180167, 4.7579262], [-74.0176512, 4.7587119], [-74.0167335, 4.7573373], [-74.0162412, 4.7571085], [-74.0159217, 4.757146], [-74.0156941, 4.7572126], [-74.0155035, 4.7570748], [-74.0153069, 4.757012], [-74.0151128, 4.7570104], [-74.0149457, 4.7570626], [-74.0147991, 4.757181], [-74.0146246, 4.7574477], [-74.0144756, 4.7580649], [-74.014071, 4.7583846], [-74.0134642, 4.7588695], [-74.0132974, 4.7589111], [-74.0132134, 4.7588243], [-74.012956, 4.7584962], [-74.0128096, 4.758661], [-74.0128049, 4.7586676], [-74.0127999, 4.7586746], [-74.0131162, 4.7591], [-74.0132476, 4.7590497], [-74.0135217, 4.7595573], [-74.0136236, 4.7597671], [-74.013817, 4.7596697], [-74.0138841, 4.7598221], [-74.0141067, 4.7596937], [-74.0142334, 4.7599461], [-74.0143537, 4.7601855], [-74.0144783, 4.7604335], [-74.0145376, 4.7605516], [-74.0146125, 4.760688], [-74.0147537, 4.7609254], [-74.014815, 4.7610782], [-74.0151721, 4.7617539], [-74.0158287, 4.7614071], [-74.0160888, 4.7618562], [-74.0153888, 4.7621262], [-74.0155846, 4.7621956], [-74.0157997, 4.7628609], [-74.0159956, 4.7634146], [-74.0176204, 4.7634046], [-74.0178775, 4.7634651], [-74.0186506, 4.7636469], [-74.0185152, 4.7633711], [-74.0182031, 4.7618992], [-74.0186903, 4.761775], [-74.0188288, 4.7612492], [-74.0183212, 4.760595], [-74.0182028, 4.760884], [-74.0180914, 4.7609202], [-74.0179366, 4.7609473], [-74.0177477, 4.7609059], [-74.0176537, 4.7609525], [-74.0172618, 4.7612535], [-74.0169598, 4.7613845], [-74.0165493, 4.7608746], [-74.0167675, 4.7599397], [-74.0166441, 4.7595095], [-74.016163, 4.7591089], [-74.0159854, 4.7589451], [-74.015878, 4.7586976], [-74.0156556, 4.7578274], [-74.0157227, 4.7577506], [-74.015867, 4.7579435], [-74.0163395, 4.7580173], [-74.01624, 4.7583788], [-74.0159861, 4.7584415], [-74.0160336, 4.7586363], [-74.0164603, 4.758793], [-74.0172878, 4.7586901], [-74.0174595, 4.7590723], [-74.0182414, 4.7599624], [-74.0186825, 4.760346], [-74.0188905, 4.7606038], [-74.0192901, 4.7610102], [-74.0195543, 4.7614966], [-74.0198265, 4.7618201], [-74.0201296, 4.7620459], [-74.0203965, 4.7621235], [-74.0205333, 4.7623854], [-74.0206406, 4.7626193], [-74.0206097, 4.7629801], [-74.0205145, 4.7631873], [-74.0203254, 4.7634051], [-74.0205132, 4.7638889], [-74.0215391, 4.7642818], [-74.0213594, 4.7643768], [-74.021405, 4.7646521], [-74.0199539, 4.7646868], [-74.0199915, 4.764882], [-74.0225986, 4.7647055], [-74.0226898, 4.7646975], [-74.0226871, 4.7648485], [-74.0227273, 4.7651011], [-74.0227528, 4.7653069], [-74.0227675, 4.7655315], [-74.0227783, 4.7657066], [-74.022797, 4.7659017], [-74.0228212, 4.7662211], [-74.0228507, 4.7664229], [-74.0228748, 4.7666448], [-74.0228802, 4.7668532], [-74.0228856, 4.7670123], [-74.022785, 4.7671246], [-74.0227904, 4.767182], [-74.0227273, 4.7676217], [-74.0227125, 4.7678863], [-74.0226723, 4.7683728], [-74.0226791, 4.7686454], [-74.0226831, 4.7688739], [-74.0226844, 4.7689809], [-74.0228882, 4.7690143], [-74.0233979, 4.7690798], [-74.0237921, 4.7691399], [-74.0243594, 4.7692241], [-74.024975, 4.7693391], [-74.0254591, 4.7694299], [-74.0257823, 4.7695155], [-74.0261015, 4.7696104], [-74.0264274, 4.7697146], [-74.0268298, 4.7698242], [-74.0270081, 4.7698897], [-74.0269545, 4.7700407], [-74.0269437, 4.7701182], [-74.026937, 4.7701864], [-74.0269424, 4.7702626], [-74.0269719, 4.7703775], [-74.0270202, 4.7705071], [-74.0272214, 4.7709441], [-74.0273072, 4.771146], [-74.0273823, 4.7713625], [-74.0274145, 4.7715188], [-74.0274279, 4.7716431], [-74.0274131, 4.7717821], [-74.0273622, 4.7719612], [-74.0272871, 4.7721055], [-74.0271503, 4.7723247], [-74.0270403, 4.7725145], [-74.0269008, 4.7727911], [-74.0267788, 4.773021], [-74.0266326, 4.7733057], [-74.0265052, 4.7735275], [-74.0264086, 4.77372], [-74.0263322, 4.7738964], [-74.0262705, 4.7740661], [-74.0262397, 4.7742145], [-74.026186, 4.7746381], [-74.0261391, 4.7750217], [-74.0260988, 4.7753291], [-74.0260492, 4.7756431], [-74.0260425, 4.7758395], [-74.0260398, 4.7760628], [-74.0260519, 4.7763621], [-74.0260586, 4.7767778], [-74.0260707, 4.7770905], [-74.0260854, 4.7773511], [-74.0261176, 4.7775409], [-74.026174, 4.7777828], [-74.0262719, 4.7780955], [-74.0263724, 4.7783775], [-74.0264945, 4.7787129], [-74.0265776, 4.7789281], [-74.0266353, 4.7791954], [-74.0266594, 4.7793959], [-74.0266849, 4.7795121], [-74.0267493, 4.7797353], [-74.0268096, 4.7801055], [-74.0268499, 4.7803835], [-74.0269196, 4.7810009], [-74.0269478, 4.7812], [-74.0269732, 4.7813364], [-74.027039, 4.7815128], [-74.0271221, 4.7816919], [-74.0272629, 4.7819645], [-74.0273353, 4.7821783], [-74.0273568, 4.7823173], [-74.0273997, 4.7826367], [-74.0274373, 4.7828211], [-74.0274614, 4.7829481], [-74.0275392, 4.7831112], [-74.0276961, 4.7833424], [-74.0278919, 4.783619], [-74.0279493, 4.7837087], [-74.0280099, 4.7838034], [-74.0281266, 4.7840012], [-74.0282084, 4.7842084], [-74.0282419, 4.7844155], [-74.028246, 4.7846053], [-74.0282379, 4.7847563], [-74.0282138, 4.784902], [-74.0281829, 4.7850329], [-74.02814, 4.7851372], [-74.0280569, 4.7853243], [-74.0279214, 4.7855715], [-74.0278544, 4.7857239], [-74.0278302, 4.785792], [-74.0278047, 4.785907], [-74.0277994, 4.7860099], [-74.0278021, 4.7861342], [-74.0278316, 4.7862558], [-74.0279, 4.7864429], [-74.0279898, 4.7866767], [-74.0281105, 4.78692], [-74.0281682, 4.7871218], [-74.0282232, 4.7873276], [-74.0283224, 4.7877526], [-74.0283868, 4.7879971], [-74.0284203, 4.7882056], [-74.0284377, 4.7884341], [-74.0284297, 4.788672], [-74.0284136, 4.7888257], [-74.0283707, 4.7890168], [-74.0282902, 4.789256], [-74.0281749, 4.7895447], [-74.0281199, 4.7896971], [-74.0280743, 4.7898855], [-74.0280689, 4.7900445], [-74.028085, 4.7901621], [-74.0281467, 4.7903613], [-74.0282433, 4.7905069], [-74.0283787, 4.7906553], [-74.0285678, 4.7908464], [-74.0286979, 4.7909907], [-74.0287998, 4.7911738], [-74.0288669, 4.7914398], [-74.0289232, 4.7916803], [-74.0289554, 4.7918166], [-74.0290023, 4.791969], [-74.0290506, 4.7920652], [-74.0290962, 4.7921427], [-74.0292183, 4.792275], [-74.0294006, 4.7924728], [-74.0296166, 4.7927548], [-74.0298432, 4.7930368], [-74.0301839, 4.7935165], [-74.0304655, 4.7938881], [-74.0307726, 4.7942903], [-74.0310019, 4.7946685], [-74.0312353, 4.7950842], [-74.0313211, 4.7954156], [-74.0314016, 4.7957724], [-74.0314445, 4.796017], [-74.0314298, 4.796327], [-74.03142, 4.796423], [-74.0313743, 4.7965961], [-74.0312775, 4.7969115], [-74.0309109, 4.7976479], [-74.0308229, 4.7978593], [-74.0307259, 4.7982572], [-74.0305285, 4.7992653], [-74.0303279, 4.8005802], [-74.030175, 4.8019329], [-74.0301368, 4.8021032], [-74.0300694, 4.8025242], [-74.0300006, 4.8028135], [-74.0299487, 4.8029768], [-74.0298164, 4.8033551], [-74.029766, 4.8035612], [-74.0297145, 4.8058382], [-74.0297332, 4.807212], [-74.0297372, 4.8076063], [-74.0299022, 4.8080526], [-74.0300632, 4.8084281], [-74.0301398, 4.8085947], [-74.0302202, 4.8089146], [-74.0290386, 4.8088985], [-74.0264019, 4.8085697], [-74.0264073, 4.8087248], [-74.0262812, 4.8087568], [-74.0260425, 4.8087194], [-74.0257582, 4.8086473], [-74.0253747, 4.8085858], [-74.0251815, 4.8085778], [-74.0251011, 4.8085965], [-74.0249133, 4.8086205], [-74.024798, 4.8086285], [-74.0245083, 4.8086205], [-74.0242964, 4.8085457], [-74.024173, 4.8085323], [-74.0241087, 4.8085484], [-74.0239719, 4.8085671], [-74.0238324, 4.8085911], [-74.0237626, 4.8085885], [-74.0236339, 4.8084922], [-74.0234032, 4.8084308], [-74.0230948, 4.8084789], [-74.0231055, 4.8085965], [-74.0231162, 4.8087916], [-74.0231431, 4.808984], [-74.0231431, 4.8090696], [-74.0231779, 4.8093636], [-74.023186, 4.8095907], [-74.0232289, 4.8097752], [-74.0232584, 4.8100264], [-74.0233147, 4.8102055], [-74.0234461, 4.8109271], [-74.023422, 4.8112398], [-74.023591, 4.8114617], [-74.0235937, 4.8117209], [-74.0235977, 4.8120204], [-74.02365, 4.8122368], [-74.023658, 4.812349], [-74.023658, 4.8126083], [-74.0236929, 4.8127312], [-74.0236875, 4.8129424], [-74.0236983, 4.8130787], [-74.0237144, 4.8132391], [-74.0237331, 4.8133032], [-74.0237868, 4.8133521], [-74.0239236, 4.8134235], [-74.024047, 4.8134903], [-74.0241435, 4.8134983], [-74.0242615, 4.8134823], [-74.0243661, 4.8133807], [-74.0244815, 4.813378], [-74.02468, 4.8134368], [-74.0247631, 4.8134422], [-74.0249696, 4.8134582], [-74.0251735, 4.8135357], [-74.0253022, 4.8135972], [-74.0253317, 4.8136293], [-74.0254283, 4.8136881], [-74.0254873, 4.8137282], [-74.0255785, 4.8137683], [-74.0256831, 4.8137736], [-74.0257877, 4.8137683], [-74.0259352, 4.8137014], [-74.0260157, 4.8136774], [-74.0261069, 4.8136694], [-74.0262678, 4.8136667], [-74.026418, 4.8136934], [-74.0265656, 4.8137041], [-74.0266889, 4.8137816], [-74.0268204, 4.8138164], [-74.0269706, 4.8138565], [-74.0270457, 4.8138378], [-74.0272173, 4.8138084], [-74.0272924, 4.8138057], [-74.027389, 4.8138003], [-74.0274963, 4.8137656], [-74.0275687, 4.8137202], [-74.0277645, 4.8136774], [-74.0278637, 4.813632], [-74.0279388, 4.8135919], [-74.0280005, 4.8135117], [-74.0280157, 4.8134147], [-74.028068, 4.8132807], [-74.0281212, 4.8131696], [-74.0281346, 4.8130947], [-74.0281083, 4.8130071], [-74.028089, 4.8129103], [-74.028089, 4.8127954], [-74.028199, 4.8127152], [-74.0281947, 4.8125857], [-74.0281802, 4.8124559], [-74.0281963, 4.8123571], [-74.0282875, 4.8122876], [-74.0283197, 4.8121673], [-74.0283412, 4.8120978], [-74.0283465, 4.8120203], [-74.02836, 4.8119321], [-74.0283948, 4.8119054], [-74.0284994, 4.811884], [-74.0285853, 4.811876], [-74.0287355, 4.811892], [-74.0287998, 4.8119321], [-74.0289849, 4.8119267], [-74.0290546, 4.8118786], [-74.0291968, 4.8118305], [-74.0292531, 4.8118278], [-74.0293202, 4.8118492], [-74.0294006, 4.811884], [-74.0295213, 4.8119508], [-74.0295616, 4.8119855], [-74.0296528, 4.812047], [-74.0297493, 4.8121325], [-74.0297976, 4.812186], [-74.029929, 4.8122528], [-74.0300551, 4.8122902], [-74.0301986, 4.8123103], [-74.0302925, 4.8123036], [-74.0307096, 4.8125682], [-74.0309617, 4.8127834], [-74.0309604, 4.8129785], [-74.0309604, 4.8131829], [-74.0309536, 4.8134368], [-74.030951, 4.813656], [-74.0309496, 4.8138391], [-74.0309443, 4.8140329], [-74.0309402, 4.814113], [-74.0309402, 4.8142761], [-74.0309215, 4.8144471], [-74.0309067, 4.8146302], [-74.0308879, 4.8147759], [-74.0308665, 4.8149028], [-74.0308343, 4.8150498], [-74.0308249, 4.8151501], [-74.0307981, 4.8152316], [-74.0307578, 4.8153666], [-74.0307069, 4.8155764], [-74.0306653, 4.8157287], [-74.0306452, 4.8158597], [-74.0306318, 4.8159465], [-74.0306318, 4.8160535], [-74.0306345, 4.8162806], [-74.0306385, 4.8164824], [-74.0306278, 4.8166401], [-74.0306224, 4.8168232], [-74.0306237, 4.8169715], [-74.0306371, 4.8171546], [-74.0306465, 4.817299], [-74.0306816, 4.8174671], [-74.0307318, 4.8175915], [-74.030794, 4.8177441], [-74.0308895, 4.8179701], [-74.0309241, 4.8180941], [-74.0309496, 4.8182718], [-74.0309764, 4.8184469], [-74.0309899, 4.8185618], [-74.0309992, 4.8186487], [-74.0310006, 4.818801], [-74.031006, 4.81892], [-74.026292, 4.8190763], [-74.0261686, 4.8194986], [-74.0260023, 4.8197124], [-74.0260559, 4.8203646], [-74.0261176, 4.8205784], [-74.0261176, 4.8207067], [-74.0260613, 4.8208617], [-74.0260372, 4.8209766], [-74.026005, 4.8210835], [-74.0259808, 4.8212198], [-74.0259647, 4.821284], [-74.0259862, 4.8213214], [-74.0260184, 4.8213695], [-74.0261337, 4.8215165], [-74.0261954, 4.8216154], [-74.0262812, 4.8217277], [-74.0263322, 4.8218159], [-74.0263537, 4.8219148], [-74.0263456, 4.8219923], [-74.0263054, 4.822027], [-74.0262759, 4.8220644], [-74.0262276, 4.8220992], [-74.0261659, 4.8221393], [-74.0260667, 4.822182], [-74.0258682, 4.8223237], [-74.0253854, 4.8230587], [-74.0254927, 4.8231495], [-74.0258145, 4.8232618], [-74.0261096, 4.8232778], [-74.0263188, 4.8232672], [-74.0268822, 4.8233027], [-74.02722, 4.823342], [-74.0275955, 4.8233527], [-74.0281051, 4.8234115], [-74.0285718, 4.8234489], [-74.0287864, 4.8234435], [-74.0291405, 4.8234917], [-74.0293711, 4.8234703], [-74.0295696, 4.8234649], [-74.0297252, 4.8234489], [-74.0299666, 4.8234435], [-74.0302476, 4.8234848], [-74.0304601, 4.8234382], [-74.0306318, 4.8234489], [-74.0310609, 4.8234596], [-74.0314231, 4.8234743], [-74.0317583, 4.8236948], [-74.0323913, 4.824069], [-74.0329278, 4.8245607], [-74.03355, 4.8252129], [-74.0338129, 4.8254962], [-74.0341529, 4.8255467], [-74.0342643, 4.8255643], [-74.034504, 4.8256021], [-74.0347923, 4.8256491], [-74.0352438, 4.8257314], [-74.0357548, 4.8258169], [-74.0366637, 4.825993], [-74.0370421, 4.8260636], [-74.0375308, 4.8261592], [-74.0379769, 4.8262496], [-74.038449, 4.8263351], [-74.0388095, 4.8264121], [-74.03932, 4.8265303], [-74.0400025, 4.8266858], [-74.0403513, 4.8267806], [-74.0405947, 4.8268397], [-74.0406806, 4.8268568], [-74.0407678, 4.8268604], [-74.0408195, 4.827213], [-74.040982, 4.8288232], [-74.0410075, 4.8289186], [-74.0410598, 4.8290301], [-74.0418158, 4.8300704], [-74.0424105, 4.8308967], [-74.0427278, 4.831336], [-74.0431786, 4.831959], [-74.0435481, 4.832467], [-74.0438487, 4.8329384], [-74.0439187, 4.8329926], [-74.0440281, 4.8330893], [-74.0441408, 4.8331205], [-74.0443329, 4.8328032], [-74.0443807, 4.8326912], [-74.04447, 4.832487], [-74.0445153, 4.8323755], [-74.0446762, 4.8318624], [-74.0447406, 4.8314989], [-74.0448461, 4.8311489], [-74.0450124, 4.8308442], [-74.0451787, 4.8306598], [-74.0455891, 4.8303738], [-74.0458533, 4.8302108], [-74.0460558, 4.8301306], [-74.0463025, 4.8301111], [-74.0465943, 4.8301923], [-74.0469291, 4.8303292], [-74.0471951, 4.8304489], [-74.0475192, 4.8305957], [-74.0476672, 4.8306627], [-74.0479419, 4.8307739], [-74.0481908, 4.8307739], [-74.0484189, 4.8307614], [-74.0487032, 4.8307213], [-74.048911, 4.8306812], [-74.0491263, 4.8306029], [-74.0494696, 4.8305858], [-74.0497271, 4.8306371], [-74.0500361, 4.8307739], [-74.0503795, 4.8309271], [-74.0506518, 4.8311529], [-74.0509173, 4.8314964], [-74.0510823, 4.8316941], [-74.0513064, 4.8319627], [-74.0514497, 4.8321231], [-74.0516497, 4.8323134], [-74.0519416, 4.8326042], [-74.0520961, 4.8327667], [-74.0522935, 4.8328949], [-74.0525595, 4.8330746], [-74.0527312, 4.8331686], [-74.0529458, 4.833237], [-74.0530745, 4.8332542], [-74.0533125, 4.833243], [-74.0535365, 4.8330799], [-74.0536331, 4.8329035], [-74.0536384, 4.832655], [-74.0536451, 4.8323784], [-74.053641, 4.8320653], [-74.0537444, 4.8317088], [-74.0538973, 4.8313601], [-74.0541903, 4.8309193], [-74.0545182, 4.8305823], [-74.054915, 4.8302153], [-74.0554583, 4.8296977], [-74.055402, 4.8292861], [-74.0553376, 4.8288691], [-74.0552625, 4.8286633], [-74.0552062, 4.8285056], [-74.0551257, 4.8284174], [-74.0539885, 4.8276985], [-74.0529048, 4.8269956], [-74.0528834, 4.8269261], [-74.0528217, 4.8265706], [-74.0529397, 4.8253572], [-74.0530604, 4.824975], [-74.0533206, 4.8231709], [-74.0534923, 4.8217998], [-74.0539241, 4.8183173], [-74.0552652, 4.8184776], [-74.0552652, 4.8189053], [-74.055748, 4.8189694], [-74.0554476, 4.8218453], [-74.0575719, 4.8220377], [-74.0585697, 4.8153986], [-74.0629309, 4.8198942], [-74.0647656, 4.8217972], [-74.0660584, 4.823187], [-74.0668416, 4.8217972], [-74.0672386, 4.8219949], [-74.0686011, 4.8227059], [-74.0696311, 4.8232351], [-74.0697545, 4.8234542], [-74.0699261, 4.8239086], [-74.0697867, 4.8242721], [-74.0710956, 4.8241759], [-74.0715355, 4.8244966], [-74.0728444, 4.8254908], [-74.0730912, 4.8248868], [-74.073354, 4.8244538], [-74.0739039, 4.8250311], [-74.0746602, 4.8246409], [-74.074392, 4.8242026], [-74.0741748, 4.8238979], [-74.0745315, 4.823497], [-74.074797, 4.8237135], [-74.0749607, 4.8237856], [-74.0751886, 4.8238498], [-74.0752021, 4.8237215], [-74.0752262, 4.8235745], [-74.0753308, 4.8235104], [-74.0755159, 4.8234997], [-74.0755749, 4.823505], [-74.0758136, 4.8235718], [-74.0759343, 4.8239326], [-74.076291, 4.8238712], [-74.0762562, 4.8233928], [-74.0769884, 4.8231095], [-74.0777528, 4.8228048], [-74.0777501, 4.8225455], [-74.078182, 4.8225268], [-74.0781793, 4.8218239], [-74.0777743, 4.8216448], [-74.0778494, 4.821423], [-74.077844, 4.8213161], [-74.0782617, 4.8198949], [-74.0784288, 4.8198087], [-74.0787131, 4.8191137], [-74.0779138, 4.8187877], [-74.0783376, 4.8172909], [-74.0785146, 4.8166121], [-74.0796626, 4.8147411], [-74.0796036, 4.8146823], [-74.0787828, 4.8141157], [-74.0781659, 4.8137415], [-74.0769428, 4.8137148], [-74.0769321, 4.8138057], [-74.0759558, 4.8137041], [-74.0745825, 4.8135598], [-74.0745288, 4.8142707], [-74.0729302, 4.8138912], [-74.0700978, 4.813223], [-74.0696023, 4.8130921], [-74.0668792, 4.8124426], [-74.0655702, 4.8121432], [-74.0649211, 4.8119348], [-74.061091, 4.8106999], [-74.0573734, 4.8095239], [-74.0568531, 4.8108657], [-74.0542967, 4.8098438], [-74.0535003, 4.8117931], [-74.0527305, 4.8116114], [-74.0501234, 4.8106492], [-74.0469638, 4.8094758], [-74.0456119, 4.8089065], [-74.0444072, 4.8084518], [-74.0440595, 4.8082009], [-74.0436083, 4.808102], [-74.0434045, 4.8081127], [-74.0429807, 4.8079898], [-74.0411649, 4.8076379], [-74.0410211, 4.8066881], [-74.0409154, 4.8059898], [-74.0408591, 4.8055248], [-74.0409523, 4.8052636], [-74.0411568, 4.8048198], [-74.0414035, 4.8042532], [-74.0416235, 4.8037561], [-74.0415698, 4.8033017], [-74.0415752, 4.8030077], [-74.0416932, 4.8026923], [-74.0418724, 4.8021471], [-74.0420215, 4.8016181], [-74.0425366, 4.8016847], [-74.0430682, 4.8017979], [-74.0439338, 4.8019672], [-74.0441597, 4.8020293], [-74.0441973, 4.8021175], [-74.0436719, 4.8041753], [-74.0451278, 4.8044978], [-74.0456534, 4.8023168], [-74.0460525, 4.8023924], [-74.046444, 4.8024454], [-74.0465252, 4.80246], [-74.0469963, 4.8025678], [-74.0473312, 4.8026398], [-74.0478167, 4.802735], [-74.0482087, 4.8028149], [-74.0482351, 4.8026896], [-74.048206, 4.8023087], [-74.0481995, 4.8021933], [-74.0481972, 4.802153], [-74.0483478, 4.8012931], [-74.0485413, 4.8004091], [-74.0485838, 4.8002026], [-74.0487367, 4.799489], [-74.0488869, 4.798786], [-74.0489768, 4.7983062], [-74.0490478, 4.7979962], [-74.0491001, 4.7979414], [-74.0491551, 4.797924], [-74.0492798, 4.7979588], [-74.0496795, 4.7980817], [-74.0499437, 4.7981579], [-74.0502012, 4.7982394], [-74.0510997, 4.7985695], [-74.0520747, 4.7989076], [-74.0523161, 4.7989932], [-74.0523899, 4.7990079], [-74.0525803, 4.7989932], [-74.0530336, 4.7989183], [-74.053216, 4.7971222], [-74.0538919, 4.7974803], [-74.0539026, 4.7972451], [-74.0539241, 4.795727], [-74.0540099, 4.7940431], [-74.0540582, 4.7918353], [-74.055351, 4.7918621], [-74.0557802, 4.7907021], [-74.0562791, 4.7892908], [-74.0559304, 4.7892801], [-74.0559197, 4.7890449], [-74.0559465, 4.7885691], [-74.0559733, 4.7881254], [-74.0559894, 4.7879383], [-74.0560967, 4.7877192], [-74.0561986, 4.7874946], [-74.0563005, 4.7870991], [-74.0563488, 4.7869815], [-74.0565205, 4.7869333], [-74.0582022, 4.7869574], [-74.0582478, 4.7854018], [-74.0582934, 4.7841242], [-74.0584946, 4.783782], [-74.0587226, 4.7837954], [-74.0589747, 4.7824296], [-74.0591759, 4.7813096], [-74.0593261, 4.7803421], [-74.0588057, 4.7802993], [-74.0590149, 4.7783427], [-74.0597549, 4.7783703], [-74.0602541, 4.7783962], [-74.060863, 4.7777347], [-74.0610132, 4.7775235], [-74.0612452, 4.7772201], [-74.0614396, 4.7769034], [-74.0618742, 4.7763796], [-74.0620029, 4.7761777], [-74.0621772, 4.7757594], [-74.0622349, 4.7756191], [-74.0624924, 4.7752155], [-74.0627794, 4.7747183], [-74.0629967, 4.7742719], [-74.0630423, 4.7741115], [-74.0630946, 4.7739151], [-74.0631375, 4.7738122], [-74.0632904, 4.7735395], [-74.0634218, 4.7733752], [-74.0635251, 4.7732201], [-74.0636243, 4.7730277], [-74.063741, 4.7725666], [-74.0627915, 4.7721977], [-74.0627726, 4.7721015], [-74.0630436, 4.7715737], [-74.0632555, 4.7711593], [-74.0633494, 4.7712007], [-74.0636216, 4.7713504], [-74.0637785, 4.7714186], [-74.0639958, 4.7714961], [-74.0641594, 4.7715522], [-74.0643525, 4.7714654], [-74.0647388, 4.7710203], [-74.0649506, 4.7707624], [-74.0651022, 4.7706167], [-74.0652578, 4.7704483], [-74.065365, 4.7703], [-74.0657298, 4.7700447], [-74.0659256, 4.7699498], [-74.0663293, 4.7697306], [-74.0665412, 4.7696438], [-74.0666646, 4.7696398], [-74.0667947, 4.7696464], [-74.0669248, 4.769617], [-74.0671004, 4.7695796], [-74.0671581, 4.7695596], [-74.0673016, 4.7694807], [-74.0673968, 4.7694446], [-74.0674706, 4.7694086], [-74.0675376, 4.7693538], [-74.0675564, 4.7692575], [-74.0675551, 4.7692054], [-74.0675309, 4.7691226], [-74.0674558, 4.7690143], [-74.0673982, 4.7689261], [-74.0673003, 4.7688833], [-74.0672547, 4.7688619], [-74.0671353, 4.768886], [-74.067083, 4.7688245], [-74.0674183, 4.7683728], [-74.0678005, 4.7678021], [-74.0681867, 4.7672502], [-74.0684536, 4.766884], [-74.0687178, 4.7665151], [-74.0690048, 4.7661222], [-74.069273, 4.7657694], [-74.0695788, 4.7653764], [-74.0698686, 4.7650116], [-74.0711521, 4.7633763], [-74.0714097, 4.7633332], [-74.0714711, 4.7630563], [-74.0715174, 4.7628588], [-74.0716477, 4.7626383], [-74.071392, 4.7620807], [-74.0714027, 4.7620272], [-74.0714416, 4.7619524], [-74.071506, 4.7619003], [-74.0716696, 4.7618067], [-74.0718305, 4.7616784], [-74.0720317, 4.7614739], [-74.0722878, 4.7612213], [-74.0725265, 4.7609808], [-74.0729168, 4.7605986], [-74.0733433, 4.7601695], [-74.0736866, 4.7598448], [-74.0740648, 4.7594238], [-74.0742338, 4.7592514], [-74.0744108, 4.7591151], [-74.0748319, 4.7588424], [-74.0750384, 4.7587168], [-74.0751149, 4.7586954], [-74.0751994, 4.7586981], [-74.0752959, 4.7586914], [-74.0753871, 4.7586673], [-74.0754314, 4.7586553], [-74.0755373, 4.7586166], [-74.0755977, 4.7585992], [-74.0757009, 4.7585952], [-74.0757425, 4.7585965], [-74.0758619, 4.7586005], [-74.0759933, 4.7586166], [-74.0761073, 4.7586219], [-74.0762763, 4.7586192], [-74.0764131, 4.7586125], [-74.0765338, 4.7586125], [-74.0765699, 4.7586174], [-74.076633, 4.7586259], [-74.0767296, 4.758646], [-74.0768154, 4.7586727], [-74.0769428, 4.7587261], [-74.0770501, 4.758793], [-74.0771829, 4.7589026], [-74.0772727, 4.7589881], [-74.0772942, 4.7590416], [-74.0773599, 4.7590442], [-74.0773951, 4.7588872], [-74.0774328, 4.7588051], [-74.0779406, 4.7588277], [-74.0784648, 4.7588611], [-74.0789008, 4.7588384], [-74.0793253, 4.7587886], [-74.0798262, 4.7586379], [-74.0801287, 4.7585396], [-74.080493, 4.758388], [-74.0805437, 4.7583426], [-74.0807366, 4.7583442], [-74.0807368, 4.7582597], [-74.0807503, 4.7582049], [-74.0816459, 4.758172], [-74.0819729, 4.7580509], [-74.0820202, 4.7580338], [-74.0821758, 4.7580098], [-74.0835142, 4.7578173], [-74.0836283, 4.7578131], [-74.0842626, 4.7579216], [-74.0847681, 4.7580138], [-74.0853029, 4.7580877], [-74.0858407, 4.7581724], [-74.0859362, 4.7581768], [-74.0860298, 4.7581669], [-74.0861991, 4.7581033], [-74.0863963, 4.7580181], [-74.0866202, 4.7579296], [-74.0869153, 4.7578147], [-74.0873659, 4.7576356], [-74.0876567, 4.7575215], [-74.0877923, 4.7575233], [-74.0880659, 4.7575327], [-74.0885517, 4.7575606], [-74.088855, 4.7575805], [-74.0890133, 4.7575804], [-74.0891903, 4.757553], [-74.0891992, 4.7576329], [-74.0891529, 4.7576543], [-74.0886287, 4.7581856], [-74.0887512, 4.7583011], [-74.0888887, 4.758442], [-74.0893079, 4.7588626], [-74.0894844, 4.7590409], [-74.0895819, 4.7591419], [-74.0897235, 4.7592941], [-74.0898905, 4.7594643], [-74.0902021, 4.7597629], [-74.0902955, 4.7596777], [-74.0904182, 4.7595588], [-74.0906529, 4.7593262], [-74.0911178, 4.7588602], [-74.0913465, 4.7586365], [-74.0914844, 4.7584829], [-74.091542, 4.7584077], [-74.0915907, 4.7583372], [-74.0916333, 4.7582477], [-74.091691, 4.7581569], [-74.0917501, 4.758105], [-74.0917996, 4.7580953], [-74.0919551, 4.7580993], [-74.0919773, 4.7581474], [-74.0920256, 4.7582152], [-74.0922192, 4.7584152], [-74.0925966, 4.7587643], [-74.092734, 4.7587437], [-74.0930333, 4.75884], [-74.0931963, 4.7588174], [-74.0933177, 4.758797], [-74.0935443, 4.7588919], [-74.0937461, 4.7589847], [-74.0939432, 4.7590593], [-74.094042, 4.7590109], [-74.094184, 4.7590001], [-74.0943061, 4.7590349], [-74.0944315, 4.759043], [-74.0944963, 4.759143], [-74.0945818, 4.7592387], [-74.0946752, 4.7592911], [-74.0948006, 4.7594064], [-74.0949806, 4.7595237], [-74.0952107, 4.7596237], [-74.0953989, 4.7597133], [-74.0955978, 4.7598821], [-74.0956174, 4.7600684], [-74.0956606, 4.7602003], [-74.0958379, 4.7603727], [-74.0960307, 4.7605157], [-74.096083, 4.7605972], [-74.0959822, 4.7607316], [-74.0957652, 4.76093], [-74.0955941, 4.7610576], [-74.0955026, 4.7612564], [-74.0954635, 4.761375], [-74.0956003, 4.761335], [-74.0957998, 4.7613061], [-74.0960214, 4.7612227], [-74.0962057, 4.7610761], [-74.0965604, 4.7610664], [-74.0969387, 4.7609901], [-74.097038, 4.7609906], [-74.0970965, 4.7611381], [-74.0973036, 4.7611669], [-74.0975207, 4.7611131], [-74.0977558, 4.7610775], [-74.0982269, 4.7612217], [-74.0985449, 4.7612931], [-74.0987643, 4.7613249], [-74.0989959, 4.761359], [-74.0992656, 4.7614133], [-74.0995324, 4.7615515], [-74.0997935, 4.7616543], [-74.1000205, 4.7617225], [-74.1002378, 4.7617626], [-74.1006127, 4.7617993], [-74.1007672, 4.7618376], [-74.1006486, 4.7622473], [-74.1008713, 4.7623095], [-74.1007289, 4.7629592], [-74.1012316, 4.7631666], [-74.1012973, 4.7632327], [-74.101316, 4.7633343], [-74.1011819, 4.7637353], [-74.1010572, 4.7641852], [-74.1008185, 4.764824], [-74.1006563, 4.7650533], [-74.1007335, 4.765149], [-74.1009616, 4.7650011], [-74.1011216, 4.7647078], [-74.1012821, 4.7642863], [-74.1014213, 4.7637789], [-74.1016267, 4.7633497], [-74.1019768, 4.7627755], [-74.102279, 4.7622692], [-74.1024533, 4.7623587], [-74.1026129, 4.762411], [-74.1028427, 4.76243], [-74.1031499, 4.7625548], [-74.103541, 4.7626533], [-74.1041209, 4.7628941], [-74.1041556, 4.76308], [-74.104112, 4.7634539], [-74.104204, 4.7637454], [-74.1042659, 4.7638235], [-74.1043653, 4.7638321], [-74.1045513, 4.763711], [-74.1047328, 4.763512], [-74.1049132, 4.7634037], [-74.1053103, 4.7635093], [-74.1054932, 4.763602], [-74.1053916, 4.7640862], [-74.1052952, 4.7644858], [-74.1051543, 4.7647884], [-74.1050471, 4.7650982], [-74.1050684, 4.765478], [-74.1051438, 4.7658133], [-74.1052343, 4.7660338], [-74.1053586, 4.766223], [-74.1056505, 4.7662264], [-74.1057941, 4.7661209], [-74.1058299, 4.7658998], [-74.1059497, 4.7656876], [-74.1060689, 4.7653283], [-74.1061591, 4.764933], [-74.1065587, 4.7637919], [-74.1066054, 4.7635856], [-74.1067468, 4.763516], [-74.1069589, 4.7632969], [-74.1070992, 4.7629241], [-74.1071062, 4.7627207], [-74.1072204, 4.7625975], [-74.107402, 4.7625728], [-74.1076205, 4.7626095], [-74.1078235, 4.7625478], [-74.1079213, 4.762406], [-74.1079876, 4.7621838], [-74.1078897, 4.7620772], [-74.1077441, 4.7620772], [-74.1076407, 4.7621502], [-74.1075441, 4.7622598], [-74.1074288, 4.7622339], [-74.1074202, 4.7620557], [-74.1073904, 4.7619657], [-74.1074708, 4.7617491], [-74.1075629, 4.7616049], [-74.1076364, 4.76143], [-74.1077936, 4.7612922], [-74.1079574, 4.7611406], [-74.1080537, 4.7610356], [-74.1081503, 4.7609046], [-74.1083417, 4.76067], [-74.1085446, 4.7605277], [-74.1086944, 4.7604407], [-74.1089362, 4.7604529], [-74.109201, 4.7603998], [-74.1093949, 4.7603085], [-74.1095385, 4.7602007], [-74.1098294, 4.7601027], [-74.1100646, 4.7600138], [-74.1102076, 4.7598728], [-74.1103625, 4.7597178], [-74.1107413, 4.7596857], [-74.1110981, 4.7596419], [-74.1112563, 4.7596724], [-74.1114405, 4.7597284], [-74.1118866, 4.7600787], [-74.1120693, 4.7602294], [-74.1121763, 4.7603593], [-74.112356, 4.7607175], [-74.1125065, 4.7609322], [-74.1127583, 4.7611051], [-74.1131535, 4.7614707], [-74.1136032, 4.7619016], [-74.1137749, 4.762046], [-74.113948, 4.7622444], [-74.1141558, 4.7623159], [-74.1142993, 4.7623747], [-74.1146077, 4.7624335], [-74.1147754, 4.7624576], [-74.115167, 4.7624122], [-74.1154593, 4.7623133], [-74.1156954, 4.7621716], [-74.1161889, 4.7621609], [-74.1164276, 4.7622438], [-74.1165258, 4.7620148], [-74.1166449, 4.7618695], [-74.1167675, 4.7617726], [-74.1168393, 4.7617145], [-74.1168843, 4.7616944], [-74.1169461, 4.7616668], [-74.1171035, 4.761621], [-74.1171816, 4.7616087], [-74.117307, 4.7615889], [-74.1175058, 4.7615982], [-74.1176869, 4.761633], [-74.1179873, 4.7616496], [-74.1181858, 4.7616758], [-74.1184339, 4.7616731], [-74.1186149, 4.7616744], [-74.1187961, 4.7616565], [-74.1189379, 4.7616241], [-74.1193204, 4.7615341], [-74.1197294, 4.7614071], [-74.1198649, 4.7613684], [-74.1199762, 4.7613189], [-74.1200825, 4.7612459], [-74.1202264, 4.7611393], [-74.1204328, 4.7609863], [-74.1208251, 4.7606427], [-74.1208891, 4.7605657], [-74.1209207, 4.7605276], [-74.1210517, 4.7603059], [-74.1211429, 4.7601508], [-74.1212507, 4.7599587], [-74.1212891, 4.7598555], [-74.1213368, 4.759727], [-74.1213237, 4.7596605], [-74.1213064, 4.7595732], [-74.1212851, 4.7594772], [-74.1212569, 4.7593543], [-74.1211995, 4.7592483], [-74.1210759, 4.7590416], [-74.1209394, 4.7587993], [-74.1208895, 4.7586433], [-74.1208345, 4.7585177], [-74.1207808, 4.7584121], [-74.1207313, 4.7582817], [-74.1206253, 4.7579243], [-74.120551, 4.7575273], [-74.1205367, 4.7571651], [-74.1205341, 4.7568096], [-74.1205207, 4.7564835], [-74.1204802, 4.756126], [-74.1204348, 4.7558888], [-74.12039, 4.7556545], [-74.1202685, 4.7553609], [-74.1201685, 4.7550758], [-74.120113, 4.7548797], [-74.1200641, 4.7546836], [-74.1200472, 4.7545523], [-74.1200462, 4.7544036], [-74.1200767, 4.7542863], [-74.1201331, 4.7542208], [-74.1202227, 4.7541369], [-74.1203021, 4.7540912], [-74.1203959, 4.7540538], [-74.1205348, 4.7540407], [-74.1207057, 4.7540511], [-74.1208948, 4.7540712], [-74.1212697, 4.7541103], [-74.1220388, 4.7540832], [-74.1228327, 4.7540297], [-74.1243177, 4.7540145], [-74.1246888, 4.7540164], [-74.1252105, 4.7539496], [-74.1253426, 4.7538306], [-74.1254103, 4.7536903], [-74.1254237, 4.7535753], [-74.1254122, 4.7535039], [-74.1253741, 4.7534083], [-74.1252923, 4.7533], [-74.1252722, 4.7532252], [-74.1252293, 4.7531623], [-74.1252078, 4.7530795], [-74.1251167, 4.7529167], [-74.1250294, 4.7527975], [-74.1249289, 4.7526946], [-74.1247371, 4.7525128], [-74.1245212, 4.7523404], [-74.1242466, 4.752073], [-74.1241577, 4.7519555], [-74.1240263, 4.7517804], [-74.123912, 4.7515963], [-74.1237701, 4.751306], [-74.1236025, 4.7509558], [-74.1233614, 4.7504237], [-74.1230956, 4.7497904], [-74.1228434, 4.7491569], [-74.1226423, 4.7487265], [-74.1223942, 4.7480352], [-74.1223151, 4.7477856], [-74.1222829, 4.7476494], [-74.1222759, 4.7474829], [-74.1223097, 4.7473285], [-74.1223921, 4.7472327], [-74.1225405, 4.7471411], [-74.1225733, 4.7471321], [-74.1227147, 4.7470933], [-74.1228721, 4.7471043], [-74.1230433, 4.7471387], [-74.123217, 4.7471766], [-74.1233557, 4.747227], [-74.1234418, 4.747297], [-74.1235113, 4.7473927], [-74.123548, 4.7475176], [-74.1235784, 4.7477108], [-74.123632, 4.7479086], [-74.1237071, 4.7483256], [-74.1238542, 4.7491189], [-74.1239592, 4.7494856], [-74.1240692, 4.7497449], [-74.1241258, 4.7498504], [-74.1242731, 4.7499802], [-74.1245011, 4.7501191], [-74.1249691, 4.750358], [-74.1252816, 4.7505148], [-74.1255671, 4.7506374], [-74.12581, 4.7507259], [-74.126038, 4.7507821], [-74.1262918, 4.750816], [-74.1265932, 4.7507927], [-74.1267436, 4.750753], [-74.1269311, 4.7506992], [-74.1271306, 4.7506102], [-74.1272154, 4.75048], [-74.1272959, 4.7504078], [-74.1273809, 4.7502912], [-74.127489, 4.750055], [-74.1275613, 4.749814], [-74.1275588, 4.7497048], [-74.1275104, 4.7495802], [-74.1274518, 4.7495253], [-74.1273654, 4.749467], [-74.1271886, 4.7494669], [-74.1267541, 4.7495418], [-74.1262815, 4.7495919], [-74.1260487, 4.7495498], [-74.1259012, 4.7495204], [-74.125807, 4.7494642], [-74.1257215, 4.7494135], [-74.1256383, 4.7493226], [-74.1255199, 4.7491201], [-74.1254237, 4.748919], [-74.1253674, 4.7487292], [-74.1252869, 4.7484084], [-74.1251931, 4.748101], [-74.1251555, 4.7478712], [-74.1251302, 4.7476744], [-74.1251528, 4.7475397], [-74.1252045, 4.7473651], [-74.1252843, 4.7472109], [-74.1254135, 4.7470765], [-74.1256383, 4.7469623], [-74.1260809, 4.7466389], [-74.1265744, 4.7462914], [-74.1269242, 4.7461206], [-74.1270947, 4.7460642], [-74.1272718, 4.7460161], [-74.1274785, 4.7460322], [-74.1278967, 4.7461284], [-74.1283973, 4.7461908], [-74.1286665, 4.7462032], [-74.1289212, 4.746214], [-74.1292271, 4.7461952], [-74.1294337, 4.7461631], [-74.1296268, 4.7460963], [-74.1298237, 4.7460024], [-74.1300049, 4.7458744], [-74.1301639, 4.7457303], [-74.1302908, 4.7455713], [-74.1303456, 4.7453933], [-74.1304088, 4.7451455], [-74.1304207, 4.7448907], [-74.1304321, 4.7446272], [-74.1304126, 4.744415], [-74.1303814, 4.7441282], [-74.1303831, 4.743859], [-74.1304017, 4.7437044], [-74.1305012, 4.7434099], [-74.1306145, 4.7430517], [-74.1307452, 4.7426427], [-74.1308711, 4.7422666], [-74.1310188, 4.7419157], [-74.1312232, 4.7416228], [-74.1313595, 4.7414078], [-74.1315968, 4.7411092], [-74.1317028, 4.7409694], [-74.1317967, 4.740801], [-74.131873, 4.7405747], [-74.1319174, 4.740376], [-74.1319076, 4.7401311], [-74.1318449, 4.7399644], [-74.1317749, 4.7398018], [-74.1316533, 4.7396692], [-74.1315526, 4.7395955], [-74.1313679, 4.7395125], [-74.1310859, 4.7394458], [-74.1307885, 4.7393982], [-74.1304314, 4.7393335], [-74.1300872, 4.7392359], [-74.1299406, 4.7391892], [-74.1298109, 4.7391297], [-74.1296348, 4.7390074], [-74.1295195, 4.7388524], [-74.1294582, 4.7386996], [-74.1293666, 4.7382108], [-74.1291992, 4.7376394], [-74.129144, 4.7375132], [-74.1290578, 4.737389], [-74.1289079, 4.7373234], [-74.1287511, 4.7373014], [-74.128554, 4.7372947], [-74.1283581, 4.7373662], [-74.1276929, 4.7374865], [-74.1275641, 4.7374464], [-74.1274971, 4.737425], [-74.1273978, 4.7374651], [-74.1272503, 4.7374377], [-74.1269445, 4.7373475], [-74.1266588, 4.7372295], [-74.1265476, 4.7371416], [-74.1264226, 4.7370359], [-74.126384, 4.7369518], [-74.1264148, 4.7368553], [-74.1265032, 4.7366574], [-74.1265208, 4.7365455], [-74.1266269, 4.736456], [-74.1267273, 4.7363905], [-74.1268989, 4.7363504], [-74.1271672, 4.7362756], [-74.127481, 4.7362248], [-74.1277412, 4.7361232], [-74.1279352, 4.7360512], [-74.1280478, 4.7359629], [-74.1282213, 4.7358586], [-74.1283112, 4.7356846], [-74.1281247, 4.7349069], [-74.1279004, 4.7341667], [-74.1278404, 4.7337522], [-74.1277787, 4.7334635], [-74.1275811, 4.7327793], [-74.1274568, 4.7324691], [-74.1273227, 4.7322098], [-74.1271833, 4.7319078], [-74.1270813, 4.7317741], [-74.1269991, 4.7316246], [-74.1264832, 4.7309882], [-74.1262123, 4.7306354], [-74.125935, 4.7301979], [-74.1258717, 4.7300634], [-74.1258314, 4.7299244], [-74.1257858, 4.7297426], [-74.1258123, 4.7295748], [-74.125928, 4.7293657], [-74.1261247, 4.729192], [-74.1263062, 4.7290556], [-74.1264691, 4.7289379], [-74.1267005, 4.7287295], [-74.1268412, 4.7286501], [-74.1269953, 4.7284997], [-74.1270706, 4.7284007], [-74.1271803, 4.7281813], [-74.127304, 4.7279917], [-74.1274234, 4.7278666], [-74.1276263, 4.7275651], [-74.1278538, 4.7272513], [-74.1281093, 4.72697], [-74.1282401, 4.7268049], [-74.1283929, 4.7266686], [-74.1285619, 4.7265725], [-74.1286853, 4.7265322], [-74.1288283, 4.7265172], [-74.1289471, 4.7265426], [-74.1290689, 4.7266044], [-74.1291681, 4.7267113], [-74.1292737, 4.7268779], [-74.1293907, 4.7272058], [-74.1295168, 4.7275427], [-74.1296697, 4.7279516], [-74.1297662, 4.7281174], [-74.1298386, 4.7283072], [-74.1298637, 4.7285719], [-74.1298896, 4.7288525], [-74.1298468, 4.7290532], [-74.129785, 4.729339], [-74.1297475, 4.729502], [-74.1296926, 4.7296861], [-74.1297019, 4.7297546], [-74.1296643, 4.7297987], [-74.1296361, 4.7298722], [-74.1295821, 4.730028], [-74.1295677, 4.7301556], [-74.1296147, 4.7302532], [-74.1296845, 4.730324], [-74.1298319, 4.7304242], [-74.1300988, 4.7305819], [-74.1304108, 4.7307452], [-74.1305897, 4.7308198], [-74.1307694, 4.7308813], [-74.1309151, 4.7308815], [-74.1310295, 4.7308412], [-74.1311109, 4.7307371], [-74.1312307, 4.7305418], [-74.1313014, 4.7304164], [-74.1314158, 4.7301703], [-74.1315472, 4.7299725], [-74.1316769, 4.7298096], [-74.1318342, 4.7296357], [-74.1320139, 4.7294566], [-74.1322419, 4.7293042], [-74.1325271, 4.7290959], [-74.1327113, 4.7289888], [-74.1329527, 4.7288685], [-74.1332933, 4.7287268], [-74.1335186, 4.728652], [-74.1337976, 4.7285504], [-74.1341195, 4.7284408], [-74.1344502, 4.7283527], [-74.1347069, 4.7282457], [-74.1349027, 4.7281575], [-74.135128, 4.7280505], [-74.1351959, 4.728032], [-74.1353211, 4.7280292], [-74.1355151, 4.7280079], [-74.1357744, 4.7279971], [-74.1360066, 4.7279842], [-74.1361186, 4.7280346], [-74.136225, 4.7281254], [-74.1365227, 4.7284355], [-74.1365799, 4.7285425], [-74.1366032, 4.7286974], [-74.1366729, 4.7290155], [-74.1367105, 4.7292641], [-74.1367561, 4.7294272], [-74.1367507, 4.7295127], [-74.1368526, 4.7297346], [-74.1369197, 4.7300019], [-74.1370377, 4.7303013], [-74.1371701, 4.7304859], [-74.1373149, 4.7306222], [-74.1374239, 4.7306461], [-74.137558, 4.7306327], [-74.1376466, 4.7306194], [-74.1378236, 4.7305445], [-74.1379908, 4.730443], [-74.1384244, 4.7302371], [-74.1389966, 4.7299806], [-74.139339, 4.7298228], [-74.1397309, 4.7296643], [-74.140031, 4.7295635], [-74.1403341, 4.7294272], [-74.1407884, 4.7292589], [-74.1411039, 4.7291572], [-74.141424, 4.7291039], [-74.1419166, 4.7290262], [-74.14226, 4.7289647], [-74.1425586, 4.7288847], [-74.1428044, 4.7288204], [-74.1430083, 4.7287242], [-74.1432043, 4.7286121], [-74.1434428, 4.7284702], [-74.1436976, 4.7283392], [-74.1443118, 4.7280292], [-74.1448107, 4.7277191], [-74.1453857, 4.7274172], [-74.1460204, 4.7270882], [-74.1467553, 4.726698], [-74.1475064, 4.726305], [-74.1481313, 4.7259655], [-74.1483643, 4.725836], [-74.1486141, 4.7256902], [-74.1488153, 4.7255365], [-74.1489467, 4.7254857], [-74.1490433, 4.7253908], [-74.1491367, 4.7252706], [-74.1492109, 4.7251569], [-74.1492954, 4.7250112], [-74.1494443, 4.7247372], [-74.1495891, 4.7244445], [-74.149746, 4.7241746], [-74.1500612, 4.7236947], [-74.1503146, 4.7232577], [-74.1503772, 4.7231389], [-74.150489, 4.7229276], [-74.150544, 4.7228434], [-74.150603, 4.7227739], [-74.1507219, 4.7226751], [-74.1507719, 4.7226402], [-74.1508403, 4.7226175], [-74.1509825, 4.7226041], [-74.1511712, 4.7225896], [-74.1513298, 4.7225867], [-74.1515163, 4.7225934], [-74.1517268, 4.7225894], [-74.1519682, 4.7226028], [-74.1521448, 4.7226296], [-74.1524376, 4.7227003], [-74.1527805, 4.722774], [-74.1529325, 4.7228287], [-74.1532204, 4.722893], [-74.1534783, 4.7229636], [-74.153713, 4.7230291], [-74.1539034, 4.7230465], [-74.1541632, 4.7230587], [-74.1545405, 4.7230625], [-74.1551694, 4.7230719], [-74.1552056, 4.7231107], [-74.1554614, 4.7231556], [-74.1557407, 4.7231641], [-74.1560411, 4.7232256], [-74.156253, 4.7233058], [-74.1565638, 4.7234269], [-74.1568244, 4.723525], [-74.1570519, 4.7236213], [-74.157283, 4.7237736], [-74.1574681, 4.7239393], [-74.1575884, 4.7240598], [-74.1576853, 4.7241639], [-74.1576961, 4.7242494], [-74.1576505, 4.7243403], [-74.1575888, 4.7244071], [-74.1572642, 4.7247519], [-74.1570684, 4.7249899], [-74.1569826, 4.7251208], [-74.1569607, 4.7252252], [-74.1569607, 4.7253321], [-74.1569799, 4.7254095], [-74.1570309, 4.725471], [-74.1571033, 4.7255031], [-74.1571462, 4.7255031], [-74.1572343, 4.7255246], [-74.157342, 4.7255245], [-74.157393, 4.7255459], [-74.1576612, 4.7254817], [-74.1578463, 4.7254229], [-74.1581145, 4.7253694], [-74.1582724, 4.7252894], [-74.1583881, 4.7252117], [-74.1585356, 4.7250513], [-74.1586939, 4.7248535], [-74.1588789, 4.7246076], [-74.1590501, 4.7244527], [-74.1592491, 4.7242601], [-74.1594605, 4.7240517], [-74.1595495, 4.7239607], [-74.1596165, 4.7238672], [-74.1597131, 4.7236693], [-74.1598923, 4.7232712], [-74.1599464, 4.7231267], [-74.1599947, 4.7229449], [-74.1600537, 4.7226803], [-74.1603112, 4.7212234], [-74.1603998, 4.7209241], [-74.1601476, 4.7206247], [-74.1599974, 4.7203948], [-74.1598418, 4.7202504], [-74.1594476, 4.7201168], [-74.1592115, 4.7199911], [-74.1589969, 4.7198548], [-74.1585973, 4.7195715], [-74.1581708, 4.719224], [-74.1577926, 4.7189112], [-74.1574118, 4.7185022], [-74.1571918, 4.7182189], [-74.1569504, 4.7178794], [-74.1566983, 4.7176442], [-74.1565266, 4.7175078], [-74.1564462, 4.7174704], [-74.1563711, 4.7174784], [-74.1563308, 4.7175452], [-74.1563255, 4.7176468], [-74.1562986, 4.7177163], [-74.1562356, 4.7177484], [-74.156135, 4.7177297], [-74.1560814, 4.7176575], [-74.1560653, 4.7175426], [-74.1559902, 4.7174517], [-74.1558909, 4.717425], [-74.1556442, 4.7174303], [-74.1554238, 4.7174468], [-74.1554067, 4.717276], [-74.1553982, 4.7171402], [-74.1553784, 4.7167001], [-74.1553679, 4.7163343], [-74.1553813, 4.7157222], [-74.1554162, 4.7155431], [-74.1554296, 4.7153078], [-74.1554081, 4.7148694], [-74.155317, 4.7145487], [-74.1551721, 4.7144471], [-74.1551024, 4.714137], [-74.1548395, 4.7137334], [-74.1546732, 4.7136131], [-74.1545713, 4.7133404], [-74.1545317, 4.7131111], [-74.1545793, 4.7126668], [-74.1546274, 4.7122664], [-74.1544802, 4.7116617], [-74.1553201, 4.7105311], [-74.1548905, 4.7101995], [-74.1550509, 4.7097214], [-74.1559104, 4.7086356], [-74.1561135, 4.7083966], [-74.1566549, 4.7082526], [-74.1575794, 4.7080465], [-74.1585821, 4.7080719], [-74.1596291, 4.7084431], [-74.1599358, 4.7083418], [-74.1603284, 4.7082429], [-74.1608879, 4.7080855], [-74.1613234, 4.7079669], [-74.1616785, 4.7079339], [-74.1618924, 4.7077917], [-74.1620199, 4.7074768], [-74.1619549, 4.7072749], [-74.16178, 4.7070605], [-74.1614914, 4.70685], [-74.1612607, 4.706588], [-74.1611159, 4.7062726], [-74.1612124, 4.7059786], [-74.1613497, 4.7058545], [-74.1615532, 4.7057538], [-74.1619452, 4.7057515], [-74.1622614, 4.7057481], [-74.1645257, 4.7054313], [-74.1652445, 4.7053307], [-74.1653621, 4.7052839], [-74.165622, 4.7051819], [-74.1658342, 4.7050598], [-74.1661765, 4.7049233], [-74.1663592, 4.7048558], [-74.1665808, 4.7047571], [-74.1668756, 4.7046403], [-74.167166, 4.7045593], [-74.1675424, 4.7044368], [-74.1680703, 4.7043681], [-74.1685124, 4.7043953], [-74.1691335, 4.7044805], [-74.1694302, 4.7045256], [-74.169603, 4.7045585], [-74.1697996, 4.7045867], [-74.1700131, 4.704623], [-74.1704366, 4.704674], [-74.1706297, 4.7046767], [-74.170737, 4.7046633], [-74.170955, 4.7046535], [-74.1711044, 4.7046126], [-74.171606, 4.7044281], [-74.1721854, 4.7042544], [-74.1730061, 4.7039951], [-74.1739511, 4.7036591], [-74.1742399, 4.7035593], [-74.174535, 4.7034952], [-74.1750151, 4.7033829], [-74.1755837, 4.7032332], [-74.1764742, 4.7030274], [-74.1766083, 4.7029846], [-74.176729, 4.7028991], [-74.1768102, 4.7027928], [-74.1768605, 4.7026772], [-74.1768712, 4.7025916], [-74.1768417, 4.7024526], [-74.1767566, 4.7023037], [-74.1764689, 4.7019982], [-74.1762301, 4.7017683], [-74.1759922, 4.7015766], [-74.1754711, 4.7012524], [-74.1750821, 4.7010893], [-74.1746664, 4.700977], [-74.1746557, 4.7009129], [-74.1745108, 4.7008888], [-74.1744331, 4.700846], [-74.1742077, 4.7007926], [-74.1741851, 4.7008401], [-74.1739368, 4.70083], [-74.1736997, 4.7008428], [-74.1731724, 4.7009075], [-74.1726682, 4.7009503], [-74.1724697, 4.700961], [-74.1717267, 4.7010599], [-74.1706136, 4.7012069], [-74.1699377, 4.7012925], [-74.1698733, 4.7013192], [-74.1697365, 4.7013299], [-74.1696013, 4.701312], [-74.1693784, 4.701255], [-74.1692591, 4.7012083], [-74.1691598, 4.7011428], [-74.169066, 4.7010131], [-74.169023, 4.7009436], [-74.1689943, 4.7008281], [-74.1689935, 4.7006349], [-74.1690137, 4.7003889], [-74.1690472, 4.7000735], [-74.1690485, 4.6999332], [-74.1690297, 4.6998209], [-74.1690391, 4.6997514], [-74.1690673, 4.6996899], [-74.1691719, 4.6994814], [-74.1692374, 4.6993651], [-74.1692349, 4.699325], [-74.169305, 4.6991878], [-74.1693141, 4.69917], [-74.1693127, 4.6991192], [-74.1693516, 4.6989548], [-74.1694562, 4.6988131], [-74.1695526, 4.6987008], [-74.1696279, 4.6986006], [-74.1697204, 4.6985057], [-74.1699323, 4.6983212], [-74.1703467, 4.6979884], [-74.1707517, 4.6976783], [-74.1709355, 4.6975567], [-74.1711351, 4.6974284], [-74.1712171, 4.6973722], [-74.1713928, 4.697264], [-74.1715819, 4.6970809], [-74.1718071, 4.6969164], [-74.1720042, 4.6967413], [-74.1720658, 4.6966723], [-74.1721317, 4.6964994], [-74.172149, 4.6963468], [-74.1721735, 4.6961688], [-74.17229, 4.6956427], [-74.1723049, 4.6955176], [-74.1722658, 4.6952484], [-74.1722457, 4.6950225], [-74.1722336, 4.6948073], [-74.1722176, 4.694679], [-74.1721813, 4.6944691], [-74.1721813, 4.6942473], [-74.1721094, 4.6940919], [-74.1720204, 4.6939746], [-74.1719252, 4.6938944], [-74.1717656, 4.6938088], [-74.1715805, 4.6937006], [-74.1714263, 4.693615], [-74.1711836, 4.6933704], [-74.1711419, 4.6932712], [-74.171083, 4.6930002], [-74.1709945, 4.6926099], [-74.1708952, 4.6923065], [-74.1708148, 4.6920165], [-74.1706941, 4.6915781], [-74.1706109, 4.691276], [-74.170509, 4.6909506], [-74.170403, 4.6907253], [-74.1702917, 4.6904914], [-74.170171, 4.6902896], [-74.1700373, 4.6900846], [-74.1699283, 4.6899554], [-74.1698036, 4.6898217], [-74.1694683, 4.6894849], [-74.1693258, 4.6894002], [-74.1689533, 4.6892122], [-74.1685991, 4.6890735], [-74.1684142, 4.6890198], [-74.1682935, 4.6889743], [-74.1681594, 4.6889209], [-74.1681594, 4.6888901], [-74.1681171, 4.6888607], [-74.1680829, 4.6888794], [-74.1679448, 4.6887992], [-74.1678327, 4.6887048], [-74.1677584, 4.6886362], [-74.167698, 4.688572], [-74.1675425, 4.6883675], [-74.1674935, 4.6882862], [-74.1675009, 4.6881323], [-74.1675183, 4.6879839], [-74.1675049, 4.6878355], [-74.1675371, 4.6877714], [-74.1675865, 4.6876989], [-74.1676779, 4.6875936], [-74.1678134, 4.6875027], [-74.1679058, 4.6874223], [-74.1680561, 4.6872915], [-74.1682264, 4.6871579], [-74.1683002, 4.6871258], [-74.1685832, 4.6868865], [-74.1687146, 4.6867555], [-74.1688243, 4.6866361], [-74.1690405, 4.6864267], [-74.1692644, 4.6862129], [-74.1695058, 4.6860231], [-74.1696547, 4.6858787], [-74.1697995, 4.6857397], [-74.1699993, 4.6855243], [-74.1701241, 4.6853748], [-74.1702314, 4.6852211], [-74.1703279, 4.685062], [-74.1704178, 4.6848923], [-74.1704527, 4.6848081], [-74.1705613, 4.6846383], [-74.1706659, 4.6844726], [-74.1707222, 4.6843616], [-74.1708952, 4.6841321], [-74.1709918, 4.6840449], [-74.1710897, 4.683966], [-74.1712131, 4.6838537], [-74.1713861, 4.6837321], [-74.1716409, 4.6835851], [-74.1719401, 4.6834445], [-74.1723919, 4.6832215], [-74.1726816, 4.6831012], [-74.1729927, 4.6829275], [-74.1731778, 4.6827777], [-74.1732994, 4.6826594], [-74.1734433, 4.6824917], [-74.1736077, 4.6822788], [-74.173741, 4.682056], [-74.1738066, 4.6818588], [-74.173843, 4.6815507], [-74.1738832, 4.681262], [-74.1739959, 4.6807327], [-74.1740575, 4.6802408], [-74.1741091, 4.6796844], [-74.1741675, 4.6792704], [-74.1742465, 4.6789348], [-74.1742909, 4.6787465], [-74.1744384, 4.678284], [-74.1745746, 4.677912], [-74.174724, 4.6775298], [-74.1747469, 4.6774713], [-74.174847, 4.6771289], [-74.1748622, 4.6769901], [-74.1748488, 4.6768458], [-74.1747925, 4.6767442], [-74.1746756, 4.6766085], [-74.1746691, 4.6765036], [-74.1746101, 4.6764474], [-74.1745115, 4.6764231], [-74.1744009, 4.6764314], [-74.174307, 4.6763913], [-74.1742346, 4.676402], [-74.174167, 4.6763736], [-74.1740844, 4.6763699], [-74.1738215, 4.6762363], [-74.1735131, 4.6760117], [-74.1729873, 4.6755706], [-74.1722524, 4.6750039], [-74.1719436, 4.674789], [-74.1716489, 4.6746136], [-74.1715416, 4.6745868], [-74.171437, 4.6745548], [-74.1713592, 4.6744104], [-74.1710213, 4.6748195], [-74.1711309, 4.6769172], [-74.1709582, 4.6771946], [-74.1708086, 4.6772059], [-74.1706177, 4.6770125], [-74.1700423, 4.6752578], [-74.1696554, 4.6751185], [-74.1693221, 4.6751763], [-74.1670449, 4.6777347], [-74.166255, 4.6781316], [-74.1659082, 4.6781008], [-74.1657199, 4.6778683], [-74.1655711, 4.675604], [-74.1650827, 4.6753757], [-74.1644934, 4.6754538], [-74.1601428, 4.6784585], [-74.1600585, 4.6787907], [-74.1602113, 4.6790832], [-74.1623273, 4.6804185], [-74.1623895, 4.6808105], [-74.1622294, 4.6811273], [-74.1604094, 4.6827292], [-74.1598246, 4.682879], [-74.1592699, 4.6827744], [-74.1585688, 4.6819652], [-74.1585206, 4.6818885], [-74.1571103, 4.6796468], [-74.1568357, 4.6789241], [-74.1568727, 4.6783273], [-74.1576912, 4.6772822], [-74.1592077, 4.6765182], [-74.1602393, 4.6763349], [-74.1618948, 4.6757085], [-74.1627019, 4.6750548], [-74.1632134, 4.6743429], [-74.1637022, 4.6720497], [-74.1642311, 4.6711558], [-74.1644797, 4.6710585], [-74.164664, 4.671111], [-74.1651655, 4.6724062], [-74.1657786, 4.6733912], [-74.1661584, 4.6734881], [-74.1698947, 4.6717719], [-74.1703226, 4.6712626], [-74.1703508, 4.6707307], [-74.1702729, 4.670466], [-74.1702806, 4.6704173], [-74.1702488, 4.6702775], [-74.1702046, 4.670061], [-74.1701498, 4.6699254], [-74.1700275, 4.6696773], [-74.1699296, 4.6694982], [-74.1698398, 4.6693993], [-74.1696118, 4.6692108], [-74.1693302, 4.6689956], [-74.1692162, 4.6689342], [-74.1690432, 4.6688794], [-74.168802, 4.6687635], [-74.1685711, 4.6687149], [-74.1681996, 4.6686401], [-74.1678308, 4.6685666], [-74.1674446, 4.6685185], [-74.1670986, 4.668477], [-74.166766, 4.6683995], [-74.16642, 4.6683073], [-74.1663797, 4.6683099], [-74.1661127, 4.6682267], [-74.1657253, 4.6680987], [-74.1655362, 4.6680306], [-74.1653484, 4.6679424], [-74.16493, 4.6677512], [-74.1645263, 4.6675788], [-74.1640918, 4.6674398], [-74.163959, 4.6673836], [-74.1638464, 4.6673195], [-74.1636475, 4.6672513], [-74.163381, 4.6672206], [-74.1630444, 4.6671885], [-74.1626662, 4.6672232], [-74.162288, 4.6672406], [-74.1619098, 4.6672446], [-74.1607682, 4.6671846], [-74.16068, 4.6671831], [-74.1605929, 4.6671617], [-74.160566, 4.6670976], [-74.1604185, 4.667], [-74.1602909, 4.6668243], [-74.1602616, 4.6667487], [-74.1602696, 4.6666405], [-74.1602764, 4.6665429], [-74.1603004, 4.6664477], [-74.1603877, 4.6663023], [-74.1605432, 4.6660871], [-74.1606699, 4.6659102], [-74.1607457, 4.6657649], [-74.1608074, 4.6656166], [-74.1608919, 4.6652984], [-74.1609174, 4.6651167], [-74.1609203, 4.6649407], [-74.160908, 4.6648346], [-74.160845, 4.6646929], [-74.1607438, 4.6645761], [-74.1605741, 4.6645205], [-74.160381, 4.6644416], [-74.1597533, 4.6642518], [-74.1593077, 4.664112], [-74.1592678, 4.6640995], [-74.1588273, 4.6639366], [-74.1584927, 4.6637693], [-74.1583586, 4.6636744], [-74.1582674, 4.6635982], [-74.1582254, 4.6635331], [-74.158199, 4.6634712], [-74.1581842, 4.6634004], [-74.1582003, 4.663236], [-74.1582413, 4.6630429], [-74.1582821, 4.6629686], [-74.1583517, 4.6627844], [-74.1584316, 4.6626111], [-74.1584779, 4.6625636], [-74.1585396, 4.6625209], [-74.1586295, 4.6624794], [-74.1588132, 4.662458], [-74.1589237, 4.6624418], [-74.1590224, 4.6624153], [-74.159072, 4.6623765], [-74.1590855, 4.6623337], [-74.1593154, 4.6621597], [-74.1594757, 4.6622268], [-74.1595864, 4.6622896], [-74.159696, 4.6623414], [-74.1597201, 4.6623705], [-74.1598625, 4.6624079], [-74.1599464, 4.6624273], [-74.1600135, 4.6624313], [-74.1600712, 4.6624179], [-74.1602549, 4.662458], [-74.16033, 4.6624754], [-74.160385, 4.6625008], [-74.1606192, 4.6626052], [-74.1611937, 4.662859], [-74.1614015, 4.6629553], [-74.1616, 4.6630422], [-74.1618168, 4.6631024], [-74.1619581, 4.6631103], [-74.1620936, 4.6631117], [-74.1623237, 4.6630861], [-74.1624463, 4.6630114], [-74.1625428, 4.6629125], [-74.1626421, 4.6627468], [-74.1627198, 4.6625543], [-74.1627566, 4.6623277], [-74.1627279, 4.6621559], [-74.1627118, 4.6619127], [-74.1627091, 4.6610519], [-74.1626957, 4.660445], [-74.1626944, 4.6601723], [-74.1627011, 4.6600119], [-74.1627334, 4.6598553], [-74.1627909, 4.6596564], [-74.1628754, 4.6593797], [-74.1629519, 4.6591725], [-74.1630203, 4.6590602], [-74.1630726, 4.6590201], [-74.1631249, 4.6589947], [-74.1631101, 4.6589613], [-74.1631074, 4.6589185], [-74.1631361, 4.6588607], [-74.1633502, 4.6586753], [-74.1635078, 4.6585592], [-74.1635969, 4.6584935], [-74.1637096, 4.658428], [-74.1638464, 4.6583531], [-74.1639635, 4.6583291], [-74.164179, 4.6583331], [-74.1643949, 4.6583879], [-74.1645531, 4.6584587], [-74.1648173, 4.6586044], [-74.1650194, 4.6587333], [-74.1651486, 4.6588196], [-74.1652626, 4.6588985], [-74.1653243, 4.658976], [-74.1653699, 4.6590362], [-74.165394, 4.659103], [-74.1654718, 4.659246], [-74.1656153, 4.6594144], [-74.1657555, 4.6595417], [-74.1658661, 4.6596123], [-74.1659921, 4.6596617], [-74.1661063, 4.659673], [-74.1662416, 4.6596577], [-74.1663341, 4.6596002], [-74.1664132, 4.6595174], [-74.1664517, 4.659412], [-74.1664602, 4.6593249], [-74.1664776, 4.6591244], [-74.1664749, 4.6590281], [-74.1665018, 4.6590148], [-74.1665192, 4.6588597], [-74.1664977, 4.6587528], [-74.166491, 4.6586579], [-74.1664857, 4.6583745], [-74.1664977, 4.6582328], [-74.1665247, 4.6581013], [-74.166597, 4.6578933], [-74.1666627, 4.6576888], [-74.1667485, 4.6574255], [-74.1668142, 4.6572584], [-74.1669081, 4.6569777], [-74.1669738, 4.6568253], [-74.1670677, 4.6566154], [-74.1671829, 4.656438], [-74.1673145, 4.6563535], [-74.1674647, 4.6562826], [-74.1676752, 4.6562091], [-74.1677879, 4.6561957], [-74.1680196, 4.6561304], [-74.1683109, 4.6560794], [-74.1686479, 4.6560345], [-74.16896, 4.6560166], [-74.1692416, 4.6560433], [-74.1695219, 4.6560901], [-74.1696373, 4.6561249], [-74.1696775, 4.656153], [-74.1696775, 4.656181], [-74.1696949, 4.6562265], [-74.1697619, 4.6562528], [-74.1697955, 4.6562265], [-74.1698398, 4.6562305], [-74.1699497, 4.6563013], [-74.170112, 4.656435], [-74.1701925, 4.6565272], [-74.1703829, 4.656689], [-74.1704956, 4.6567665], [-74.1706136, 4.6568306], [-74.1708563, 4.6569483], [-74.1710709, 4.6570334], [-74.1712131, 4.6570672], [-74.1714732, 4.6571073], [-74.1716704, 4.6571394], [-74.1718581, 4.6571301], [-74.1720211, 4.6570731], [-74.172172, 4.6569777], [-74.1723597, 4.6568333], [-74.1724053, 4.6567585], [-74.172585, 4.6566141], [-74.1731107, 4.6562372], [-74.1736445, 4.6558388], [-74.1739422, 4.6556009], [-74.1741542, 4.6554083], [-74.1743834, 4.6552012], [-74.1744706, 4.6550783], [-74.1745846, 4.6548697], [-74.1746932, 4.654712], [-74.1747551, 4.6546517], [-74.1748475, 4.654593], [-74.1748917, 4.6545516], [-74.1751398, 4.6544313], [-74.1751707, 4.6543925], [-74.1753584, 4.6543057], [-74.1755396, 4.6543687], [-74.1757058, 4.654442], [-74.1758788, 4.6545262], [-74.1760853, 4.6545783], [-74.1762234, 4.6546118], [-74.1763455, 4.6546278], [-74.1765161, 4.6546317], [-74.1766579, 4.6546037], [-74.1768068, 4.6545436], [-74.1769718, 4.6544407], [-74.1771112, 4.6543431], [-74.1772561, 4.6542575], [-74.1774023, 4.6541707], [-74.1775578, 4.6540584], [-74.1776638, 4.6539234], [-74.1779387, 4.6536734], [-74.1782354, 4.6534436], [-74.1784215, 4.6533152], [-74.1786899, 4.653155], [-74.1788024, 4.6530879], [-74.1793764, 4.6527832], [-74.1797438, 4.6525693], [-74.1800568, 4.6523461], [-74.18024, 4.6521683], [-74.1804171, 4.6519197], [-74.1805887, 4.6516122], [-74.1807175, 4.6512594], [-74.1808811, 4.650968], [-74.1809589, 4.6508797], [-74.1811612, 4.6505558], [-74.1812691, 4.6503832], [-74.1815463, 4.6499467], [-74.1818547, 4.6495136], [-74.18219, 4.6490511], [-74.1824828, 4.6486882], [-74.1825628, 4.6486274], [-74.1826456, 4.6485361], [-74.1826874, 4.6484938], [-74.1827727, 4.6484075], [-74.1828512, 4.648328], [-74.1830872, 4.6481756], [-74.1836129, 4.647808], [-74.1841118, 4.6474043], [-74.1845125, 4.647072], [-74.1846979, 4.6469298], [-74.1848823, 4.6468504], [-74.1850425, 4.6468001], [-74.1851931, 4.6467581], [-74.185237, 4.6467306], [-74.1853456, 4.6467199], [-74.1854033, 4.6467427], [-74.1855017, 4.64676], [-74.1856365, 4.6467901], [-74.1857583, 4.6468324], [-74.185794, 4.6468771], [-74.1858324, 4.6469071], [-74.1859061, 4.6470034], [-74.1859619, 4.6471287], [-74.1860135, 4.6472506], [-74.1860575, 4.6474569], [-74.1860658, 4.6476075], [-74.1860577, 4.6477038], [-74.186034, 4.6477624], [-74.1856769, 4.6484657], [-74.1855454, 4.6487223], [-74.1853067, 4.6490939], [-74.1849071, 4.6497462], [-74.1847247, 4.6500456], [-74.1845781, 4.6503549], [-74.1842714, 4.6510802], [-74.1839419, 4.6518491], [-74.1838179, 4.6522078], [-74.1837725, 4.6523554], [-74.1837833, 4.6525014], [-74.1839088, 4.6526385], [-74.1840273, 4.6527063], [-74.1841319, 4.652719], [-74.1842332, 4.6526737], [-74.1845274, 4.652453], [-74.1848629, 4.652172], [-74.1851485, 4.6519197], [-74.1853896, 4.6516927], [-74.1855696, 4.6515374], [-74.1857547, 4.6514492], [-74.1861005, 4.6513509], [-74.1864252, 4.6513155], [-74.1867192, 4.651339], [-74.1870341, 4.6514037], [-74.1871896, 4.6514545], [-74.1873338, 4.6515367], [-74.1877905, 4.6518234], [-74.1882947, 4.6521282], [-74.1887748, 4.652441], [-74.1891531, 4.65272], [-74.1897833, 4.6532002], [-74.1905075, 4.6537242], [-74.1918626, 4.6546334], [-74.1922392, 4.6548491], [-74.1924682, 4.6549326], [-74.1926431, 4.6549705], [-74.1928169, 4.6550021], [-74.1930018, 4.65501], [-74.1933222, 4.6550008], [-74.1936189, 4.65497], [-74.1938937, 4.6549425], [-74.1940722, 4.6548791], [-74.1942201, 4.6547454], [-74.1943377, 4.6546011], [-74.19446, 4.6543344], [-74.1945416, 4.6541065], [-74.1946408, 4.6538178], [-74.1948104, 4.6532575], [-74.194909, 4.6529864], [-74.1950324, 4.6527217], [-74.1952719, 4.6521815], [-74.1955259, 4.6517593], [-74.1957712, 4.6513833], [-74.1959873, 4.6510669], [-74.1962341, 4.6508102], [-74.1966417, 4.650452], [-74.1971085, 4.6501847], [-74.1975944, 4.6499358], [-74.198235, 4.6496232], [-74.1987661, 4.6493559], [-74.1990745, 4.6492009], [-74.1998228, 4.6488881], [-74.2003525, 4.6486736], [-74.2007616, 4.6484683], [-74.2009896, 4.648324], [-74.2013616, 4.6479778], [-74.2019498, 4.647276], [-74.202553, 4.6465827], [-74.2027545, 4.6461799], [-74.2028511, 4.6459286], [-74.2028762, 4.6457801], [-74.2028537, 4.6456452], [-74.2027599, 4.6455142], [-74.2025272, 4.6453579], [-74.2022932, 4.6452576], [-74.2018886, 4.6451537], [-74.2016012, 4.6450918], [-74.2013115, 4.645025], [-74.2007295, 4.6449052], [-74.2006329, 4.6448299], [-74.2005658, 4.6447015], [-74.2005382, 4.6444718], [-74.2005309, 4.6442738], [-74.2006302, 4.6441054], [-74.2007548, 4.6439695], [-74.2009735, 4.643822], [-74.201225, 4.6437341], [-74.2014375, 4.6436883], [-74.2015448, 4.6436723], [-74.2016519, 4.6436804], [-74.2017728, 4.6437311], [-74.2019096, 4.6437979], [-74.2021188, 4.6439262], [-74.2024326, 4.6441669], [-74.2032427, 4.6446695], [-74.2038904, 4.6450965], [-74.2041224, 4.6452175], [-74.2043209, 4.6453525], [-74.2045717, 4.6455356], [-74.2052315, 4.6460142], [-74.2055775, 4.6462655], [-74.2059342, 4.6464891], [-74.206122, 4.6465488], [-74.2063071, 4.6465502], [-74.2064311, 4.6465113], [-74.2066142, 4.6464018], [-74.2068222, 4.6462232], [-74.20692, 4.6461091], [-74.206924, 4.6459767], [-74.2068843, 4.645833], [-74.2067765, 4.6456158], [-74.2066169, 4.6453752], [-74.2062011, 4.6447149], [-74.2058149, 4.6440893], [-74.2054746, 4.643449], [-74.2053697, 4.6432124], [-74.2053397, 4.6431286], [-74.2053147, 4.6430587], [-74.2052852, 4.6429291], [-74.2052422, 4.6427767], [-74.2052235, 4.6426497], [-74.2052194, 4.642504], [-74.2052387, 4.6423486], [-74.2052758, 4.6421859], [-74.2053737, 4.6419747], [-74.2055534, 4.6416659], [-74.2057492, 4.6413691], [-74.2058887, 4.6411847], [-74.2060175, 4.6410727], [-74.2062551, 4.6409215], [-74.2065635, 4.6407745], [-74.2070019, 4.6405954], [-74.2073213, 4.6405178], [-74.2075519, 4.6404844], [-74.2080388, 4.6404002], [-74.2083539, 4.6403949], [-74.2086208, 4.6404243], [-74.208999, 4.6404296], [-74.209239, 4.6404483], [-74.2093208, 4.6404697], [-74.2094871, 4.640455], [-74.209868, 4.6404778], [-74.2104635, 4.6405272], [-74.2106053, 4.6405444], [-74.210899, 4.6405551], [-74.2110962, 4.6405421], [-74.2112021, 4.6405324], [-74.211406, 4.6405471], [-74.2116098, 4.640531], [-74.2119688, 4.6404621], [-74.212267, 4.6403853], [-74.2125552, 4.6403004], [-74.2126854, 4.6402557], [-74.2129228, 4.6401835], [-74.2130139, 4.6402236], [-74.2132004, 4.6402115], [-74.2133291, 4.6402035], [-74.2134297, 4.6402262], [-74.2135625, 4.640245], [-74.2136691, 4.6402895], [-74.2138293, 4.6403706], [-74.2140466, 4.6404642], [-74.2141834, 4.640515], [-74.2143068, 4.6405631], [-74.2144194, 4.640662], [-74.2145389, 4.6407796], [-74.2146367, 4.6408866], [-74.2146957, 4.6409721], [-74.2147252, 4.6411325], [-74.2147129, 4.6412306], [-74.2146742, 4.6414533], [-74.2146206, 4.6416873], [-74.2146112, 4.6420883], [-74.2146664, 4.6425682], [-74.2147453, 4.6429077], [-74.2148379, 4.6432271], [-74.2147561, 4.6433151], [-74.2148875, 4.6435279], [-74.214984, 4.6435252], [-74.215102, 4.6436816], [-74.2153961, 4.6440135], [-74.2155674, 4.6442176], [-74.2157633, 4.644383], [-74.2160119, 4.6445367], [-74.2161897, 4.6446026], [-74.2163748, 4.6446347], [-74.2167313, 4.644625], [-74.2177266, 4.6445893], [-74.2191527, 4.6445182], [-74.2201942, 4.6444609], [-74.2207615, 4.6444315], [-74.2208903, 4.6444168], [-74.2209969, 4.6443935], [-74.2210928, 4.644342], [-74.2211384, 4.6442551], [-74.2212001, 4.6441], [-74.221251, 4.6438033], [-74.2212653, 4.6436437], [-74.2212001, 4.6434825], [-74.2210901, 4.643306], [-74.2208487, 4.6429825], [-74.2205382, 4.6425175], [-74.2203149, 4.6423543], [-74.2200521, 4.6421966], [-74.2196162, 4.6419372], [-74.2191723, 4.6416699], [-74.218951, 4.6415362], [-74.2187214, 4.6414316], [-74.2185849, 4.6413798], [-74.2184427, 4.6413411], [-74.2181544, 4.6412889], [-74.2178553, 4.6412208], [-74.2175978, 4.6411325], [-74.2170842, 4.6409521], [-74.2167999, 4.6408385], [-74.216651, 4.6407743], [-74.2165222, 4.640704], [-74.2163453, 4.6405965], [-74.2161642, 4.6404562], [-74.2159751, 4.6402904], [-74.21579, 4.6401193], [-74.2156532, 4.6399509], [-74.2154609, 4.6396282], [-74.2153354, 4.6393708], [-74.2152268, 4.6391061], [-74.2149612, 4.6385473], [-74.2148628, 4.6381839], [-74.2147788, 4.637895], [-74.2146985, 4.6375788], [-74.2146581, 4.6373496], [-74.2146876, 4.6370957], [-74.2148379, 4.6367187], [-74.2150204, 4.6364376], [-74.2151383, 4.6363097], [-74.2152831, 4.6361787], [-74.2156667, 4.6358445], [-74.215833, 4.6357429], [-74.2159994, 4.635695], [-74.2163801, 4.6356493], [-74.2167074, 4.6356333], [-74.2169802, 4.6355631], [-74.2172503, 4.6353125], [-74.2173511, 4.6351654], [-74.2174101, 4.6350371], [-74.2174664, 4.6348232], [-74.2174871, 4.6346615], [-74.2174369, 4.6345105], [-74.2172957, 4.6342716], [-74.2160612, 4.6321254], [-74.2158096, 4.6316133], [-74.2156856, 4.6309784], [-74.2156693, 4.630773], [-74.2156854, 4.6305778], [-74.2157261, 4.6304163], [-74.2157954, 4.6302169], [-74.2158839, 4.6300565], [-74.2159913, 4.6299174], [-74.2161387, 4.6297678], [-74.216305, 4.629629], [-74.2164928, 4.6295218], [-74.2167093, 4.6294507], [-74.2171654, 4.6292652], [-74.2173269, 4.6292224], [-74.2175201, 4.6292117], [-74.2177402, 4.629223], [-74.218145, 4.6293026], [-74.2185393, 4.6294068], [-74.2190543, 4.6295646], [-74.2195854, 4.6297891], [-74.219926, 4.6299068], [-74.2202632, 4.6300019], [-74.2205536, 4.6300431], [-74.2208165, 4.6300538], [-74.2211303, 4.6300779], [-74.2214454, 4.6300753], [-74.2216338, 4.6299883], [-74.2217607, 4.6298586], [-74.2219135, 4.6297356], [-74.2220557, 4.6296073], [-74.2221951, 4.6295058], [-74.2222515, 4.6294122], [-74.2223722, 4.6293614], [-74.2225453, 4.6293376], [-74.2224572, 4.6291771], [-74.2224127, 4.6290573], [-74.2223598, 4.628825], [-74.2223038, 4.6283969], [-74.22228, 4.6282572], [-74.2223479, 4.6281038], [-74.2227402, 4.62735], [-74.2232456, 4.6265019], [-74.2233834, 4.6261987], [-74.2234559, 4.6259057], [-74.2235106, 4.6255903], [-74.2235137, 4.6252319]]], [[[-74.1502878, 4.5072701], [-74.149801, 4.5069987], [-74.1494885, 4.5068784], [-74.1492914, 4.5068129], [-74.149176, 4.5067099], [-74.1490969, 4.5066591], [-74.1488166, 4.5065535], [-74.1485216, 4.505992], [-74.1478752, 4.5059786], [-74.1475841, 4.5058329], [-74.1473575, 4.5057326], [-74.1473562, 4.5058396], [-74.1473722, 4.5059786], [-74.1474232, 4.5061016], [-74.1475171, 4.5062313], [-74.1476096, 4.5063757], [-74.1474983, 4.5064305], [-74.1471845, 4.5065829], [-74.1472623, 4.5066872], [-74.1472086, 4.5070188], [-74.1471416, 4.5070642], [-74.1469592, 4.5074493], [-74.1469082, 4.5078183], [-74.1465917, 4.5078156], [-74.1465381, 4.5077194], [-74.1463396, 4.5077194], [-74.146007, 4.507722], [-74.1455108, 4.5077915], [-74.1448778, 4.5078664], [-74.1451004, 4.5077033], [-74.1452211, 4.5075776], [-74.1453365, 4.5073584], [-74.1455537, 4.5069199], [-74.1458714, 4.5062563], [-74.1459748, 4.5060375], [-74.1457549, 4.5060348], [-74.1455323, 4.5060615], [-74.144285, 4.5064599], [-74.1432121, 4.5067888], [-74.1431236, 4.5084226], [-74.1440946, 4.508321], [-74.1442341, 4.5091098], [-74.144623, 4.5092221], [-74.1450173, 4.5091232], [-74.1456959, 4.5090109], [-74.1457549, 4.5092809], [-74.1460177, 4.5092301], [-74.1466843, 4.5091619], [-74.146986, 4.5091593], [-74.1469377, 4.509313], [-74.1468774, 4.5094574], [-74.1468519, 4.5095496], [-74.1467795, 4.509694], [-74.1466856, 4.5098585], [-74.1466306, 4.5099868], [-74.146581, 4.5101526], [-74.1465823, 4.5102569], [-74.1466051, 4.5103879], [-74.1466641, 4.5105537], [-74.1471067, 4.5105029], [-74.147104, 4.5103371], [-74.1476002, 4.5103719], [-74.1480187, 4.5104441], [-74.1484317, 4.5105644], [-74.1484907, 4.5105804], [-74.1492391, 4.5107997], [-74.1493088, 4.5100029], [-74.1492605, 4.5098424], [-74.1492873, 4.5090349], [-74.1500062, 4.5084467], [-74.1496414, 4.5080242], [-74.1501939, 4.5074252], [-74.1502878, 4.5072701]]], [[[-74.1312976, 4.4729426], [-74.1308021, 4.4724627], [-74.1306393, 4.4717359], [-74.1283459, 4.4727238], [-74.1279424, 4.4720605], [-74.1283884, 4.4719123], [-74.1285158, 4.4722087], [-74.1290537, 4.4719405], [-74.1288272, 4.4714183], [-74.1288839, 4.4703386], [-74.1292449, 4.4702469], [-74.1296059, 4.4699716], [-74.130066, 4.4695482], [-74.1295705, 4.4688919], [-74.1291741, 4.4685603], [-74.1287635, 4.4683415], [-74.1286644, 4.4682215], [-74.1288768, 4.4680451], [-74.128904, 4.4666971], [-74.1290437, 4.4666435], [-74.1292275, 4.4665232], [-74.1292981, 4.4664029], [-74.1292204, 4.4662623], [-74.1290754, 4.4661769], [-74.1277693, 4.4665516], [-74.1270969, 4.4668409], [-74.1270947, 4.4669357], [-74.1267219, 4.4670293], [-74.1263464, 4.4671924], [-74.1260782, 4.4674277], [-74.1259655, 4.4677834], [-74.1259494, 4.4680695], [-74.1257376, 4.4683128], [-74.1254935, 4.4684599], [-74.1253774, 4.4686733], [-74.1254237, 4.4688583], [-74.1255471, 4.4691953], [-74.1255766, 4.4693504], [-74.1254881, 4.4694359], [-74.1252521, 4.4691552], [-74.1249704, 4.469345], [-74.1245413, 4.4687701], [-74.1242248, 4.4683155], [-74.1240558, 4.468008], [-74.1239539, 4.467631], [-74.1237903, 4.4671576], [-74.1234925, 4.4660345], [-74.1233987, 4.4656655], [-74.1233745, 4.465596], [-74.1232726, 4.4656923], [-74.1231465, 4.4659677], [-74.1231358, 4.4661067], [-74.1232002, 4.4663528], [-74.1233236, 4.4666736], [-74.1233397, 4.4669865], [-74.1233718, 4.4671897], [-74.1234684, 4.4673448], [-74.1234818, 4.4675855], [-74.123573, 4.4677593], [-74.1235837, 4.4678743], [-74.123514, 4.468008], [-74.1236401, 4.4681444], [-74.1238788, 4.4683503], [-74.1238895, 4.4685615], [-74.1238976, 4.4687273], [-74.1239485, 4.4688744], [-74.1239941, 4.469083], [-74.1236642, 4.4693156], [-74.1232485, 4.4695162], [-74.1231439, 4.469591], [-74.1230285, 4.4697435], [-74.1228724, 4.4695266], [-74.1207461, 4.4708992], [-74.1212879, 4.4720758], [-74.1206227, 4.4723753], [-74.120333, 4.4723004], [-74.1201453, 4.4723004], [-74.1199414, 4.4724929], [-74.1197859, 4.4728245], [-74.1197698, 4.4729689], [-74.1183697, 4.4730652], [-74.1184662, 4.473969], [-74.1188095, 4.4746803], [-74.1195927, 4.4752151], [-74.1201131, 4.4752686], [-74.1207139, 4.4742792], [-74.1211701, 4.4745853], [-74.1221097, 4.4741704], [-74.1221446, 4.4743616], [-74.1224396, 4.4752775], [-74.1224262, 4.4754526], [-74.1219045, 4.4758845], [-74.1220004, 4.4760192], [-74.1218215, 4.476538], [-74.1216345, 4.4770162], [-74.1220329, 4.4773324], [-74.1216427, 4.4785645], [-74.1218622, 4.4789293], [-74.1222931, 4.4790509], [-74.1227729, 4.4793913], [-74.12309, 4.4794399], [-74.1232932, 4.4797561], [-74.1240657, 4.4784753], [-74.1241876, 4.4783051], [-74.1249357, 4.477762], [-74.1255292, 4.4771702], [-74.1258626, 4.4773891], [-74.127375, 4.4754679], [-74.1282938, 4.4745682], [-74.1293752, 4.4749573], [-74.1296516, 4.4749735], [-74.1298549, 4.4748519], [-74.1301232, 4.4745276], [-74.1305623, 4.4739197], [-74.1309932, 4.4736765], [-74.1312976, 4.4729426]]], [[[-74.1116051, 4.4871079], [-74.111601, 4.4867999], [-74.1114669, 4.4856893], [-74.1111172, 4.4851422], [-74.1110115, 4.4844653], [-74.1099342, 4.484514], [-74.1105074, 4.4859487], [-74.1101862, 4.4860582], [-74.1102838, 4.4865972], [-74.1098204, 4.4870674], [-74.1100196, 4.4871768], [-74.1101375, 4.4871768], [-74.1101903, 4.4875294], [-74.1104098, 4.4875294], [-74.1109587, 4.487347], [-74.1116051, 4.4871079]]], [[[-74.083124, 4.4988071], [-74.0829214, 4.4982857], [-74.0827793, 4.4978993], [-74.0826237, 4.4974835], [-74.082607, 4.4974227], [-74.0824614, 4.4974842], [-74.0822066, 4.4975972], [-74.0819599, 4.4976948], [-74.0816313, 4.4978205], [-74.0814275, 4.4978953], [-74.0812169, 4.4979608], [-74.0808307, 4.4980932], [-74.0806228, 4.4981654], [-74.0804029, 4.4982389], [-74.0800515, 4.4983873], [-74.0798155, 4.4984622], [-74.0788156, 4.4988023], [-74.0789375, 4.4991473], [-74.0792586, 4.4993419], [-74.0793166, 4.4994649], [-74.0793863, 4.4996334], [-74.0794346, 4.4998179], [-74.0794426, 4.4999436], [-74.0793635, 4.5000893], [-74.0794775, 4.5001521], [-74.0796666, 4.5002885], [-74.0797578, 4.500338], [-74.0798302, 4.5003447], [-74.0798785, 4.5003968], [-74.0800461, 4.5003647], [-74.0802325, 4.50033], [-74.080317, 4.5003246], [-74.0804699, 4.5002832], [-74.0808521, 4.5001481], [-74.0812343, 4.5000077], [-74.0810439, 4.4997203], [-74.0811539, 4.4995986], [-74.0812705, 4.4994877], [-74.0814355, 4.4993459], [-74.0816286, 4.4992256], [-74.0819089, 4.4990665], [-74.0822442, 4.4989168], [-74.0825728, 4.4987858], [-74.0826707, 4.4987697], [-74.0828249, 4.4987751], [-74.083124, 4.4988071]]], [[[-74.0831179, 4.4728246], [-74.0829496, 4.4726916], [-74.0827759, 4.4725853], [-74.0825258, 4.4724242], [-74.0823971, 4.4723119], [-74.0823179, 4.4722149], [-74.0822294, 4.4720712], [-74.0821208, 4.4719255], [-74.0820229, 4.4718265], [-74.0818714, 4.4717062], [-74.0815897, 4.4714923], [-74.0814127, 4.4713546], [-74.0813094, 4.4713091], [-74.0811847, 4.471273], [-74.0810539, 4.471285], [-74.0809138, 4.4713118], [-74.0807663, 4.4713466], [-74.0806577, 4.4713305], [-74.0805718, 4.471273], [-74.0804377, 4.4711754], [-74.0801132, 4.4714615], [-74.0796384, 4.471864], [-74.0793031, 4.4721341], [-74.0790604, 4.4723453], [-74.0791489, 4.4725098], [-74.0791985, 4.4726194], [-74.0791918, 4.4727678], [-74.0791824, 4.4729336], [-74.0791596, 4.4730259], [-74.0791664, 4.4731221], [-74.0790054, 4.4732023], [-74.0786487, 4.4733588], [-74.078752, 4.4734978], [-74.0788981, 4.4736797], [-74.0790631, 4.4738922], [-74.0791529, 4.4739925], [-74.0792535, 4.4740928], [-74.079279, 4.4741516], [-74.0793394, 4.4742278], [-74.0793259, 4.4743241], [-74.0794332, 4.4745394], [-74.0794882, 4.4746864], [-74.079566, 4.4748295], [-74.0795834, 4.4749164], [-74.0794614, 4.4749846], [-74.0793367, 4.4749538], [-74.0792093, 4.4749605], [-74.0791476, 4.474998], [-74.0791878, 4.4750782], [-74.0793635, 4.4751076], [-74.0795164, 4.4751156], [-74.0796424, 4.4750835], [-74.0797739, 4.475006], [-74.0799657, 4.4749471], [-74.0801011, 4.4748803], [-74.0802875, 4.4748442], [-74.0803854, 4.4748041], [-74.0804444, 4.4747412], [-74.080423, 4.4745701], [-74.0803948, 4.4744752], [-74.080478, 4.474395], [-74.0806215, 4.4743241], [-74.0807529, 4.474284], [-74.0810345, 4.4742225], [-74.0811941, 4.4741877], [-74.0813282, 4.4741556], [-74.0813953, 4.4741142], [-74.0815321, 4.4740179], [-74.0816876, 4.4738722], [-74.0817976, 4.473669], [-74.0818526, 4.4733909], [-74.0819237, 4.4731348], [-74.0821785, 4.473094], [-74.0822294, 4.4729363], [-74.0823609, 4.4730138], [-74.0824199, 4.4731128], [-74.0826237, 4.4731154], [-74.0828222, 4.4731074], [-74.0829885, 4.473094], [-74.0830395, 4.4730833], [-74.0830797, 4.4729496], [-74.0831179, 4.4728246]]], [[[-74.0313696, 4.6745733], [-74.0311221, 4.674685], [-74.030912, 4.6747409], [-74.0308466, 4.6747176], [-74.0307532, 4.674564], [-74.0306458, 4.6741591], [-74.0306178, 4.6738146], [-74.0306178, 4.6737634], [-74.0306132, 4.6736916], [-74.0304437, 4.6737284], [-74.0302773, 4.6737407], [-74.0300678, 4.6737069], [-74.0299199, 4.6738206], [-74.0296919, 4.6742351], [-74.0295595, 4.6744409], [-74.0294177, 4.6745299], [-74.0292268, 4.6745891], [-74.0289337, 4.6746362], [-74.0282738, 4.6746022], [-74.0281175, 4.6750718], [-74.0280905, 4.6751342], [-74.0280235, 4.6751726], [-74.0279423, 4.6752147], [-74.0278703, 4.6752871], [-74.0278471, 4.6753314], [-74.0278577, 4.6753525], [-74.0279284, 4.6753782], [-74.0280663, 4.6753868], [-74.0282925, 4.6754124], [-74.0287406, 4.6754527], [-74.0297448, 4.6755694], [-74.02993, 4.6755857], [-74.0303159, 4.6756334], [-74.0304343, 4.6756843], [-74.0305218, 4.6757289], [-74.0305745, 4.6757788], [-74.0306179, 4.6758365], [-74.0306562, 4.6759095], [-74.0306718, 4.6759905], [-74.0306768, 4.6760457], [-74.0306689, 4.6761038], [-74.0307996, 4.6760952], [-74.0308976, 4.676065], [-74.0310616, 4.6759892], [-74.0311221, 4.6759378], [-74.0311385, 4.6758619], [-74.0311301, 4.6757824], [-74.0312115, 4.6757797], [-74.0312624, 4.6757342], [-74.0312759, 4.6756338], [-74.0312787, 4.6755955], [-74.0312231, 4.6755396], [-74.0311476, 4.6755118], [-74.0310083, 4.6754978], [-74.0309555, 4.6754899], [-74.0309275, 4.6754538], [-74.0309506, 4.6754078], [-74.0310092, 4.6753477], [-74.0310801, 4.675211], [-74.0311221, 4.6750574], [-74.0311922, 4.6748107], [-74.0313696, 4.6745733]]], [[[-74.0272307, 4.6693739], [-74.0268432, 4.6689248], [-74.0266997, 4.6686601], [-74.0265374, 4.6683193], [-74.0263322, 4.6680332], [-74.0261364, 4.6678301], [-74.0258011, 4.6674411], [-74.0256187, 4.6671404], [-74.0254685, 4.6667327], [-74.0253317, 4.666444], [-74.0250944, 4.6660884], [-74.0249629, 4.6657115], [-74.024983, 4.665404], [-74.0250394, 4.6652022], [-74.0253009, 4.6650645], [-74.025667, 4.665138], [-74.0257126, 4.6647731], [-74.0257207, 4.6644791], [-74.0256214, 4.6642532], [-74.0254028, 4.6640473], [-74.0252057, 4.6637693], [-74.0251118, 4.6635795], [-74.0250836, 4.6633095], [-74.0250984, 4.6630007], [-74.0253773, 4.6630248], [-74.02538, 4.6628296], [-74.0248194, 4.6627922], [-74.0243125, 4.662728], [-74.0237841, 4.662851], [-74.023363, 4.6628082], [-74.0227461, 4.6628216], [-74.0220165, 4.6627949], [-74.0214855, 4.6628002], [-74.0212816, 4.6627628], [-74.0210241, 4.6633135], [-74.0207076, 4.6636557], [-74.0206271, 4.6640193], [-74.0204448, 4.6644363], [-74.020257, 4.6648426], [-74.0199995, 4.6653025], [-74.0199244, 4.6654629], [-74.0196025, 4.665372], [-74.0193772, 4.6651046], [-74.0197071, 4.6647411], [-74.0199271, 4.6644229], [-74.0198976, 4.6642599], [-74.019396, 4.6641503], [-74.0186155, 4.664046], [-74.0179315, 4.6639765], [-74.017733, 4.6639257], [-74.0174112, 4.6638749], [-74.0172422, 4.6638161], [-74.0167406, 4.6643695], [-74.0162417, 4.6649095], [-74.0159574, 4.6651554], [-74.0157858, 4.6653185], [-74.0153191, 4.6650592], [-74.0149972, 4.6648961], [-74.0148792, 4.6646822], [-74.0148416, 4.6643133], [-74.0149033, 4.664177], [-74.0151286, 4.6639203], [-74.014615, 4.6633148], [-74.0143843, 4.6636036], [-74.0142529, 4.6638148], [-74.0142073, 4.6638455], [-74.0140437, 4.6638629], [-74.0138425, 4.6638655], [-74.0136936, 4.6638562], [-74.0135273, 4.6637894], [-74.0133416, 4.6636557], [-74.0130982, 4.6634298], [-74.0128501, 4.6631985], [-74.0126261, 4.6629633], [-74.0124062, 4.6626866], [-74.0122479, 4.6625757], [-74.0120937, 4.6624848], [-74.0119045, 4.6623936], [-74.0118174, 4.6623671], [-74.0117316, 4.6623618], [-74.0115935, 4.6623658], [-74.0114433, 4.6623832], [-74.0113628, 4.6623952], [-74.0112287, 4.6624233], [-74.0110942, 4.6624727], [-74.0108491, 4.6625409], [-74.0105984, 4.6626144], [-74.0104321, 4.6626666], [-74.0103045, 4.6627418], [-74.0101412, 4.6628076], [-74.0103881, 4.6634583], [-74.010483, 4.6636931], [-74.0105681, 4.6639336], [-74.0107353, 4.6643282], [-74.0108424, 4.6645673], [-74.01095, 4.6648313], [-74.0109685, 4.6648787], [-74.0111733, 4.6653816], [-74.0112508, 4.6655886], [-74.0113574, 4.665793], [-74.0114795, 4.6659641], [-74.0116321, 4.6661188], [-74.0117278, 4.6661942], [-74.0119033, 4.6662929], [-74.0120682, 4.6663574], [-74.0121956, 4.6663999], [-74.0123502, 4.6664305], [-74.0125188, 4.6664426], [-74.0126959, 4.6664359], [-74.0128415, 4.6664176], [-74.013188, 4.6663112], [-74.0136118, 4.6661806], [-74.0137057, 4.6661699], [-74.0138063, 4.666182], [-74.0139151, 4.6662281], [-74.0139753, 4.6662916], [-74.0140115, 4.6663785], [-74.0140262, 4.6665162], [-74.0139954, 4.6666391], [-74.0139189, 4.6667327], [-74.0138318, 4.6667915], [-74.013552, 4.666964], [-74.0132256, 4.6671698], [-74.0128474, 4.6674136], [-74.0127401, 4.6675093], [-74.0126757, 4.6675881], [-74.0126395, 4.6676764], [-74.0126061, 4.6677882], [-74.0125879, 4.6679788], [-74.0125872, 4.6680815], [-74.0125819, 4.6682244], [-74.0125931, 4.6683979], [-74.0126234, 4.6685144], [-74.0126824, 4.6686561], [-74.0127549, 4.6687591], [-74.0128521, 4.6688623], [-74.0129797, 4.6689665], [-74.0133154, 4.6692122], [-74.0136641, 4.6694568], [-74.0140477, 4.6697415], [-74.0142671, 4.6698932], [-74.0144098, 4.6699701], [-74.0145307, 4.6700218], [-74.0148067, 4.6701011], [-74.0151487, 4.6701866], [-74.0155149, 4.6702909], [-74.0156937, 4.6703339], [-74.0158555, 4.6703791], [-74.0159774, 4.6704333], [-74.0160741, 4.670498], [-74.0161626, 4.6705782], [-74.0161973, 4.6706298], [-74.0162605, 4.6707427], [-74.0163212, 4.6709097], [-74.0163906, 4.6710862], [-74.0164634, 4.6712652], [-74.0165193, 4.6714096], [-74.0165804, 4.6715793], [-74.0167077, 4.6718928], [-74.0168047, 4.6721166], [-74.0168687, 4.6722286], [-74.0169471, 4.6723234], [-74.0170106, 4.6723758], [-74.0170631, 4.6724071], [-74.0171717, 4.6724527], [-74.0173281, 4.6725005], [-74.0174893, 4.6725218], [-74.0176697, 4.6725467], [-74.0177853, 4.6725645], [-74.0178939, 4.6725809], [-74.0179959, 4.6725926], [-74.0180985, 4.6726215], [-74.0181739, 4.6726642], [-74.0182266, 4.6727173], [-74.0182936, 4.6728008], [-74.0183266, 4.6728784], [-74.0183653, 4.6729854], [-74.0183915, 4.6730591], [-74.0184192, 4.6731279], [-74.0184999, 4.6732636], [-74.0185773, 4.6733586], [-74.0186806, 4.6734563], [-74.0187847, 4.6735225], [-74.018899, 4.673583], [-74.0190403, 4.6736704], [-74.0191774, 4.6737361], [-74.0192839, 4.6737887], [-74.0194228, 4.6738463], [-74.0195547, 4.6739109], [-74.0196739, 4.6739537], [-74.0197836, 4.673972], [-74.0198689, 4.6739775], [-74.0199409, 4.6739748], [-74.0200599, 4.6739491], [-74.0202155, 4.6739116], [-74.0203432, 4.6738857], [-74.0204233, 4.6738704], [-74.0205079, 4.6738665], [-74.0205856, 4.6738771], [-74.02066, 4.6739023], [-74.0207218, 4.673947], [-74.0207928, 4.6739938], [-74.020839, 4.6740525], [-74.0208927, 4.6741204], [-74.0209319, 4.6741889], [-74.0209705, 4.6742687], [-74.0210197, 4.6743572], [-74.0211065, 4.6745576], [-74.0211712, 4.6746664], [-74.0212522, 4.6747716], [-74.0213279, 4.6748395], [-74.0213963, 4.6748909], [-74.021468, 4.6749262], [-74.0215297, 4.6749516], [-74.0215902, 4.674976], [-74.0216981, 4.6749888], [-74.0218097, 4.6749967], [-74.0219658, 4.6749986], [-74.0220914, 4.6749895], [-74.0221725, 4.6749634], [-74.0222428, 4.674935], [-74.0223554, 4.6748805], [-74.0224367, 4.6748284], [-74.0225235, 4.674781], [-74.0225932, 4.6747459], [-74.0226633, 4.6747179], [-74.0227421, 4.6747272], [-74.0228009, 4.6747493], [-74.0228637, 4.6747857], [-74.0229261, 4.6748417], [-74.0229715, 4.6748932], [-74.0230265, 4.6749832], [-74.0230579, 4.6750435], [-74.0231693, 4.6752684], [-74.0232398, 4.6754012], [-74.0232948, 4.6754767], [-74.0233432, 4.6755265], [-74.0234187, 4.6755808], [-74.0234975, 4.6756236], [-74.0236005, 4.6756584], [-74.0236969, 4.6753928], [-74.0238243, 4.675183], [-74.0235253, 4.6750159], [-74.023591, 4.6748542], [-74.0238163, 4.6747873], [-74.0241261, 4.6748261], [-74.0242642, 4.6746724], [-74.0244761, 4.6744211], [-74.0249053, 4.6740468], [-74.0247926, 4.6738303], [-74.0244252, 4.6739212], [-74.0242213, 4.6739666], [-74.0238056, 4.6737635], [-74.0235588, 4.6735229], [-74.0235159, 4.6733545], [-74.0236634, 4.6730925], [-74.0236929, 4.6727583], [-74.0241382, 4.6721622], [-74.0245539, 4.6718628], [-74.0251681, 4.6721408], [-74.0254363, 4.6723386], [-74.0256321, 4.6724282], [-74.0258816, 4.6724616], [-74.02595, 4.6721221], [-74.0260237, 4.6717679], [-74.0260734, 4.6714417], [-74.0261297, 4.6712172], [-74.0261659, 4.6709592], [-74.0263094, 4.670732], [-74.0264422, 4.6704873], [-74.0266179, 4.6701492], [-74.0267091, 4.6698685], [-74.0269344, 4.6696613], [-74.02711, 4.6695316], [-74.0272307, 4.6693739]]]]}}, {"type": "Feature", "properties": {"nombre": "Cali", "zona": "cali", "centro": [3.4108435, -76.5812127]}, "geometry": {"type": "Polygon", "coordinates": [[[-76.7069442, 3.4306836], [-76.7068906, 3.4296668], [-76.7066766, 3.4287035], [-76.7058738, 3.4271515], [-76.7054457, 3.4264558], [-76.7044824, 3.4246897], [-76.7041078, 3.4236194], [-76.7029304, 3.4218533], [-76.7023952, 3.4203549], [-76.7011643, 3.4186958], [-76.7005756, 3.4182142], [-76.6997194, 3.4167157], [-76.6992912, 3.415913], [-76.6989279, 3.4146605], [-76.6980672, 3.4126685], [-76.6978902, 3.4117266], [-76.6974086, 3.4110308], [-76.6966058, 3.4106562], [-76.695664, 3.4103123], [-76.695203, 3.4096823], [-76.6947863, 3.4090828], [-76.6943487, 3.4082262], [-76.6935785, 3.4074982], [-76.6929265, 3.4073055], [-76.6923164, 3.4073379], [-76.6910855, 3.406107], [-76.6897579, 3.4058294], [-76.6889965, 3.4054659], [-76.6888822, 3.4050941], [-76.6887331, 3.404679], [-76.6886902, 3.4043898], [-76.6881967, 3.4038543], [-76.6878748, 3.4026119], [-76.6877139, 3.4018729], [-76.6877845, 3.4009386], [-76.6877997, 3.400063], [-76.6875315, 3.3993882], [-76.6876021, 3.3986268], [-76.6879499, 3.3981673], [-76.6882565, 3.3969998], [-76.6879878, 3.39624], [-76.6883738, 3.3955016], [-76.6890695, 3.3936285], [-76.6892836, 3.3926652], [-76.6894976, 3.3919695], [-76.6897652, 3.3906851], [-76.6901623, 3.3898179], [-76.6898622, 3.3893577], [-76.6888008, 3.3888815], [-76.6885433, 3.3879291], [-76.6894627, 3.3864505], [-76.6908678, 3.3853178], [-76.6913509, 3.3839658], [-76.6912305, 3.3825986], [-76.6917657, 3.3819564], [-76.6928157, 3.3796338], [-76.6933509, 3.3782959], [-76.693779, 3.3756735], [-76.693779, 3.3736399], [-76.6937255, 3.3724625], [-76.6938002, 3.3709637], [-76.693703, 3.3697112], [-76.6942069, 3.3691391], [-76.6943791, 3.3676085], [-76.6959123, 3.3665491], [-76.6961241, 3.3657035], [-76.6959946, 3.3650504], [-76.6969579, 3.3639266], [-76.6981888, 3.3630168], [-76.6988845, 3.3617324], [-76.69987, 3.3613045], [-76.7002121, 3.360866], [-76.7008441, 3.3603736], [-76.7009962, 3.3594928], [-76.7013998, 3.3590565], [-76.7017735, 3.3587889], [-76.7017941, 3.3584786], [-76.7015433, 3.3578755], [-76.7017731, 3.3570793], [-76.7012951, 3.355773], [-76.7007487, 3.3548664], [-76.7000735, 3.3544803], [-76.7000886, 3.3534174], [-76.700504, 3.3529372], [-76.7006074, 3.3523913], [-76.7001057, 3.3506031], [-76.6998422, 3.3492818], [-76.6989423, 3.3480077], [-76.6981037, 3.3472125], [-76.6975737, 3.3463725], [-76.6972395, 3.3452601], [-76.6964186, 3.3446927], [-76.6949387, 3.34319], [-76.6951252, 3.342262], [-76.6954263, 3.3415483], [-76.6957125, 3.3403133], [-76.6955623, 3.3393639], [-76.6949988, 3.3389822], [-76.6950265, 3.337929], [-76.6954058, 3.3371226], [-76.6956425, 3.3364973], [-76.6951847, 3.3350594], [-76.6949418, 3.3340315], [-76.6945991, 3.332568], [-76.6952726, 3.3311116], [-76.6962191, 3.3286485], [-76.6960287, 3.3279716], [-76.6967154, 3.326515], [-76.6962252, 3.3254294], [-76.6975839, 3.3203815], [-76.6977985, 3.3195396], [-76.6974449, 3.3182034], [-76.6972089, 3.3113484], [-76.6925808, 3.312538], [-76.6896129, 3.3128479], [-76.686918, 3.3134877], [-76.6854715, 3.3143689], [-76.6844967, 3.3142157], [-76.6835338, 3.3147082], [-76.6823346, 3.3151651], [-76.6799475, 3.3155648], [-76.6788624, 3.3153364], [-76.6765211, 3.315108], [-76.6750934, 3.3148795], [-76.6734504, 3.314187], [-76.6711427, 3.3144299], [-76.6702725, 3.3147869], [-76.6685881, 3.314851], [-76.6677387, 3.3147295], [-76.6671545, 3.3150365], [-76.6664121, 3.3153221], [-76.6654984, 3.315322], [-76.6638994, 3.3148081], [-76.6628992, 3.314594], [-76.6625406, 3.3136374], [-76.6616988, 3.3119097], [-76.6608422, 3.3109389], [-76.6604996, 3.3100823], [-76.6599856, 3.3093399], [-76.6594717, 3.3087117], [-76.6572547, 3.3054574], [-76.656611, 3.3041078], [-76.656096, 3.3039578], [-76.6541434, 3.3034437], [-76.6527486, 3.3034009], [-76.6523945, 3.3031652], [-76.6503561, 3.3021477], [-76.6495085, 3.3015586], [-76.6481567, 3.3004018], [-76.646204, 3.2998877], [-76.6435218, 3.2995021], [-76.6410971, 3.2997591], [-76.6363764, 3.3013658], [-76.6333938, 3.303508], [-76.631999, 3.3049433], [-76.6310442, 3.3066249], [-76.6300901, 3.306456], [-76.6289479, 3.3065131], [-76.6282056, 3.3068557], [-76.6272918, 3.3068557], [-76.6259213, 3.3067415], [-76.6240938, 3.3062847], [-76.6232943, 3.3054852], [-76.6227176, 3.3051425], [-76.6221465, 3.3047428], [-76.6214612, 3.3047999], [-76.6206617, 3.3049141], [-76.6198622, 3.3057707], [-76.6187596, 3.3063464], [-76.6181467, 3.3064013], [-76.6175902, 3.3064535], [-76.6167963, 3.3069462], [-76.6158092, 3.3087242], [-76.6143715, 3.3104058], [-76.6127408, 3.311402], [-76.6111958, 3.3119696], [-76.6100586, 3.3118518], [-76.6086531, 3.3116055], [-76.6078591, 3.3110164], [-76.6073763, 3.3101809], [-76.6070223, 3.3094097], [-76.6064108, 3.3086921], [-76.6058314, 3.3084672], [-76.6048014, 3.3084457], [-76.6042113, 3.3082744], [-76.6038787, 3.3080923], [-76.6034711, 3.3080066], [-76.6026664, 3.3076317], [-76.6025457, 3.3076213], [-76.6022802, 3.3075996], [-76.6018403, 3.3078888], [-76.6011322, 3.3081565], [-76.6004026, 3.3083279], [-76.5997052, 3.3084672], [-76.59904, 3.3085743], [-76.5982676, 3.3085528], [-76.5974844, 3.30851], [-76.5970337, 3.3084243], [-76.5966046, 3.3083172], [-76.5961754, 3.3079745], [-76.5956819, 3.3076638], [-76.5952742, 3.3077067], [-76.5949684, 3.3078352], [-76.5944588, 3.3079798], [-76.5940136, 3.3079209], [-76.5934557, 3.3077763], [-76.5920341, 3.3074978], [-76.5914923, 3.3073532], [-76.5912724, 3.3072247], [-76.5909156, 3.3070078], [-76.5903953, 3.3070078], [-76.5901753, 3.307056], [-76.5897837, 3.3070346], [-76.5895504, 3.3071443], [-76.5894243, 3.3072434], [-76.5893009, 3.3074469], [-76.5890837, 3.3076504], [-76.5889603, 3.3080119], [-76.5888369, 3.3083225], [-76.5885392, 3.3085876], [-76.5883246, 3.3087322], [-76.5880269, 3.3087751], [-76.5875924, 3.3088795], [-76.5873188, 3.3088742], [-76.5871149, 3.3087912], [-76.5869138, 3.3087697], [-76.5865973, 3.3088045], [-76.5862888, 3.3087376], [-76.586026, 3.3086198], [-76.5856183, 3.3084671], [-76.5853393, 3.3083761], [-76.5850389, 3.3083654], [-76.5847063, 3.3084698], [-76.5845051, 3.3085475], [-76.5843308, 3.308676], [-76.5841779, 3.3088474], [-76.5839687, 3.3089438], [-76.5837273, 3.3089786], [-76.583553, 3.3088635], [-76.5833169, 3.3087965], [-76.5831158, 3.3087724], [-76.5828314, 3.3086626], [-76.5826035, 3.3085662], [-76.5823004, 3.3085207], [-76.5820697, 3.3085287], [-76.5818498, 3.3085448], [-76.581713, 3.308601], [-76.5815815, 3.308601], [-76.5814501, 3.3085394], [-76.5814099, 3.308435], [-76.5813535, 3.3081485], [-76.5813723, 3.307953], [-76.5814099, 3.3076504], [-76.5814126, 3.3075862], [-76.5814045, 3.3075594], [-76.581324, 3.3075032], [-76.5811443, 3.3074228], [-76.5809727, 3.3072889], [-76.5808976, 3.307056], [-76.5808037, 3.3068418], [-76.5807983, 3.306507], [-76.5808412, 3.3063624], [-76.5809512, 3.3059929], [-76.5809512, 3.3057573], [-76.5809485, 3.3055672], [-76.5809324, 3.3053958], [-76.5808761, 3.305116], [-76.5808922, 3.3049325], [-76.5806991, 3.3047263], [-76.5806106, 3.3047022], [-76.5804416, 3.3046112], [-76.5804657, 3.3044773], [-76.5805945, 3.3044371], [-76.5806615, 3.3042792], [-76.5806025, 3.3040783], [-76.5803826, 3.3038802], [-76.5801653, 3.3037891], [-76.5799212, 3.3037731], [-76.5796611, 3.3038695], [-76.5794545, 3.3039096], [-76.5791515, 3.3040408], [-76.5789664, 3.3041212], [-76.578733, 3.3042229], [-76.5785828, 3.304314], [-76.5783924, 3.3043033], [-76.5782663, 3.3041881], [-76.5781376, 3.3040462], [-76.5780303, 3.3039846], [-76.5778559, 3.3038962], [-76.5776521, 3.3038641], [-76.5775368, 3.3038105], [-76.577459, 3.3037088], [-76.5774241, 3.3033794], [-76.5773919, 3.303267], [-76.5773007, 3.3030661], [-76.5770835, 3.3029804], [-76.576995, 3.3030019], [-76.5769252, 3.3030474], [-76.5767884, 3.3030822], [-76.5766409, 3.3030849], [-76.5765256, 3.3030849], [-76.5761983, 3.303192], [-76.5761045, 3.3032375], [-76.5759623, 3.3033125], [-76.5758926, 3.3034035], [-76.5758255, 3.3034865], [-76.5758282, 3.3036044], [-76.5757799, 3.3036847], [-76.5756404, 3.3036954], [-76.5754822, 3.3036124], [-76.5754581, 3.303599], [-76.5754151, 3.3035588], [-76.5752596, 3.3033071], [-76.5751429, 3.3031143], [-76.5750544, 3.3029938], [-76.5749632, 3.3029483], [-76.5748452, 3.3029001], [-76.5746681, 3.3028546], [-76.5744911, 3.3028091], [-76.5741183, 3.3027207], [-76.5739064, 3.3026176], [-76.5737347, 3.30256], [-76.5735658, 3.3025199], [-76.573327, 3.3025292], [-76.5732077, 3.3025279], [-76.5730897, 3.3025466], [-76.5729073, 3.3026564], [-76.5725747, 3.3026886], [-76.5724728, 3.3025172], [-76.572277, 3.3023967], [-76.5721563, 3.3020539], [-76.5720195, 3.3018451], [-76.5719739, 3.3016362], [-76.5719122, 3.3013095], [-76.5718183, 3.301114], [-76.5716627, 3.3008811], [-76.5715045, 3.3008008], [-76.571373, 3.3006401], [-76.5712899, 3.3004687], [-76.5712309, 3.300308], [-76.5711263, 3.3001313], [-76.5708473, 3.2998341], [-76.5707079, 3.2997618], [-76.5705469, 3.2997377], [-76.5703645, 3.2997886], [-76.5701258, 3.2997939], [-76.5697154, 3.2997216], [-76.569584, 3.2996841], [-76.5693319, 3.2995422], [-76.5690905, 3.2994378], [-76.568841, 3.2994645], [-76.5684199, 3.2995636], [-76.5680847, 3.2996868], [-76.5676099, 3.2996627], [-76.5671003, 3.2994244], [-76.5668321, 3.2992932], [-76.5666309, 3.2990495], [-76.5665317, 3.298937], [-76.5664083, 3.2987362], [-76.5663278, 3.2985461], [-76.5662822, 3.2982408], [-76.5661696, 3.2978954], [-76.566124, 3.2977053], [-76.5660489, 3.2974562], [-76.5661186, 3.2971349], [-76.5662366, 3.2969823], [-76.5663815, 3.2968243], [-76.5666041, 3.2966127], [-76.5667462, 3.2964494], [-76.5669876, 3.2961441], [-76.5671217, 3.2959379], [-76.5671673, 3.2957639], [-76.567111, 3.2956246], [-76.5669608, 3.2954051], [-76.5668294, 3.2952631], [-76.5667033, 3.2950355], [-76.5666148, 3.2948561], [-76.566529, 3.2947785], [-76.5664566, 3.2947062], [-76.5663976, 3.2946178], [-76.5663895, 3.2945107], [-76.5664431, 3.2944036], [-76.5664995, 3.2944116], [-76.5666631, 3.2944598], [-76.5667355, 3.2945428], [-76.566875, 3.2945294], [-76.5669662, 3.2945026], [-76.5670198, 3.2944598], [-76.5671539, 3.2943955], [-76.567221, 3.2943688], [-76.5673015, 3.2943125], [-76.5673229, 3.2942295], [-76.567339, 3.2941251], [-76.5673175, 3.2940394], [-76.5671727, 3.2939216], [-76.5670547, 3.293868], [-76.5669394, 3.2938171], [-76.5668052, 3.2937743], [-76.5667436, 3.2936538], [-76.5667248, 3.2935574], [-76.5665719, 3.2934208], [-76.5664485, 3.2932896], [-76.5663466, 3.2931316], [-76.5662742, 3.292979], [-76.5662178, 3.2928156], [-76.5662044, 3.2927326], [-76.5661937, 3.2926496], [-76.5661052, 3.2923631], [-76.5658799, 3.2920685], [-76.5658075, 3.292023], [-76.5654883, 3.2918329], [-76.5653649, 3.291707], [-76.5653917, 3.2915919], [-76.5654373, 3.2914339], [-76.5655822, 3.2913803], [-76.565727, 3.2913723], [-76.5658504, 3.2913402], [-76.565955, 3.2911768], [-76.5659657, 3.2909465], [-76.5658504, 3.2908716], [-76.5657431, 3.2908823], [-76.5654749, 3.2908662], [-76.5653971, 3.2907109], [-76.5653971, 3.2905609], [-76.5653488, 3.2903949], [-76.5652925, 3.2902476], [-76.5653408, 3.2901164], [-76.5654749, 3.2900307], [-76.5657297, 3.2898674], [-76.5656948, 3.2896746], [-76.5655768, 3.2895139], [-76.5653998, 3.2893693], [-76.5652415, 3.2891926], [-76.5650672, 3.288965], [-76.5649143, 3.2886115], [-76.564858, 3.2884294], [-76.5648714, 3.2882393], [-76.5648875, 3.2881536], [-76.5646219, 3.2879367], [-76.5643966, 3.2878189], [-76.5643483, 3.287693], [-76.5643269, 3.2875404], [-76.5643993, 3.287444], [-76.5644395, 3.2874012], [-76.5644503, 3.2873235], [-76.5644369, 3.2871494], [-76.5642813, 3.2870289], [-76.5641418, 3.2869165], [-76.5640613, 3.2866969], [-76.5639889, 3.2865175], [-76.5639413, 3.2864811], [-76.5638065, 3.2863782], [-76.5636644, 3.2864023], [-76.5635544, 3.2864961], [-76.5634827, 3.2865472], [-76.5633559, 3.2866755], [-76.563093, 3.2868147], [-76.5628893, 3.2869593], [-76.5625834, 3.2869272], [-76.5622187, 3.2867183], [-76.561988, 3.286413], [-76.5617198, 3.2862149], [-76.5611672, 3.2858828], [-76.5607917, 3.2858025], [-76.5604967, 3.2856526], [-76.5602177, 3.2854008], [-76.5597162, 3.2846323], [-76.5594238, 3.2842199], [-76.5591905, 3.283671], [-76.5591073, 3.2833845], [-76.5591341, 3.2829373], [-76.559228, 3.2823321], [-76.5593085, 3.2819947], [-76.5594319, 3.2816251], [-76.5592253, 3.2813279], [-76.5589759, 3.2812958], [-76.5586272, 3.2812663], [-76.5582892, 3.2812904], [-76.5583026, 3.2815876], [-76.5584233, 3.281842], [-76.558544, 3.2823615], [-76.5585521, 3.2826025], [-76.5584663, 3.2827927], [-76.5581766, 3.2829078], [-76.5576911, 3.2829132], [-76.5571922, 3.2829265], [-76.5569428, 3.2828917], [-76.5565458, 3.2830604], [-76.556358, 3.2830979], [-76.5561515, 3.2831033], [-76.5559745, 3.283106], [-76.5557385, 3.2830363], [-76.5552396, 3.2832854], [-76.5547729, 3.283687], [-76.554451, 3.2839281], [-76.5542364, 3.2840405], [-76.5538555, 3.2843351], [-76.5535498, 3.2844904], [-76.5531904, 3.2847689], [-76.5528899, 3.2851706], [-76.5527666, 3.2855133], [-76.552611, 3.2858828], [-76.5523696, 3.2864023], [-76.5521818, 3.2865309], [-76.5519834, 3.286563], [-76.5516937, 3.2865791], [-76.5513611, 3.2865095], [-76.5510339, 3.2863863], [-76.5507656, 3.2861935], [-76.5503097, 3.2860007], [-76.5500844, 3.2859203], [-76.5498591, 3.2857436], [-76.5496552, 3.285524], [-76.5495265, 3.2852402], [-76.5493977, 3.2849028], [-76.5493534, 3.2847461], [-76.5493816, 3.2844181], [-76.5493253, 3.2840218], [-76.5491563, 3.2839227], [-76.5489364, 3.2838397], [-76.5486869, 3.2837674], [-76.548593, 3.2835933], [-76.5485904, 3.2834594], [-76.5485609, 3.2833202], [-76.5484375, 3.2832372], [-76.5482095, 3.2831863], [-76.548011, 3.2830524], [-76.5479118, 3.2830096], [-76.5478098, 3.2831113], [-76.5478608, 3.2833309], [-76.5477321, 3.2834166], [-76.5476221, 3.2834407], [-76.5475416, 3.283438], [-76.5473405, 3.2833014], [-76.54726, 3.2831756], [-76.5471044, 3.2830444], [-76.5469891, 3.2830337], [-76.5469274, 3.283197], [-76.546863, 3.2834942], [-76.5467531, 3.2837326], [-76.5466216, 3.2838852], [-76.5464821, 3.2840834], [-76.546399, 3.284236], [-76.5463346, 3.2844984], [-76.5463293, 3.2846591], [-76.5462783, 3.284967], [-76.5462434, 3.2851679], [-76.5461576, 3.2853419], [-76.5460825, 3.2853901], [-76.5458411, 3.2852857], [-76.5457311, 3.2851759], [-76.5456641, 3.2850233], [-76.5454763, 3.2845761], [-76.5454575, 3.2844101], [-76.5454549, 3.2841717], [-76.5453717, 3.2839843], [-76.5450928, 3.2837272], [-76.5450525, 3.2834916], [-76.5450391, 3.2833496], [-76.5448299, 3.2831435], [-76.5446448, 3.2830069], [-76.5445322, 3.2829399], [-76.5443471, 3.2829774], [-76.5442371, 3.283114], [-76.5441781, 3.2833737], [-76.5441379, 3.2836067], [-76.5440923, 3.2837834], [-76.5440628, 3.2838825], [-76.5439743, 3.2840512], [-76.5438509, 3.2841369], [-76.5437678, 3.2841449], [-76.5434968, 3.2840619], [-76.5432957, 3.2839896], [-76.5431616, 3.2838932], [-76.5431187, 3.2836308], [-76.5431106, 3.2834327], [-76.5430355, 3.2831676], [-76.5428612, 3.2829051], [-76.5427673, 3.282707], [-76.5425205, 3.282308], [-76.5424749, 3.2821607], [-76.5424937, 3.2820536], [-76.5425393, 3.2819759], [-76.5426412, 3.2818635], [-76.5428478, 3.281601], [-76.5429229, 3.2814779], [-76.5430221, 3.2813895], [-76.5431294, 3.2812663], [-76.5432903, 3.2809985], [-76.5433574, 3.2808138], [-76.5434164, 3.2805781], [-76.5434754, 3.280305], [-76.54369, 3.2801282], [-76.5437758, 3.2800024], [-76.5438911, 3.2797962], [-76.5440574, 3.2793329], [-76.5441862, 3.2791], [-76.5442935, 3.2789634], [-76.5444598, 3.2785912], [-76.5444839, 3.278468], [-76.5444544, 3.2783207], [-76.5443149, 3.278235], [-76.5440092, 3.2782993], [-76.5436363, 3.2784519], [-76.5434003, 3.278543], [-76.5431508, 3.2787331], [-76.5430194, 3.2789741], [-76.5429416, 3.2790625], [-76.5427727, 3.2791294], [-76.5427405, 3.279282], [-76.5427244, 3.2794695], [-76.5426895, 3.2795204], [-76.5424631, 3.2797128], [-76.542365, 3.2797962], [-76.5420753, 3.2798819], [-76.5416837, 3.2799729], [-76.5414825, 3.2801041], [-76.5413618, 3.2801738], [-76.5411311, 3.2802621], [-76.5408629, 3.2803076], [-76.5405464, 3.2803907], [-76.5403211, 3.2804014], [-76.5400019, 3.2804603], [-76.5398008, 3.2805433], [-76.5397793, 3.2807093], [-76.5398142, 3.2808566], [-76.5398598, 3.2811437], [-76.5396238, 3.281465], [-76.5394609, 3.281539], [-76.5393877, 3.2815722], [-76.5390015, 3.2815293], [-76.5385003, 3.2812174], [-76.5381752, 3.2808723], [-76.5379872, 3.2806374], [-76.5376594, 3.2804743], [-76.5373545, 3.2803849], [-76.5371115, 3.2803488], [-76.5367821, 3.2803852], [-76.5364232, 3.2805022], [-76.5361236, 3.2807089], [-76.5358901, 3.2811223], [-76.5356541, 3.2815507], [-76.5353537, 3.2819363], [-76.5351391, 3.2823219], [-76.535044, 3.2824738], [-76.5349245, 3.2826647], [-76.5346885, 3.282986], [-76.5343666, 3.283136], [-76.5338946, 3.2832217], [-76.5335083, 3.2830503], [-76.5330577, 3.2829004], [-76.5327788, 3.2830364], [-76.5326929, 3.2833716], [-76.53271, 3.2834591], [-76.5327573, 3.2837005], [-76.5328861, 3.2840432], [-76.5329934, 3.2843999], [-76.533032, 3.284649], [-76.5330577, 3.2848144], [-76.5329719, 3.2851711], [-76.5328217, 3.285471], [-76.5325213, 3.2855996], [-76.5321136, 3.2855996], [-76.5316844, 3.2855996], [-76.5312338, 3.2855642], [-76.5310271, 3.2855642], [-76.5307618, 3.2855642], [-76.5305257, 3.2856853], [-76.5304711, 3.2857632], [-76.5303755, 3.2858995], [-76.5303111, 3.286178], [-76.5301395, 3.2865282], [-76.5299034, 3.2866996], [-76.5297421, 3.2867416], [-76.529603, 3.2867778], [-76.5292597, 3.2867778], [-76.5290843, 3.2867278], [-76.5289593, 3.2866921], [-76.5286804, 3.286464], [-76.5285731, 3.2863279], [-76.5285112, 3.2860754], [-76.5284296, 3.2855287], [-76.5280213, 3.2853541], [-76.5277488, 3.2856556], [-76.5278416, 3.2861607], [-76.5273256, 3.2865918], [-76.5268589, 3.2864274], [-76.526722, 3.2859288], [-76.5265972, 3.2858612], [-76.5262624, 3.2859383], [-76.5257904, 3.2859897], [-76.5253612, 3.2860926], [-76.5252177, 3.2860474], [-76.5249172, 3.286002], [-76.524574, 3.2858557], [-76.5240308, 3.2856727], [-76.5236875, 3.2855956], [-76.523155, 3.285433], [-76.5227841, 3.2852849], [-76.5223907, 3.2851107], [-76.5221518, 3.2849831], [-76.5219022, 3.2848843], [-76.5216208, 3.2845493], [-76.5214817, 3.2843102], [-76.5213955, 3.2839816], [-76.5214706, 3.2836817], [-76.5215671, 3.2833175], [-76.5216476, 3.2831729], [-76.5216051, 3.2830378], [-76.521433, 3.2829962], [-76.5211594, 3.2829426], [-76.5208, 3.2825035], [-76.5203723, 3.2820448], [-76.5200438, 3.2815469], [-76.5198745, 3.2813003], [-76.5197169, 3.2811785], [-76.519293, 3.280934], [-76.5189278, 3.2807843], [-76.518577, 3.280976], [-76.5182928, 3.2812062], [-76.5181553, 3.2812502], [-76.5179548, 3.2810885], [-76.5177798, 3.2808379], [-76.5176812, 3.2802958], [-76.5175953, 3.2798192], [-76.5174559, 3.2794067], [-76.5173218, 3.2792086], [-76.5170299, 3.2791095], [-76.5166673, 3.2789729], [-76.5163401, 3.2788391], [-76.5161911, 3.2787709], [-76.5159432, 3.2787373], [-76.5157282, 3.2786028], [-76.5154228, 3.278491], [-76.5149686, 3.2783597], [-76.5147362, 3.2782339], [-76.5144761, 3.2781501], [-76.5141353, 3.2779554], [-76.5137276, 3.2776876], [-76.5134864, 3.2775315], [-76.5131805, 3.2775591], [-76.5128933, 3.2776336], [-76.512689, 3.2777423], [-76.5125099, 3.2779233], [-76.5124154, 3.2781922], [-76.5123704, 3.2785285], [-76.5121192, 3.2786605], [-76.5119252, 3.2786891], [-76.5114637, 3.2786668], [-76.5113405, 3.2786141], [-76.5109542, 3.2783999], [-76.5103159, 3.2780143], [-76.5097687, 3.2778965], [-76.5094988, 3.277921], [-76.50919, 3.2779566], [-76.5087923, 3.278025], [-76.508386, 3.2781595], [-76.5079609, 3.2784374], [-76.5070972, 3.2790051], [-76.5066701, 3.2793222], [-76.5064052, 3.2797281], [-76.5063375, 3.2801041], [-76.5060458, 3.2803654], [-76.5057206, 3.2805647], [-76.5054128, 3.2806975], [-76.5050876, 3.2806611], [-76.5048355, 3.2805219], [-76.5044955, 3.2802316], [-76.5042454, 3.2798953], [-76.5041468, 3.2794871], [-76.5039772, 3.2792151], [-76.503546, 3.279064], [-76.5031886, 3.2788027], [-76.5028378, 3.2785285], [-76.5024966, 3.2783903], [-76.5021673, 3.2784642], [-76.5019387, 3.2785671], [-76.5017971, 3.2789302], [-76.5016651, 3.2791508], [-76.5015021, 3.2792301], [-76.5014163, 3.2790694], [-76.5013948, 3.2786998], [-76.501236, 3.2782564], [-76.5010676, 3.2778108], [-76.5008605, 3.2775441], [-76.5006459, 3.2775495], [-76.5005279, 3.2774477], [-76.5004561, 3.2772431], [-76.5004206, 3.2770889], [-76.5002254, 3.2769379], [-76.4999914, 3.2767515], [-76.4998552, 3.2765951], [-76.499925, 3.2763434], [-76.4999904, 3.2762035], [-76.5002543, 3.2759535], [-76.500381, 3.2756686], [-76.5003616, 3.2754287], [-76.5001772, 3.2752294], [-76.5001202, 3.2748556], [-76.499925, 3.2746295], [-76.4998514, 3.274522], [-76.4998278, 3.2743254], [-76.4998412, 3.2740683], [-76.4997453, 3.2738583], [-76.4996803, 3.2735729], [-76.4995495, 3.2734085], [-76.4993665, 3.2734256], [-76.4991016, 3.2736173], [-76.4988542, 3.2738086], [-76.4986166, 3.2740244], [-76.4984525, 3.2741368], [-76.4982158, 3.2742745], [-76.4979831, 3.2744636], [-76.4978617, 3.2746333], [-76.4978027, 3.274877], [-76.4979449, 3.2750966], [-76.4981708, 3.2753418], [-76.4983365, 3.2756482], [-76.498425, 3.2760151], [-76.4983183, 3.2762844], [-76.4980307, 3.2765935], [-76.497511, 3.2767611], [-76.4972368, 3.2767113], [-76.4969531, 3.2767691], [-76.4968083, 3.276895], [-76.4968212, 3.2772096], [-76.4968908, 3.2775174], [-76.4968834, 3.2778269], [-76.4966333, 3.2780583], [-76.4964402, 3.2782511], [-76.4963469, 3.2783571], [-76.4963881, 3.2784579], [-76.4965743, 3.2787652], [-76.4967835, 3.2789741], [-76.4967942, 3.2791294], [-76.4965078, 3.2792515], [-76.49629, 3.2792633], [-76.4959768, 3.2791711], [-76.4956762, 3.2789996], [-76.495376, 3.2788284], [-76.4951675, 3.2787451], [-76.4949113, 3.2785028], [-76.4947322, 3.2784642], [-76.4945469, 3.2785057], [-76.4942817, 3.2787534], [-76.4939798, 3.2791194], [-76.4939598, 3.2794711], [-76.4940262, 3.2797239], [-76.4942083, 3.2799948], [-76.4943406, 3.2802155], [-76.4945036, 3.2803719], [-76.4946411, 3.2806547], [-76.4948395, 3.2809867], [-76.4947826, 3.2813092], [-76.4945841, 3.281593], [-76.4943856, 3.2816305], [-76.4942846, 3.2817674], [-76.4942043, 3.2818156], [-76.4939946, 3.2819516], [-76.4938711, 3.2821312], [-76.4937668, 3.2822969], [-76.4936659, 3.2825559], [-76.4935827, 3.2826855], [-76.4934595, 3.2829258], [-76.4933651, 3.2831314], [-76.4929954, 3.2841981], [-76.4929198, 3.2843732], [-76.4928072, 3.2845268], [-76.4926795, 3.2848384], [-76.4925915, 3.2851102], [-76.4925866, 3.2854188], [-76.4925929, 3.2856133], [-76.492657, 3.2858964], [-76.4927797, 3.2861025], [-76.493287, 3.2865241], [-76.4934102, 3.286664], [-76.4936554, 3.2870794], [-76.4937419, 3.2875364], [-76.4936757, 3.2880837], [-76.4936808, 3.288767], [-76.4932953, 3.289196], [-76.4932697, 3.2893484], [-76.4931571, 3.2895032], [-76.4941973, 3.2909061], [-76.4943752, 3.2917851], [-76.4945424, 3.2927874], [-76.4942837, 3.2933539], [-76.4935189, 3.2940988], [-76.4904594, 3.2971257], [-76.4896488, 3.2987094], [-76.489327, 3.3001233], [-76.4894697, 3.3011912], [-76.4898652, 3.3034751], [-76.4899677, 3.3043175], [-76.4896841, 3.3050314], [-76.4891687, 3.3053702], [-76.4885675, 3.3054787], [-76.4881039, 3.3054788], [-76.4867768, 3.3051696], [-76.4852816, 3.3038013], [-76.484678, 3.3027226], [-76.4844775, 3.3022012], [-76.4845894, 3.3016867], [-76.4842295, 3.2968492], [-76.4836192, 3.2951105], [-76.4830389, 3.2940988], [-76.4822459, 3.2932789], [-76.4805615, 3.292347], [-76.4795485, 3.2920431], [-76.4786089, 3.2921971], [-76.4775704, 3.2925785], [-76.477021, 3.2929469], [-76.4766429, 3.2935598], [-76.4764631, 3.2940073], [-76.476366, 3.2957712], [-76.4766455, 3.2979704], [-76.4773429, 3.3003911], [-76.4774661, 3.3011665], [-76.4772248, 3.3015907], [-76.476742, 3.3021155], [-76.4741135, 3.3039793], [-76.4736936, 3.3045221], [-76.4736414, 3.3048147], [-76.4735985, 3.3056287], [-76.4738654, 3.3069289], [-76.4755195, 3.3108699], [-76.4757443, 3.3136727], [-76.4758971, 3.3143965], [-76.4769058, 3.3157844], [-76.4782638, 3.3173519], [-76.4786089, 3.3186639], [-76.4785891, 3.319442], [-76.4785659, 3.3198528], [-76.4780975, 3.3204641], [-76.4774072, 3.3208811], [-76.4766097, 3.3211176], [-76.47526, 3.3208713], [-76.47374, 3.3203068], [-76.4726137, 3.3189436], [-76.4723325, 3.318364], [-76.4721475, 3.3172834], [-76.472429, 3.3140368], [-76.4722675, 3.3130934], [-76.4718604, 3.3120018], [-76.4709929, 3.3109829], [-76.4700633, 3.3103951], [-76.4690949, 3.3105358], [-76.4684588, 3.3109771], [-76.4679798, 3.3123386], [-76.4677513, 3.3135763], [-76.4676686, 3.3150077], [-76.4680195, 3.3165646], [-76.4684111, 3.317866], [-76.4684466, 3.3192725], [-76.4682126, 3.320142], [-76.467833, 3.3208434], [-76.4671774, 3.3211239], [-76.4667159, 3.3211783], [-76.4664238, 3.3208637], [-76.4662144, 3.3201394], [-76.465686, 3.3193762], [-76.4645801, 3.3174643], [-76.4635522, 3.316547], [-76.4623921, 3.316354], [-76.462364, 3.3163493], [-76.4617002, 3.3166664], [-76.4612606, 3.3174084], [-76.461035, 3.3180373], [-76.4612182, 3.3187359], [-76.4615876, 3.3196841], [-76.4619396, 3.3203175], [-76.4619684, 3.321181], [-76.4618547, 3.322224], [-76.4614159, 3.3227447], [-76.4606309, 3.323234], [-76.4596349, 3.3239122], [-76.459167, 3.3245824], [-76.4588983, 3.3255427], [-76.4590824, 3.3260008], [-76.460624, 3.3282258], [-76.4608312, 3.3289257], [-76.4610908, 3.33108], [-76.4608312, 3.3326575], [-76.4600716, 3.3350965], [-76.4605437, 3.3373671], [-76.4631034, 3.3405983], [-76.4637977, 3.3413599], [-76.4643469, 3.3427865], [-76.4642429, 3.3436574], [-76.4638589, 3.3447306], [-76.4628182, 3.3466639], [-76.4635671, 3.3493713], [-76.4633221, 3.3515552], [-76.4625883, 3.3531799], [-76.4604425, 3.3557054], [-76.4604093, 3.3565086], [-76.4608526, 3.357083], [-76.4628029, 3.3572477], [-76.4641762, 3.3589613], [-76.465695, 3.3637813], [-76.466001, 3.3648094], [-76.4655108, 3.3672041], [-76.4665107, 3.3695603], [-76.4679527, 3.3706999], [-76.4688968, 3.3720194], [-76.4690685, 3.3736473], [-76.4696059, 3.3749198], [-76.4711284, 3.3767576], [-76.4711971, 3.378], [-76.4703989, 3.3793709], [-76.468395, 3.3797871], [-76.4668798, 3.379071], [-76.4662883, 3.3790636], [-76.4658756, 3.3795594], [-76.4659357, 3.3811873], [-76.4656576, 3.3824598], [-76.4640189, 3.3850202], [-76.4633253, 3.3865925], [-76.4633318, 3.3875526], [-76.4637899, 3.3889776], [-76.4644202, 3.3901482], [-76.4645881, 3.3909806], [-76.4645811, 3.3917445], [-76.4643596, 3.3931711], [-76.4638763, 3.3951487], [-76.4639251, 3.3962149], [-76.4646133, 3.3977351], [-76.4657726, 3.399347], [-76.466508, 3.4005615], [-76.4668648, 3.4016523], [-76.4670144, 3.402409], [-76.4669533, 3.4032776], [-76.4666985, 3.40382], [-76.4650248, 3.4052632], [-76.4645055, 3.4060584], [-76.4643531, 3.406694], [-76.4644932, 3.4072691], [-76.4651648, 3.4081468], [-76.4655553, 3.4088146], [-76.465764, 3.4095988], [-76.4655478, 3.4105035], [-76.464748, 3.4126021], [-76.4643269, 3.413362], [-76.4638151, 3.4138798], [-76.4629289, 3.414245], [-76.4619633, 3.4145588], [-76.461414, 3.4149931], [-76.4610052, 3.4154], [-76.4608362, 3.4159902], [-76.4607751, 3.4166354], [-76.4608207, 3.4173091], [-76.4612691, 3.4190071], [-76.4615384, 3.4204401], [-76.4614982, 3.421311], [-76.4613266, 3.422639], [-76.4610712, 3.4236765], [-76.4603138, 3.4257406], [-76.4600734, 3.4272228], [-76.460126, 3.4290289], [-76.4607574, 3.4303206], [-76.4609591, 3.4320438], [-76.4610433, 3.4345653], [-76.4611892, 3.4356791], [-76.4615841, 3.4368614], [-76.4622937, 3.4376124], [-76.463232, 3.4383864], [-76.4642024, 3.438866], [-76.4649465, 3.4394116], [-76.4653713, 3.4398614], [-76.4656712, 3.4403701], [-76.4659078, 3.4412713], [-76.4658927, 3.442233], [-76.4655666, 3.4431487], [-76.4650516, 3.4442981], [-76.4648177, 3.4453912], [-76.4649014, 3.4460847], [-76.4650173, 3.4466113], [-76.4652758, 3.4471096], [-76.4656889, 3.4475529], [-76.4660585, 3.447818], [-76.4667339, 3.4480086], [-76.4672988, 3.4480584], [-76.4682128, 3.4477853], [-76.4690765, 3.447245], [-76.4693313, 3.4468675], [-76.4700496, 3.4463192], [-76.4703769, 3.4457532], [-76.4706564, 3.4447864], [-76.4708709, 3.4433556], [-76.4712572, 3.4419848], [-76.4721155, 3.4411024], [-76.4732742, 3.4411623], [-76.474584, 3.4422635], [-76.4750938, 3.443587], [-76.4752054, 3.4448464], [-76.4744329, 3.4480849], [-76.4748878, 3.4490102], [-76.4756531, 3.4499781], [-76.4757805, 3.4501583], [-76.4759061, 3.4507025], [-76.4758603, 3.4511377], [-76.4758148, 3.4516233], [-76.4756582, 3.4524908], [-76.475614, 3.4537439], [-76.4761495, 3.4549561], [-76.4765622, 3.4574756], [-76.4766044, 3.4577234], [-76.4765358, 3.4585801], [-76.4771526, 3.4603461], [-76.4771795, 3.461296], [-76.4768156, 3.4623113], [-76.4747557, 3.4647102], [-76.4739027, 3.4665415], [-76.4749365, 3.4685369], [-76.4754829, 3.4699271], [-76.4754423, 3.4719068], [-76.4755745, 3.4740442], [-76.4760208, 3.4751751], [-76.4773512, 3.4763145], [-76.4782352, 3.4775397], [-76.4783811, 3.4787562], [-76.4789219, 3.481412], [-76.4803295, 3.4820803], [-76.4810419, 3.482937], [-76.4814968, 3.4840679], [-76.4817027, 3.487194], [-76.4820976, 3.4881009], [-76.4828511, 3.4895251], [-76.4831954, 3.4922452], [-76.4832395, 3.4925937], [-76.4838538, 3.4952096], [-76.4850131, 3.4968103], [-76.4858422, 3.4974739], [-76.4876659, 3.4982518], [-76.4903187, 3.4996462], [-76.4912449, 3.5002886], [-76.4916216, 3.5035788], [-76.4912688, 3.5062328], [-76.4917337, 3.5059187], [-76.4924721, 3.5057125], [-76.4928622, 3.5055522], [-76.4930821, 3.5054672], [-76.4932244, 3.5055182], [-76.4933956, 3.5054781], [-76.4935395, 3.5054797], [-76.4936771, 3.5055142], [-76.493832, 3.5055652], [-76.4939802, 3.5055138], [-76.4942061, 3.5055165], [-76.4943192, 3.5055001], [-76.4943944, 3.5054252], [-76.4944554, 3.5052729], [-76.4944018, 3.5051042], [-76.4943303, 3.5048908], [-76.4942042, 3.5046125], [-76.4940833, 3.5044403], [-76.4940402, 3.5042701], [-76.4940149, 3.5041901], [-76.4939885, 3.5040442], [-76.4939625, 3.5039327], [-76.4939907, 3.503744], [-76.4940409, 3.503634], [-76.4940763, 3.5035516], [-76.4941653, 3.5034132], [-76.4943407, 3.503329], [-76.4944536, 3.5033444], [-76.4945165, 3.5034058], [-76.4945425, 3.5034759], [-76.4945578, 3.5035632], [-76.494548, 3.5036711], [-76.4945239, 3.5037622], [-76.4944778, 3.5038549], [-76.4944332, 3.5039519], [-76.4944319, 3.5040476], [-76.494503, 3.5041084], [-76.4945974, 3.5041301], [-76.4946938, 3.5041138], [-76.4947934, 3.504036], [-76.4948544, 3.503847], [-76.4949716, 3.5035897], [-76.4950555, 3.5034334], [-76.4952021, 3.5032231], [-76.4952689, 3.5031482], [-76.4953413, 3.5031028], [-76.4954309, 3.503027], [-76.4955122, 3.5029488], [-76.4956343, 3.5028849], [-76.4956684, 3.5028544], [-76.4957466, 3.5027164], [-76.4957234, 3.5026771], [-76.4956912, 3.5025914], [-76.4956136, 3.5025037], [-76.4955032, 3.5024819], [-76.4953593, 3.5025079], [-76.495261, 3.5025273], [-76.4950461, 3.5025778], [-76.4949322, 3.5025647], [-76.4948698, 3.502478], [-76.4949052, 3.5023488], [-76.4950611, 3.5021881], [-76.4951615, 3.5021124], [-76.4952329, 3.502035], [-76.4953344, 3.5019695], [-76.495563, 3.5018783], [-76.4956952, 3.501819], [-76.4958347, 3.5018056], [-76.4959849, 3.5018163], [-76.4961617, 3.5018728], [-76.4963349, 3.5019508], [-76.4965122, 3.5020152], [-76.4966353, 3.5020341], [-76.496722, 3.5019987], [-76.4968003, 3.501977], [-76.4968834, 3.5018993], [-76.4969392, 3.5018086], [-76.4969344, 3.5017226], [-76.4969017, 3.5016319], [-76.4968512, 3.501546], [-76.4967466, 3.5014335], [-76.4966206, 3.5013505], [-76.4965396, 3.5012785], [-76.4964645, 3.5011955], [-76.4964054, 3.5011099], [-76.4963609, 3.5010022], [-76.4963268, 3.5008892], [-76.4963125, 3.5007988], [-76.496381, 3.500651], [-76.496526, 3.5006455], [-76.4966757, 3.5006324], [-76.4968265, 3.5006161], [-76.4968929, 3.5005792], [-76.4969729, 3.5005241], [-76.4970474, 3.5004361], [-76.4971412, 3.5003451], [-76.4972218, 3.5002298], [-76.4972953, 3.500121], [-76.4973234, 3.5000872], [-76.4973376, 3.4999795], [-76.4973725, 3.4997969], [-76.4973869, 3.4995681], [-76.4973154, 3.4993414], [-76.4973161, 3.4992341], [-76.4972592, 3.4989638], [-76.4972322, 3.4987682], [-76.4972296, 3.4985416], [-76.4972377, 3.4984096], [-76.4972822, 3.4982108], [-76.4987428, 3.4976792], [-76.4994598, 3.4973709], [-76.500729, 3.4968251], [-76.5009069, 3.4967486], [-76.5016819, 3.4964153], [-76.5024534, 3.4960836], [-76.5029248, 3.4958874], [-76.5031844, 3.4957693], [-76.5043347, 3.4952746], [-76.5055857, 3.4947367], [-76.5061036, 3.494514], [-76.5078235, 3.4938775], [-76.5087923, 3.4902549], [-76.5099149, 3.4906228], [-76.5099608, 3.4906365], [-76.5100068, 3.4906503], [-76.5106871, 3.490863], [-76.5137274, 3.4918151], [-76.515655, 3.4924191], [-76.5167495, 3.4927561], [-76.5175638, 3.4930161], [-76.5221841, 3.4944325], [-76.5223577, 3.494502], [-76.5224352, 3.494581], [-76.5225253, 3.4947091], [-76.5227789, 3.4948605], [-76.5230611, 3.495018], [-76.523442, 3.4955378], [-76.5241916, 3.4960755], [-76.5242748, 3.4962455], [-76.5242493, 3.496362], [-76.5241836, 3.496457], [-76.5241165, 3.4965855], [-76.5241045, 3.4966699], [-76.5241179, 3.4967421], [-76.5241796, 3.496785], [-76.5242238, 3.4967769], [-76.5242855, 3.4966886], [-76.5243593, 3.496623], [-76.5244277, 3.496619], [-76.5245463, 3.4966992], [-76.52483, 3.4970862], [-76.5250312, 3.4972535], [-76.5252967, 3.4972776], [-76.5255582, 3.4971699], [-76.5258023, 3.4971183], [-76.5259002, 3.497204], [-76.5259351, 3.4972455], [-76.5260585, 3.4972495], [-76.5261939, 3.4971625], [-76.5262355, 3.497133], [-76.5263267, 3.497125], [-76.5266231, 3.4972562], [-76.5267196, 3.4973351], [-76.5267842, 3.4974208], [-76.5268403, 3.4974677], [-76.5269248, 3.4976109], [-76.5269972, 3.4976832], [-76.5270388, 3.4976939], [-76.5271166, 3.4976323], [-76.5271837, 3.4975989], [-76.5273768, 3.4976377], [-76.5276385, 3.4975805], [-76.5277322, 3.4976644], [-76.5278743, 3.4976765], [-76.5279897, 3.4976644], [-76.5281023, 3.4975507], [-76.5283611, 3.4974904], [-76.5286018, 3.4975152], [-76.5288869, 3.4976618], [-76.5291363, 3.4976738], [-76.5295564, 3.4977803], [-76.5298095, 3.4974998], [-76.5299732, 3.4971384], [-76.5302601, 3.4970634], [-76.5304372, 3.4973579], [-76.5306866, 3.4974596], [-76.5307564, 3.4975426], [-76.5307081, 3.4978291], [-76.5308341, 3.4981664], [-76.5311783, 3.4984528], [-76.5316093, 3.4987741], [-76.5319285, 3.4987393], [-76.532127, 3.4987501], [-76.5324408, 3.4992373], [-76.5325502, 3.4992853], [-76.5326607, 3.4993114], [-76.5328363, 3.4993281], [-76.5330295, 3.4992866], [-76.5333191, 3.4993789], [-76.5333501, 3.499422], [-76.5333473, 3.4994914], [-76.53335, 3.4996988], [-76.5333325, 3.4997912], [-76.5333324, 3.4998769], [-76.5334197, 3.4999692], [-76.5336223, 3.4999719], [-76.5337644, 3.4999478], [-76.5338784, 3.5000389], [-76.5339092, 3.5001326], [-76.5339535, 3.500166], [-76.5340433, 3.50017], [-76.53416, 3.5001299], [-76.5345911, 3.4999517], [-76.534742, 3.4998983], [-76.5349392, 3.4998702], [-76.5351564, 3.4999184], [-76.535367, 3.5000696], [-76.5356039, 3.5001665], [-76.5359651, 3.5001754], [-76.5363581, 3.5001687], [-76.5368784, 3.5002209], [-76.5371158, 3.5002624], [-76.537211, 3.5003079], [-76.5373813, 3.5003092], [-76.5374769, 3.5002587], [-76.5375731, 3.5001272], [-76.5376777, 3.5000656], [-76.5377622, 3.5000589], [-76.5378775, 3.5000615], [-76.5379352, 3.5000549], [-76.5379821, 3.5000241], [-76.5380532, 3.4999599], [-76.5385816, 3.4997042], [-76.5395794, 3.5001111], [-76.5403947, 3.4998327], [-76.5414033, 3.4996614], [-76.5425834, 3.4994151], [-76.5429589, 3.498901], [-76.5430275, 3.4985278], [-76.542916, 3.4979587], [-76.5431857, 3.4973097], [-76.5433452, 3.4967271], [-76.5439567, 3.4960257], [-76.5442638, 3.4957955], [-76.5443859, 3.4956603], [-76.544724, 3.4957083], [-76.54492, 3.495737], [-76.54503, 3.495772], [-76.545262, 3.495966], [-76.545576, 3.496083], [-76.545681, 3.49615], [-76.545954, 3.496381], [-76.546397, 3.496666], [-76.546481, 3.496733], [-76.546583, 3.496866], [-76.5470078, 3.4978315], [-76.547405, 3.498903], [-76.547516, 3.499181], [-76.547609, 3.499374], [-76.547677, 3.499479], [-76.54786, 3.499688], [-76.547965, 3.499854], [-76.548043, 3.500071], [-76.548055, 3.500258], [-76.5479735, 3.5004936], [-76.548014, 3.500673], [-76.548006, 3.500762], [-76.547921, 3.501232], [-76.547919, 3.501337], [-76.547938, 3.501558], [-76.547926, 3.501875], [-76.547952, 3.502067], [-76.54796, 3.502314], [-76.547921, 3.50244], [-76.547795, 3.502633], [-76.547762, 3.502704], [-76.547756, 3.502755], [-76.547845, 3.503082], [-76.547854, 3.5031844], [-76.5478354, 3.5033316], [-76.5478924, 3.5034316], [-76.5480194, 3.5035566], [-76.5481623, 3.5039029], [-76.5483304, 3.5041936], [-76.5484304, 3.5044026], [-76.5484634, 3.5045136], [-76.5484734, 3.5046106], [-76.5484534, 3.5050016], [-76.5484164, 3.5053546], [-76.5484564, 3.5055906], [-76.5484604, 3.5057306], [-76.5484304, 3.5058486], [-76.5483865, 3.5060267], [-76.548349, 3.5061324], [-76.548184, 3.506194], [-76.5480526, 3.5063413], [-76.5479922, 3.5064805], [-76.5480821, 3.5068941], [-76.5482497, 3.507285], [-76.5485246, 3.5076343], [-76.5486775, 3.5078887], [-76.5487003, 3.5079984], [-76.5488747, 3.5082862], [-76.5490919, 3.5084308], [-76.5492234, 3.5088043], [-76.549383, 3.5090211], [-76.5494339, 3.5092353], [-76.5495707, 3.5094147], [-76.5499355, 3.5096275], [-76.5504438, 3.509586], [-76.5509386, 3.5094039], [-76.551176, 3.5093852], [-76.5514067, 3.5093785], [-76.5517661, 3.5093865], [-76.5519056, 3.5094361], [-76.5521644, 3.5094401], [-76.5523642, 3.5096784], [-76.5523642, 3.5100826], [-76.5524085, 3.5103396], [-76.5523964, 3.5106301], [-76.5524004, 3.5110397], [-76.5523548, 3.5113516], [-76.5524165, 3.511456], [-76.5526392, 3.5115497], [-76.5527397, 3.5115725], [-76.5530643, 3.5115952], [-76.5533969, 3.5115725], [-76.5538716, 3.51146], [-76.5542847, 3.5114105], [-76.5546522, 3.5114801], [-76.5550464, 3.5117371], [-76.555371, 3.5118281], [-76.5561515, 3.5121976], [-76.5566531, 3.5125055], [-76.557101, 3.512717], [-76.5578091, 3.5129954], [-76.5580666, 3.5130489], [-76.5585843, 3.5131025], [-76.5594265, 3.5133434], [-76.5599576, 3.5132256], [-76.5606362, 3.5132631], [-76.5614837, 3.5135362], [-76.5622643, 3.5133541], [-76.5628195, 3.5134612], [-76.56289, 3.513525], [-76.5629895, 3.5135553], [-76.563038, 3.51357], [-76.563129, 3.513663], [-76.563179, 3.513785], [-76.563206, 3.513942], [-76.563293, 3.514209], [-76.563384, 3.51434], [-76.5635212, 3.5145347], [-76.5636392, 3.5147237], [-76.5637262, 3.5149057], [-76.564178, 3.515673], [-76.564346, 3.515892], [-76.5644744, 3.5160219], [-76.5645227, 3.5161491], [-76.5645374, 3.5163338], [-76.5645374, 3.5166042], [-76.5646648, 3.5169977], [-76.5648526, 3.5172025], [-76.5650605, 3.5174114], [-76.5652643, 3.517493], [-76.565432, 3.5178517], [-76.5655929, 3.5181275], [-76.5657699, 3.5188396], [-76.5661669, 3.5199158], [-76.5665585, 3.5206976], [-76.567229, 3.5208957], [-76.5685701, 3.5209546], [-76.5693641, 3.5206895], [-76.5700695, 3.5205717], [-76.570382, 3.5201755], [-76.570606, 3.5200885], [-76.5708581, 3.5201434], [-76.5712067, 3.5201046], [-76.571593, 3.5199894], [-76.5720892, 3.5198275], [-76.5726498, 3.5196481], [-76.5730199, 3.519691], [-76.5731755, 3.5196213], [-76.5732989, 3.5195089], [-76.5735671, 3.5195169], [-76.573948, 3.5196481], [-76.5743369, 3.5198195], [-76.5746588, 3.5201086], [-76.5748921, 3.5202451], [-76.5751952, 3.5205691], [-76.5758148, 3.5208528], [-76.5761581, 3.5210563], [-76.5765417, 3.5213669], [-76.5774992, 3.5219558], [-76.5777862, 3.5222182], [-76.5779015, 3.5225823], [-76.5780571, 3.5227509], [-76.5784541, 3.5229651], [-76.5790013, 3.5231927], [-76.5793124, 3.5232676], [-76.5796262, 3.5235808], [-76.5798059, 3.5238914], [-76.5801385, 3.52421], [-76.5810639, 3.524906], [-76.5819168, 3.5255378], [-76.5827107, 3.5269567], [-76.5833974, 3.5278455], [-76.5849853, 3.529666], [-76.5861011, 3.5311009], [-76.5861547, 3.5317327], [-76.5858543, 3.5342064], [-76.5860474, 3.5354914], [-76.5861976, 3.536755], [-76.5864337, 3.5391536], [-76.5864658, 3.5404386], [-76.5865195, 3.5409392], [-76.5866375, 3.5413649], [-76.5866053, 3.54216], [-76.5865839, 3.5427838], [-76.5859616, 3.5444543], [-76.5857685, 3.5455893], [-76.5859294, 3.5461462], [-76.5863156, 3.5459963], [-76.5870345, 3.5459748], [-76.5876138, 3.5460177], [-76.5883649, 3.5464139], [-76.5890622, 3.5465745], [-76.5895879, 3.546703], [-76.5897274, 3.5469065], [-76.5904677, 3.5468958], [-76.5914548, 3.5467887], [-76.5918303, 3.5469172], [-76.5921092, 3.5472277], [-76.5922165, 3.547731], [-76.5924096, 3.5484699], [-76.5929568, 3.548577], [-76.593225, 3.5484378], [-76.5937185, 3.5481808], [-76.5946627, 3.5478274], [-76.5957677, 3.5468958], [-76.5961969, 3.5463389], [-76.5964651, 3.5460391], [-76.5969694, 3.5462426], [-76.5974093, 3.5463068], [-76.597808, 3.5463878], [-76.5982354, 3.5465959], [-76.5988147, 3.5465959], [-76.5994156, 3.5471099], [-76.6001558, 3.5471635], [-76.6010034, 3.5466709], [-76.6014218, 3.5458035], [-76.6017759, 3.544904], [-76.6023338, 3.5440688], [-76.6033316, 3.5434477], [-76.6038895, 3.5430943], [-76.6044474, 3.5422055], [-76.6049624, 3.5422055], [-76.6061425, 3.5421734], [-76.6066039, 3.5420984], [-76.6068292, 3.5419057], [-76.6068292, 3.5410597], [-76.6072047, 3.5399782], [-76.6080308, 3.5383398], [-76.6096616, 3.5360803], [-76.6102946, 3.5345383], [-76.6107667, 3.53411], [-76.6112709, 3.5335853], [-76.612376, 3.5326429], [-76.6130841, 3.5320218], [-76.6134596, 3.5316899], [-76.6136634, 3.5313579], [-76.6141999, 3.5315935], [-76.615026, 3.5316685], [-76.6158414, 3.5317434], [-76.6163778, 3.5316363], [-76.6168821, 3.5311437], [-76.6174829, 3.5300408], [-76.6179228, 3.5292269], [-76.6180301, 3.5283274], [-76.617794, 3.5276742], [-76.6174829, 3.5270852], [-76.6174829, 3.5267854], [-76.617558, 3.5262821], [-76.6178691, 3.525918], [-76.618191, 3.5256289], [-76.6182125, 3.5252434], [-76.6181159, 3.5245152], [-76.6177726, 3.523862], [-76.6177511, 3.5233051], [-76.6180194, 3.5225876], [-76.6180408, 3.5221272], [-76.6183627, 3.5215489], [-76.618824, 3.5209278], [-76.6190601, 3.5201568], [-76.6193819, 3.5196749], [-76.6198111, 3.5193751], [-76.6200846, 3.5191796], [-76.6201758, 3.519019], [-76.6203126, 3.5184916], [-76.6203877, 3.5182667], [-76.6206104, 3.5180365], [-76.6209698, 3.5177447], [-76.6211736, 3.5176376], [-76.6213026, 3.5177526], [-76.6217315, 3.5175118], [-76.6220534, 3.5170513], [-76.6222706, 3.5165988], [-76.6225603, 3.5158519], [-76.6227534, 3.5153673], [-76.6230512, 3.5148614], [-76.6231316, 3.5144973], [-76.6230941, 3.5140475], [-76.623188, 3.5134237], [-76.623314, 3.5130543], [-76.6231853, 3.5126366], [-76.6231585, 3.5123234], [-76.6232818, 3.5119272], [-76.6233891, 3.5114747], [-76.6232041, 3.5108643], [-76.6230458, 3.5099996], [-76.622842, 3.5091135], [-76.6227937, 3.5089984], [-76.6228581, 3.5069316], [-76.6227293, 3.505336], [-76.6226971, 3.5032906], [-76.62274, 3.5029051], [-76.6229225, 3.5016843], [-76.6230834, 3.5008811], [-76.6234052, 3.4993926], [-76.6244674, 3.497722], [-76.6248644, 3.496876], [-76.6251969, 3.4951519], [-76.6260251, 3.4942998], [-76.6263878, 3.4938668], [-76.6264737, 3.4927852], [-76.6271711, 3.4917465], [-76.6274071, 3.4909005], [-76.6280079, 3.4895083], [-76.6285229, 3.4885016], [-76.6292793, 3.4877493], [-76.6295797, 3.4875271], [-76.6301858, 3.4871309], [-76.631189, 3.4867614], [-76.6324121, 3.4862635], [-76.6334316, 3.4859156], [-76.634098, 3.4856187], [-76.6348783, 3.4851694], [-76.6352425, 3.4849873], [-76.6362378, 3.4843772], [-76.6373188, 3.4834461], [-76.638398, 3.4821299], [-76.6401422, 3.4812195], [-76.641525, 3.4794215], [-76.6420397, 3.4789719], [-76.6425954, 3.4781371], [-76.6430235, 3.4772809], [-76.6437793, 3.4766896], [-76.6441373, 3.4760501], [-76.6443079, 3.4749261], [-76.6442544, 3.4741769], [-76.6445088, 3.4735732], [-76.6448235, 3.4731223], [-76.6449628, 3.4718378], [-76.6453457, 3.4714743], [-76.6456594, 3.4712922], [-76.6458621, 3.4710032], [-76.6462354, 3.4703826], [-76.6463864, 3.469975], [-76.6472847, 3.4695586], [-76.6476695, 3.4690557], [-76.6481179, 3.4690132], [-76.6484785, 3.4690647], [-76.6487467, 3.4682401], [-76.6494991, 3.4680816], [-76.6500878, 3.4674476], [-76.6509975, 3.4671178], [-76.6525267, 3.4671503], [-76.6537355, 3.4672576], [-76.6549373, 3.4669978], [-76.6559741, 3.4667118], [-76.6573568, 3.4667227], [-76.6578799, 3.4665936], [-76.6587353, 3.4663071], [-76.6599626, 3.4662507], [-76.6621524, 3.4665587], [-76.6623884, 3.4672441], [-76.6630126, 3.4676799], [-76.6639005, 3.4678992], [-76.6653123, 3.4680707], [-76.6657358, 3.4678867], [-76.6665904, 3.4665769], [-76.6671068, 3.4663361], [-76.6676188, 3.4652415], [-76.670199, 3.4635602], [-76.6710895, 3.4630247], [-76.6719453, 3.4627755], [-76.6724575, 3.462607], [-76.6732192, 3.4623714], [-76.6736108, 3.4618627], [-76.6743511, 3.4615522], [-76.6751128, 3.46152], [-76.6754401, 3.4617449], [-76.675778, 3.4625642], [-76.6761911, 3.4632817], [-76.6768402, 3.4636833], [-76.6772854, 3.4637904], [-76.6780096, 3.4634531], [-76.6785622, 3.46318], [-76.6799033, 3.4628212], [-76.6803539, 3.4626981], [-76.6822368, 3.4627034], [-76.6830629, 3.4627998], [-76.6835082, 3.4632442], [-76.6832882, 3.4642081], [-76.6832185, 3.4646953], [-76.683417, 3.4649738], [-76.6844416, 3.4649631], [-76.6849405, 3.4647757], [-76.6852462, 3.4645079], [-76.6855896, 3.4642455], [-76.6859651, 3.4632335], [-76.686464, 3.4628426], [-76.6869092, 3.4627623], [-76.6874027, 3.4625321], [-76.6877782, 3.4622643], [-76.6886044, 3.4620823], [-76.6890121, 3.4617342], [-76.6891891, 3.4614611], [-76.6897684, 3.4612684], [-76.6901386, 3.4614022], [-76.6903478, 3.4614879], [-76.6905356, 3.4613808], [-76.6907233, 3.4608775], [-76.6908306, 3.4594799], [-76.6910398, 3.4588267], [-76.6914475, 3.4583769], [-76.6915065, 3.4573488], [-76.6918069, 3.4570328], [-76.6923219, 3.4565831], [-76.692633, 3.4559405], [-76.6926599, 3.4548856], [-76.6924989, 3.4541306], [-76.6924292, 3.4531132], [-76.6923165, 3.452626], [-76.6923004, 3.4519673], [-76.6924667, 3.451207], [-76.6924399, 3.4505483], [-76.6925365, 3.4503074], [-76.6928691, 3.4499915], [-76.6935235, 3.4497077], [-76.6943228, 3.4492686], [-76.6950953, 3.4485082], [-76.6956264, 3.4479085], [-76.6962755, 3.4474962], [-76.6969031, 3.4468643], [-76.6973805, 3.4462753], [-76.6974771, 3.4459379], [-76.697917, 3.4454346], [-76.6983944, 3.4453596], [-76.6989148, 3.4453436], [-76.699183, 3.4452418], [-76.6999984, 3.4452418], [-76.7010123, 3.4451936], [-76.7016721, 3.4452632], [-76.7024338, 3.4454346], [-76.7027557, 3.4454507], [-76.7030829, 3.44529], [-76.703319, 3.4449366], [-76.7034477, 3.4444654], [-76.7035872, 3.4439513], [-76.703893, 3.4432284], [-76.7041075, 3.4426823], [-76.7043597, 3.442361], [-76.7049068, 3.4421307], [-76.7050141, 3.4421414], [-76.7052502, 3.4421307], [-76.7056597, 3.4403863], [-76.7059809, 3.439423], [-76.7059809, 3.4372287], [-76.706302, 3.4358373], [-76.706302, 3.4349275], [-76.7068371, 3.4325567], [-76.7069442, 3.4306836]]]}}, {"type": "Feature", "properties": {"nombre": "Pereira", "zona": "pereira", "centro": [4.7854606, -75.788322]}, "geometry": {"type": "Polygon", "coordinates": [[[-75.935915, 4.8076594], [-75.9356828, 4.807383], [-75.9354633, 4.8072472], [-75.9351558, 4.8072147], [-75.934732, 4.8072735], [-75.9341204, 4.8075621], [-75.933423, 4.8078775], [-75.9329081, 4.8080325], [-75.9325004, 4.8080806], [-75.9321678, 4.8079844], [-75.9318674, 4.807808], [-75.9316313, 4.8075354], [-75.931465, 4.8071345], [-75.931406, 4.806509], [-75.9315401, 4.8060066], [-75.9319264, 4.8050016], [-75.9321356, 4.8042906], [-75.9322, 4.8036973], [-75.9321678, 4.8029917], [-75.9320176, 4.8022059], [-75.9317762, 4.8015323], [-75.9313685, 4.800939], [-75.9308803, 4.8004472], [-75.9302312, 4.8000035], [-75.9295285, 4.7997522], [-75.9289223, 4.799672], [-75.9281766, 4.7997683], [-75.9274685, 4.8000249], [-75.9267712, 4.8005006], [-75.9262508, 4.8010245], [-75.9257841, 4.8014789], [-75.9251082, 4.8019493], [-75.9244484, 4.8022754], [-75.92381, 4.8025319], [-75.9233111, 4.8026282], [-75.9229034, 4.8026282], [-75.9225977, 4.8025052], [-75.9223026, 4.8022967], [-75.9220612, 4.8019119], [-75.9219807, 4.8014094], [-75.922029, 4.8001157], [-75.9220129, 4.799517], [-75.9218735, 4.7988862], [-75.9216857, 4.7984265], [-75.921337, 4.7977957], [-75.9206826, 4.7970153], [-75.9197974, 4.7962615], [-75.9189338, 4.7956896], [-75.9182847, 4.7950427], [-75.9179521, 4.794738], [-75.9177858, 4.7944654], [-75.9177429, 4.794166], [-75.9178555, 4.7933535], [-75.9178716, 4.7926051], [-75.9179896, 4.7919957], [-75.918172, 4.7914558], [-75.9185314, 4.7907716], [-75.9190786, 4.7900606], [-75.9196097, 4.7895741], [-75.9200281, 4.7892855], [-75.9206343, 4.7889754], [-75.9212244, 4.788799], [-75.9217876, 4.7888204], [-75.9231287, 4.789109], [-75.9239495, 4.789232], [-75.9253711, 4.7892748], [-75.9260148, 4.789232], [-75.9266102, 4.7891304], [-75.9270555, 4.7889273], [-75.9275758, 4.7884408], [-75.9279567, 4.7879116], [-75.9281606, 4.7873877], [-75.928359, 4.7858909], [-75.9284431, 4.7856365], [-75.9285597, 4.7852631], [-75.9285897, 4.7851693], [-75.9287453, 4.7848111], [-75.9287721, 4.7844583], [-75.9286594, 4.784175], [-75.9284824, 4.7838863], [-75.9282249, 4.7836938], [-75.9278119, 4.7835655], [-75.9271252, 4.7834854], [-75.9265459, 4.7833838], [-75.9261328, 4.7832555], [-75.9255749, 4.7831967], [-75.9252477, 4.7831486], [-75.92484, 4.7829722], [-75.9244269, 4.7827316], [-75.9239066, 4.7823628], [-75.9230804, 4.7816518], [-75.9226352, 4.7813631], [-75.9224099, 4.7812829], [-75.9222275, 4.7811279], [-75.9219915, 4.7807163], [-75.9219003, 4.7802565], [-75.921852, 4.779754], [-75.9217984, 4.7788827], [-75.9217233, 4.7786314], [-75.921616, 4.7784229], [-75.9215891, 4.7782679], [-75.9216213, 4.7781075], [-75.9216964, 4.7779739], [-75.9218788, 4.7778884], [-75.9220666, 4.7778509], [-75.9224421, 4.7780006], [-75.9231341, 4.7785673], [-75.9236866, 4.7789468], [-75.9242553, 4.7791713], [-75.9251618, 4.7794066], [-75.9258968, 4.7796364], [-75.9264761, 4.7799091], [-75.9269428, 4.7802031], [-75.9273881, 4.7804276], [-75.927785, 4.7806093], [-75.9280962, 4.7806628], [-75.928402, 4.7805345], [-75.9284839, 4.7804202], [-75.9285629, 4.78031], [-75.9285767, 4.7800356], [-75.928579, 4.7799892], [-75.9284234, 4.7794493], [-75.9277636, 4.7783321], [-75.9273613, 4.7771934], [-75.9271842, 4.7761082], [-75.9271628, 4.7753384], [-75.9272862, 4.7746969], [-75.9274471, 4.7741784], [-75.9277099, 4.7737828], [-75.928241, 4.7732001], [-75.9287721, 4.7725319], [-75.9290886, 4.7720187], [-75.929271, 4.771591], [-75.9293139, 4.771174], [-75.9293515, 4.7699338], [-75.929448, 4.7694847], [-75.9295929, 4.7691907], [-75.9299684, 4.7687898], [-75.9302741, 4.7684316], [-75.930419, 4.7680574], [-75.930419, 4.7676832], [-75.9302849, 4.7672822], [-75.9300274, 4.7669241], [-75.929507, 4.7665712], [-75.9286487, 4.7663735], [-75.9283606, 4.7664555], [-75.9277207, 4.7664002], [-75.9271038, 4.7665873], [-75.9265834, 4.7669294], [-75.9264757, 4.7670468], [-75.9263527, 4.7671807], [-75.9262186, 4.7675763], [-75.926165, 4.7682124], [-75.926106, 4.7687363], [-75.9260155, 4.7690346], [-75.9259665, 4.7691961], [-75.9257144, 4.7696612], [-75.9252423, 4.7701262], [-75.9247974, 4.7703836], [-75.9246415, 4.7704737], [-75.9238905, 4.7706608], [-75.9232628, 4.770741], [-75.9225494, 4.7707089], [-75.9218359, 4.7705539], [-75.9213102, 4.7702545], [-75.9206718, 4.7696344], [-75.9200656, 4.7688379], [-75.919894, 4.768469], [-75.9198618, 4.7682498], [-75.9199852, 4.7679719], [-75.9203339, 4.7676671], [-75.9211975, 4.7672395], [-75.9219271, 4.766876], [-75.9223938, 4.7665018], [-75.9230268, 4.7657694], [-75.9232682, 4.7654379], [-75.9236276, 4.7645559], [-75.9238315, 4.7641923], [-75.9241641, 4.7638662], [-75.9243625, 4.7636203], [-75.9243632, 4.7635802], [-75.9243679, 4.7633049], [-75.9242874, 4.7629361], [-75.9237993, 4.7614232], [-75.9236276, 4.7608244], [-75.9234184, 4.7604502], [-75.9231234, 4.7601562], [-75.9226567, 4.7598835], [-75.9220719, 4.7597339], [-75.9214872, 4.759798], [-75.9202159, 4.7602845], [-75.9185153, 4.7613216], [-75.9177965, 4.7618776], [-75.917083, 4.7625458], [-75.9165788, 4.7631659], [-75.9162408, 4.7634439], [-75.9156936, 4.7636471], [-75.9152967, 4.7636631], [-75.9149265, 4.7635134], [-75.9142292, 4.7629254], [-75.9136552, 4.762209], [-75.913344, 4.7618936], [-75.9131348, 4.7616103], [-75.9130222, 4.7613376], [-75.9130275, 4.7609313], [-75.913167, 4.7606052], [-75.9133816, 4.7603379], [-75.9146851, 4.7594452], [-75.9149855, 4.7591351], [-75.9153074, 4.7586379], [-75.9156561, 4.7583011], [-75.9160411, 4.7580619], [-75.9161121, 4.7580178], [-75.9166753, 4.7575794], [-75.9168792, 4.757232], [-75.9169436, 4.7568791], [-75.9168631, 4.7565477], [-75.916552, 4.7561307], [-75.9162052, 4.7558681], [-75.9160947, 4.7557845], [-75.9129793, 4.7542596], [-75.9122677, 4.7539483], [-75.9117147, 4.7536528], [-75.9107691, 4.7532546], [-75.9092617, 4.7524794], [-75.9085912, 4.7522175], [-75.9081405, 4.7521052], [-75.9076631, 4.7520477], [-75.9074807, 4.7520731], [-75.9067273, 4.7521894], [-75.9063381, 4.7522495], [-75.906027, 4.7523083], [-75.9054852, 4.7524153], [-75.9052599, 4.7525863], [-75.9051687, 4.7527841], [-75.9047717, 4.7535058], [-75.9042352, 4.7541955], [-75.903562, 4.7548771], [-75.9033339, 4.7550513], [-75.902575, 4.7556308], [-75.901089, 4.7566974], [-75.9004267, 4.757179], [-75.8993027, 4.7579964], [-75.8990822, 4.7581447], [-75.898734, 4.7583787], [-75.8982083, 4.7586379], [-75.8979106, 4.7587555], [-75.8976397, 4.7587983], [-75.8973339, 4.7587368], [-75.8971228, 4.7586553], [-75.8967733, 4.7585203], [-75.8962771, 4.7583599], [-75.8957541, 4.7583065], [-75.8954495, 4.7581992], [-75.8953142, 4.7581515], [-75.8948261, 4.7581247], [-75.8945552, 4.7581595], [-75.8943459, 4.7579884], [-75.8940482, 4.7575661], [-75.8935762, 4.7569165], [-75.8928627, 4.7562055], [-75.8917683, 4.7554304], [-75.8905828, 4.7549332], [-75.8893896, 4.754661], [-75.8889973, 4.7546619], [-75.8887804, 4.7548744], [-75.8883297, 4.7554036], [-75.8876967, 4.7560719], [-75.8863235, 4.7576436], [-75.8855226, 4.7584164], [-75.8853096, 4.7586219], [-75.8848858, 4.7588518], [-75.8842742, 4.7590282], [-75.8830994, 4.7592581], [-75.8824128, 4.75952], [-75.8820504, 4.7597476], [-75.8816296, 4.7600118], [-75.8807606, 4.7606961], [-75.8789045, 4.7629895], [-75.8785021, 4.7637486], [-75.8783519, 4.7643794], [-75.8783358, 4.7649408], [-75.8786738, 4.7669455], [-75.8786982, 4.7672298], [-75.8787274, 4.7675709], [-75.8787167, 4.7679024], [-75.8785772, 4.7682659], [-75.8780973, 4.7685265], [-75.8777329, 4.7689121], [-75.8769683, 4.7691849], [-75.8761182, 4.7689878], [-75.8752513, 4.7682231], [-75.8745056, 4.7672502], [-75.8741355, 4.766598], [-75.8737707, 4.7663735], [-75.8733738, 4.7664269], [-75.8730412, 4.7667851], [-75.8727859, 4.7671577], [-75.8728536, 4.7677856], [-75.8736412, 4.7696257], [-75.8740711, 4.7704844], [-75.8741462, 4.7712863], [-75.8740175, 4.7722592], [-75.8734971, 4.7734674], [-75.8731947, 4.7739489], [-75.8725369, 4.7749963], [-75.8716947, 4.7760013], [-75.8712924, 4.7762632], [-75.8708417, 4.7763327], [-75.8706177, 4.7763183], [-75.8705092, 4.7763113], [-75.8701873, 4.7760761], [-75.8700316, 4.7758683], [-75.8698869, 4.7756752], [-75.8698622, 4.7753739], [-75.869844, 4.7751513], [-75.8699673, 4.7744243], [-75.8701283, 4.7735529], [-75.8700746, 4.7730825], [-75.8698654, 4.7727791], [-75.8695436, 4.7726294], [-75.8689106, 4.7726936], [-75.8678123, 4.7726766], [-75.8663306, 4.7731021], [-75.8657236, 4.7734722], [-75.8644936, 4.774082], [-75.8638325, 4.774058], [-75.863395, 4.7735788], [-75.8631102, 4.7736066], [-75.862246, 4.773696], [-75.8619497, 4.7742318], [-75.8614392, 4.7744524], [-75.8609252, 4.7744148], [-75.860732, 4.7743044], [-75.8605891, 4.7741956], [-75.8601839, 4.7743409], [-75.8597561, 4.774617], [-75.8592989, 4.7753519], [-75.8587995, 4.7757932], [-75.8576148, 4.7764548], [-75.8570261, 4.7769206], [-75.8565389, 4.7776014], [-75.8556805, 4.7780509], [-75.8536434, 4.7786916], [-75.8529603, 4.7789159], [-75.852155, 4.7789596], [-75.8516969, 4.7786241], [-75.8513435, 4.7781263], [-75.8508223, 4.7779678], [-75.8502965, 4.7782259], [-75.8500359, 4.7783131], [-75.8496921, 4.7780919], [-75.8494121, 4.7777191], [-75.8490999, 4.777533], [-75.8487373, 4.777429], [-75.8483674, 4.7772073], [-75.8483375, 4.777023], [-75.8479786, 4.7764463], [-75.8479679, 4.7758904], [-75.848274, 4.7751352], [-75.8483112, 4.7747571], [-75.8481932, 4.7739766], [-75.8480474, 4.7735467], [-75.8479571, 4.7731533], [-75.8476798, 4.7729428], [-75.8470732, 4.7728173], [-75.8465731, 4.7720414], [-75.8464122, 4.7709829], [-75.8464038, 4.7706299], [-75.8466226, 4.770127], [-75.8470779, 4.7695831], [-75.8472383, 4.7692509], [-75.8472644, 4.7688272], [-75.8468998, 4.7684105], [-75.8464122, 4.7678609], [-75.8457497, 4.7669851], [-75.8456369, 4.7666474], [-75.8452996, 4.7664386], [-75.8450604, 4.7650062], [-75.8450721, 4.764464], [-75.8450818, 4.76321], [-75.8452396, 4.7625926], [-75.845197, 4.7620557], [-75.8446956, 4.7604088], [-75.8446527, 4.7591685], [-75.8448426, 4.7587863], [-75.8451104, 4.7583643], [-75.8456682, 4.7578328], [-75.8460238, 4.7572639], [-75.8465599, 4.7569245], [-75.8466589, 4.7566559], [-75.8467662, 4.7561427], [-75.8467359, 4.7554627], [-75.8465731, 4.7548169], [-75.8464551, 4.7537264], [-75.84638, 4.7528817], [-75.8467662, 4.7519301], [-75.8472383, 4.7509144], [-75.8470452, 4.7499414], [-75.8467984, 4.7494816], [-75.8464551, 4.7489364], [-75.8465637, 4.7481272], [-75.8472116, 4.7468983], [-75.8475142, 4.7458599], [-75.8476025, 4.7445765], [-75.8477629, 4.7437022], [-75.847981, 4.7423841], [-75.8479572, 4.7418971], [-75.8480663, 4.7415605], [-75.8483339, 4.7404579], [-75.8483756, 4.7390355], [-75.8489797, 4.7380447], [-75.8493139, 4.7375388], [-75.8501114, 4.7368464], [-75.8512028, 4.7359142], [-75.8516479, 4.7355698], [-75.8524203, 4.7350901], [-75.8529772, 4.7349045], [-75.8540927, 4.7340965], [-75.8546267, 4.7339887], [-75.8557056, 4.7328451], [-75.8561031, 4.7320995], [-75.8564641, 4.7314396], [-75.8564329, 4.7304817], [-75.8560558, 4.7291992], [-75.8560692, 4.7284374], [-75.8563148, 4.7277449], [-75.8561116, 4.7277082], [-75.8559237, 4.7276703], [-75.8557972, 4.7276904], [-75.8557056, 4.7277376], [-75.8555914, 4.7278367], [-75.8553567, 4.7281678], [-75.8550759, 4.7285036], [-75.8550006, 4.7286057], [-75.854916, 4.7287713], [-75.8548655, 4.7288657], [-75.8547662, 4.7290452], [-75.8546544, 4.7292634], [-75.8544665, 4.7294986], [-75.8543035, 4.7296549], [-75.8541761, 4.7297926], [-75.8540162, 4.7299443], [-75.8537957, 4.7301578], [-75.8535411, 4.7303729], [-75.8533517, 4.7305075], [-75.8532259, 4.7306019], [-75.8531001, 4.7306963], [-75.8530116, 4.7307737], [-75.8529588, 4.7307922], [-75.8527368, 4.730916], [-75.8524899, 4.7310042], [-75.8523005, 4.7309485], [-75.8521095, 4.7309331], [-75.8520241, 4.730947], [-75.8518999, 4.7310089], [-75.8517772, 4.731128], [-75.8517182, 4.73121], [-75.8517384, 4.7313648], [-75.8517881, 4.7314994], [-75.8518766, 4.731713], [-75.8519946, 4.7318398], [-75.852035, 4.7320518], [-75.851976, 4.7322592], [-75.8519294, 4.7324727], [-75.8518129, 4.73266], [-75.8516623, 4.7327435], [-75.8515257, 4.732889], [-75.8515133, 4.7331211], [-75.8514977, 4.7333161], [-75.8514574, 4.733542], [-75.8514418, 4.7337586], [-75.8514046, 4.7339072], [-75.8512897, 4.7340341], [-75.8511468, 4.734096], [-75.8510164, 4.7340341], [-75.8508673, 4.7338608], [-75.8508083, 4.7338267], [-75.850622, 4.7337122], [-75.8505537, 4.7336379], [-75.8503829, 4.7335172], [-75.8502773, 4.7334615], [-75.8501251, 4.7334553], [-75.8500164, 4.7334089], [-75.8498612, 4.7333594], [-75.8496624, 4.7332356], [-75.8496034, 4.7330963], [-75.849591, 4.7329602], [-75.8495817, 4.7328426], [-75.84965, 4.7327466], [-75.8497804, 4.7325826], [-75.8498736, 4.732465], [-75.8499171, 4.7324155], [-75.8499823, 4.732301], [-75.8500382, 4.7321865], [-75.8500133, 4.7321308], [-75.849973, 4.732007], [-75.8498488, 4.731877], [-75.8497463, 4.7318027], [-75.8495786, 4.7317161], [-75.8495196, 4.7317006], [-75.8492308, 4.7315644], [-75.8489792, 4.7313663], [-75.8487122, 4.731224], [-75.8482339, 4.7310228], [-75.8477371, 4.7307845], [-75.8475911, 4.7306545], [-75.8474203, 4.7306576], [-75.8472402, 4.7306979], [-75.8470974, 4.7307752], [-75.8470011, 4.7307938], [-75.8468614, 4.7308124], [-75.8466657, 4.7307071], [-75.8465011, 4.7305849], [-75.8464095, 4.7305214], [-75.8462822, 4.7304286], [-75.8461611, 4.7302739], [-75.8460555, 4.7301036], [-75.8459918, 4.7299922], [-75.8459142, 4.7297431], [-75.8459169, 4.7297096], [-75.8457651, 4.7295125], [-75.8456301, 4.7293485], [-75.8454562, 4.7292278], [-75.84529, 4.7291597], [-75.8451285, 4.7290978], [-75.8448397, 4.7288208], [-75.8446656, 4.728518], [-75.8445835, 4.7282653], [-75.8445488, 4.7279803], [-75.8443988, 4.7278057], [-75.8442792, 4.7276525], [-75.8442249, 4.7275999], [-75.8440758, 4.7275427], [-75.8439252, 4.7275133], [-75.8437823, 4.7275272], [-75.843641, 4.7275581], [-75.8434563, 4.7276727], [-75.8433088, 4.7278258], [-75.8431418, 4.7280967], [-75.8431696, 4.7284514], [-75.8434421, 4.7286676], [-75.8434254, 4.7288228], [-75.8433253, 4.7288671], [-75.8424188, 4.7287507], [-75.8421463, 4.7285789], [-75.8419739, 4.7282796], [-75.841757, 4.728202], [-75.8414956, 4.7282685], [-75.8413121, 4.7284459], [-75.8413095, 4.7287122], [-75.8412727, 4.7288327], [-75.8411649, 4.7289558], [-75.8409703, 4.7289218], [-75.8406892, 4.7288228], [-75.8405557, 4.7288228], [-75.8402999, 4.7289139], [-75.8396926, 4.7289768], [-75.839506, 4.7291235], [-75.8394797, 4.7292178], [-75.8394324, 4.7294589], [-75.8394587, 4.7297051], [-75.8396085, 4.7298807], [-75.8396874, 4.7298912], [-75.8397741, 4.7301558], [-75.8397347, 4.7303209], [-75.8395586, 4.7305069], [-75.8393088, 4.7305855], [-75.8391931, 4.7306038], [-75.8388961, 4.7307165], [-75.8387147, 4.7309104], [-75.8387326, 4.731133], [-75.8388637, 4.7312567], [-75.83892, 4.7314115], [-75.8389704, 4.7318178], [-75.8389083, 4.7320171], [-75.8386617, 4.7321294], [-75.83832, 4.7321777], [-75.8380288, 4.7322687], [-75.8378327, 4.7323422], [-75.837656, 4.7324834], [-75.837724, 4.7326924], [-75.8378094, 4.7328859], [-75.8379337, 4.7331452], [-75.8379803, 4.7334819], [-75.8377356, 4.7335631], [-75.8375259, 4.7335399], [-75.8372464, 4.733509], [-75.8369046, 4.7335128], [-75.836695, 4.7335244], [-75.836462, 4.733598], [-75.8362251, 4.7336986], [-75.8360542, 4.7338224], [-75.8358523, 4.7340159], [-75.835631, 4.7341049], [-75.8355145, 4.7342326], [-75.8354174, 4.7343913], [-75.8354912, 4.7345151], [-75.8355339, 4.734608], [-75.8355922, 4.7347744], [-75.8356776, 4.7349872], [-75.8356815, 4.7352581], [-75.835596, 4.7353897], [-75.8353398, 4.7354284], [-75.8349398, 4.7354168], [-75.834734, 4.7353781], [-75.8345864, 4.7353626], [-75.8344576, 4.7353793], [-75.8341671, 4.7353239], [-75.8339224, 4.7353858], [-75.8339069, 4.7355677], [-75.8340273, 4.7357689], [-75.8341127, 4.7359276], [-75.8342564, 4.7361366], [-75.8342991, 4.7363339], [-75.8342564, 4.7365119], [-75.83407, 4.736659], [-75.8338642, 4.7366977], [-75.8337089, 4.7365816], [-75.8334448, 4.7364113], [-75.8333167, 4.7363417], [-75.8330953, 4.7362527], [-75.832874, 4.736272], [-75.8326798, 4.736392], [-75.8325867, 4.7365893], [-75.8325323, 4.7367403], [-75.8322294, 4.736957], [-75.8320857, 4.7370615], [-75.8320275, 4.737224], [-75.8320197, 4.737371], [-75.8320275, 4.7375181], [-75.8320663, 4.7377077], [-75.8320275, 4.737878], [-75.8318955, 4.7380599], [-75.8317673, 4.7381334], [-75.8315732, 4.738145], [-75.8313518, 4.7380715], [-75.8310528, 4.7378741], [-75.8307927, 4.7377193], [-75.8304898, 4.7376613], [-75.8301481, 4.7376497], [-75.8298452, 4.7376148], [-75.8295656, 4.7375568], [-75.8292705, 4.7374136], [-75.8292006, 4.7372782], [-75.8292589, 4.7369299], [-75.8292744, 4.7367325], [-75.8292356, 4.7365506], [-75.8290259, 4.7365042], [-75.82889, 4.7365352], [-75.8287269, 4.7366513], [-75.8284822, 4.7368757], [-75.8283386, 4.7368834], [-75.8281871, 4.7367828], [-75.8281095, 4.7366358], [-75.8280007, 4.7365274], [-75.8278143, 4.736214], [-75.8277406, 4.735974], [-75.8276085, 4.735827], [-75.8274532, 4.7358115], [-75.8272785, 4.7357767], [-75.8270105, 4.7357341], [-75.8267348, 4.7357302], [-75.8265679, 4.7356993], [-75.8262495, 4.7355793], [-75.8259932, 4.7354594], [-75.8256825, 4.7354323], [-75.8255117, 4.7354245], [-75.825403, 4.7353278], [-75.8252903, 4.7352388], [-75.8251001, 4.7350956], [-75.8248127, 4.7351575], [-75.8246186, 4.7352891], [-75.8244632, 4.7353897], [-75.8242691, 4.7353897], [-75.8241681, 4.7353046], [-75.8239546, 4.7350608], [-75.8237449, 4.7349872], [-75.8236439, 4.7348518], [-75.823543, 4.7346893], [-75.8234653, 4.7345035], [-75.8233449, 4.7342829], [-75.8232478, 4.7341088], [-75.8230265, 4.7339269], [-75.8228518, 4.7338572], [-75.8225994, 4.7339385], [-75.8223353, 4.7342249], [-75.8221528, 4.7344532], [-75.8219936, 4.7345615], [-75.8217956, 4.7346157], [-75.8214849, 4.7345074], [-75.8213451, 4.7343758], [-75.8211587, 4.7341862], [-75.8208869, 4.7338069], [-75.8205802, 4.7335322], [-75.8203938, 4.7334006], [-75.8201919, 4.7333387], [-75.8199356, 4.7333851], [-75.8198851, 4.7334006], [-75.8197181, 4.7335051], [-75.819722, 4.7337218], [-75.8197259, 4.7339424], [-75.8196521, 4.734252], [-75.8195822, 4.7344145], [-75.8194308, 4.7345577], [-75.8191745, 4.7346196], [-75.818891, 4.7345267], [-75.818658, 4.7343139], [-75.8185804, 4.7340353], [-75.818658, 4.7337992], [-75.8187512, 4.7334161], [-75.81886, 4.7330755], [-75.8189221, 4.732824], [-75.818891, 4.7326885], [-75.818724, 4.7326073], [-75.8185454, 4.7327079], [-75.8182658, 4.7327234], [-75.8178659, 4.7327776], [-75.817299, 4.7326537], [-75.817066, 4.732406], [-75.8169184, 4.7319997], [-75.8166117, 4.7317404], [-75.8163127, 4.7314734], [-75.81587, 4.7313921], [-75.815703, 4.7312722], [-75.8154234, 4.7310129], [-75.8153458, 4.7307768], [-75.8152603, 4.730475], [-75.815272, 4.7301538], [-75.8152681, 4.7299797], [-75.8151205, 4.7299797], [-75.8149458, 4.7300184], [-75.8147206, 4.7301461], [-75.8145148, 4.7301731], [-75.81434, 4.7300532], [-75.8143323, 4.7298868], [-75.8144294, 4.7296972], [-75.8145303, 4.7295191], [-75.8145886, 4.7292637], [-75.8145886, 4.7291205], [-75.8146002, 4.7290277], [-75.8145963, 4.7288264], [-75.8143983, 4.7287452], [-75.8142469, 4.7287374], [-75.8141226, 4.7288961], [-75.8139983, 4.7290625], [-75.8138352, 4.729225], [-75.8136566, 4.7293682], [-75.8135479, 4.7295346], [-75.8134508, 4.7296043], [-75.8131285, 4.7296043], [-75.8130547, 4.7295927], [-75.8129654, 4.7295114], [-75.8127208, 4.7293334], [-75.8126975, 4.7291089], [-75.8127208, 4.728989], [-75.8128334, 4.7288071], [-75.8130664, 4.7287142], [-75.8132373, 4.7286949], [-75.8133537, 4.7286407], [-75.8133576, 4.7285478], [-75.8132994, 4.728424], [-75.8130509, 4.7282847], [-75.8129732, 4.7282382], [-75.8128179, 4.7281686], [-75.8126237, 4.7281647], [-75.8123636, 4.7281105], [-75.8122315, 4.7281028], [-75.8120296, 4.7282692], [-75.8119753, 4.7284781], [-75.8119442, 4.7287916], [-75.8120218, 4.7290044], [-75.8120723, 4.7292173], [-75.8120141, 4.7295617], [-75.8118316, 4.7296662], [-75.8115442, 4.7295385], [-75.8113656, 4.7293102], [-75.8112297, 4.7289851], [-75.8112375, 4.7284433], [-75.8114083, 4.7281337], [-75.8117423, 4.727917], [-75.8118432, 4.7277351], [-75.8117733, 4.7274875], [-75.811517, 4.7274372], [-75.8111753, 4.7274372], [-75.8103133, 4.7275726], [-75.8099552, 4.7277937], [-75.809591, 4.7282227], [-75.8093891, 4.728482], [-75.8090396, 4.7290277], [-75.8088067, 4.7290548], [-75.8084106, 4.7290896], [-75.808065, 4.7289696], [-75.8078398, 4.7287684], [-75.8077893, 4.7285439], [-75.807898, 4.7283272], [-75.8081621, 4.7281337], [-75.8083912, 4.7277584], [-75.8084261, 4.7276384], [-75.8083369, 4.7275231], [-75.8080145, 4.7274642], [-75.8077116, 4.7275184], [-75.8074786, 4.7274449], [-75.8070826, 4.7270424], [-75.8066748, 4.7268567], [-75.8062594, 4.726876], [-75.8059681, 4.7268992], [-75.8059099, 4.7269457], [-75.8057895, 4.7271198], [-75.8058555, 4.7272359], [-75.8060341, 4.7273985], [-75.8062904, 4.7275765], [-75.8064496, 4.7277622], [-75.8065234, 4.728037], [-75.8062594, 4.7282692], [-75.8058283, 4.7283582], [-75.8055643, 4.728304], [-75.8053274, 4.728126], [-75.8050634, 4.7280563], [-75.8045081, 4.7279093], [-75.8039217, 4.7280176], [-75.8034014, 4.7283775], [-75.8029626, 4.7284124], [-75.8026791, 4.7283504], [-75.8025153, 4.7282699], [-75.8024151, 4.7280873], [-75.8025161, 4.7277313], [-75.8026597, 4.7271005], [-75.802683, 4.7268876], [-75.8025588, 4.7267522], [-75.8023685, 4.7267483], [-75.8021243, 4.7269818], [-75.8020592, 4.7271983], [-75.8018528, 4.7272741], [-75.8017045, 4.7273211], [-75.8014521, 4.7273598], [-75.801289, 4.7273094], [-75.8011686, 4.7271392], [-75.8011065, 4.7268644], [-75.8012463, 4.72664], [-75.8014948, 4.7264], [-75.8015919, 4.726253], [-75.8015414, 4.7261214], [-75.8014249, 4.7260324], [-75.8009948, 4.7258778], [-75.8007221, 4.7257847], [-75.8005085, 4.7256144], [-75.8004852, 4.7254287], [-75.8005202, 4.7252545], [-75.8006017, 4.7251075], [-75.8006832, 4.7250533], [-75.8010211, 4.7250688], [-75.8012851, 4.7251114], [-75.8014793, 4.7251771], [-75.8016967, 4.7250997], [-75.8017627, 4.7249604], [-75.8018171, 4.7247708], [-75.8016851, 4.724616], [-75.8015026, 4.7245038], [-75.8012772, 4.7244382], [-75.8011794, 4.7242], [-75.8011686, 4.7237562], [-75.8012663, 4.7235398], [-75.8011686, 4.7234783], [-75.8010366, 4.7234202], [-75.8009318, 4.7234125], [-75.8005823, 4.723517], [-75.8003027, 4.7239543], [-75.8000309, 4.7240704], [-75.7994959, 4.7240672], [-75.799196, 4.7239736], [-75.7991734, 4.7238766], [-75.7989281, 4.723575], [-75.7989786, 4.7230642], [-75.7990407, 4.7227043], [-75.7991766, 4.722503], [-75.7994096, 4.7224529], [-75.7998596, 4.7224379], [-75.7998717, 4.7222631], [-75.799728, 4.7220077], [-75.7996581, 4.7219071], [-75.7997008, 4.7217562], [-75.7999346, 4.7215934], [-75.8002755, 4.7212918], [-75.8003454, 4.7211331], [-75.8003027, 4.7209628], [-75.8002212, 4.7208932], [-75.798656, 4.7208647], [-75.7975923, 4.7205449], [-75.7973982, 4.720541], [-75.7971108, 4.7206107], [-75.7967613, 4.7206145], [-75.7965382, 4.7204963], [-75.7965345, 4.7201114], [-75.7966582, 4.7198835], [-75.7970444, 4.7195696], [-75.7970782, 4.7191735], [-75.7968607, 4.7189343], [-75.7964407, 4.7189567], [-75.796122, 4.7195472], [-75.7959795, 4.7196182], [-75.7959083, 4.7195696], [-75.7959158, 4.719237], [-75.796077, 4.7187624], [-75.795957, 4.7185494], [-75.7956624, 4.7185403], [-75.7952586, 4.7184629], [-75.7950489, 4.7184822], [-75.7946373, 4.7186409], [-75.7944497, 4.7188409], [-75.7943934, 4.7191623], [-75.7944964, 4.7192271], [-75.7945719, 4.7193416], [-75.7944984, 4.7195472], [-75.7944009, 4.719663], [-75.794005, 4.7195913], [-75.7937915, 4.7194699], [-75.7936053, 4.7192595], [-75.7933512, 4.7189402], [-75.7932616, 4.7188276], [-75.7928006, 4.7185673], [-75.7923307, 4.7183274], [-75.7918764, 4.7182229], [-75.7915813, 4.7182732], [-75.7914143, 4.7180526], [-75.7913755, 4.7177663], [-75.791725, 4.717685], [-75.7920395, 4.717805], [-75.7922492, 4.7178553], [-75.792354, 4.7177701], [-75.7924217, 4.7175944], [-75.7923767, 4.7174225], [-75.7922342, 4.7171161], [-75.7921218, 4.7169816], [-75.7918368, 4.7168321], [-75.7912978, 4.7167175], [-75.7908008, 4.716644], [-75.7906069, 4.7167573], [-75.7904644, 4.7168395], [-75.7903744, 4.7169666], [-75.7903894, 4.7171161], [-75.7904569, 4.7172506], [-75.7907044, 4.7175496], [-75.7907719, 4.7176841], [-75.7907644, 4.717841], [-75.7907119, 4.717998], [-75.7905872, 4.7180913], [-75.790397, 4.7181262], [-75.7902805, 4.7180759], [-75.7900785, 4.717716], [-75.7899995, 4.7172955], [-75.789962, 4.717146], [-75.789931, 4.7169575], [-75.7897834, 4.7168297], [-75.7895893, 4.7167562], [-75.7893524, 4.7167756], [-75.7891699, 4.716942], [-75.789298, 4.7174799], [-75.7892049, 4.7180643], [-75.7889346, 4.7183792], [-75.7887846, 4.7184016], [-75.7886571, 4.7180877], [-75.7884621, 4.7178111], [-75.7883421, 4.717699], [-75.7881846, 4.717699], [-75.7880872, 4.7178336], [-75.7881448, 4.7180643], [-75.7881487, 4.7184048], [-75.7879001, 4.7187608], [-75.7876361, 4.7190163], [-75.7875079, 4.7190433], [-75.7873915, 4.7189659], [-75.7873021, 4.7186254], [-75.7871048, 4.718439], [-75.7870298, 4.7182895], [-75.7869023, 4.7182073], [-75.7867448, 4.7182073], [-75.7863098, 4.7183642], [-75.7860474, 4.7185585], [-75.7859124, 4.7188575], [-75.7857849, 4.7196198], [-75.7858074, 4.7199262], [-75.7858599, 4.7200682], [-75.7859198, 4.7203514], [-75.7859275, 4.7205526], [-75.7858188, 4.7206532], [-75.7856829, 4.7207732], [-75.7855276, 4.7210364], [-75.7855674, 4.7213612], [-75.7856124, 4.721578], [-75.7856949, 4.72172], [-75.7857249, 4.721862], [-75.7856874, 4.7221684], [-75.7854774, 4.72243], [-75.7853349, 4.7224972], [-75.7850275, 4.7225047], [-75.7848775, 4.722415], [-75.7848175, 4.722273], [-75.7847199, 4.7221625], [-75.784615, 4.7218955], [-75.7847315, 4.7216168], [-75.7849024, 4.7214659], [-75.785065, 4.7213687], [-75.7850228, 4.7211795], [-75.78487, 4.7211221], [-75.7847125, 4.7211445], [-75.78448, 4.7213762], [-75.7843375, 4.721436], [-75.78418, 4.7214883], [-75.7840076, 4.7214658], [-75.7838617, 4.7212802], [-75.7838423, 4.7211215], [-75.7840209, 4.7209009], [-75.7840901, 4.7208605], [-75.7840287, 4.7205487], [-75.7839472, 4.7204713], [-75.7838151, 4.7204326], [-75.7837064, 4.7204017], [-75.7835317, 4.7203978], [-75.7832443, 4.7203475], [-75.7829065, 4.7203165], [-75.7827667, 4.7202662], [-75.782658, 4.7202275], [-75.7825827, 4.7201579], [-75.7826052, 4.7200085], [-75.7826652, 4.7198665], [-75.7828002, 4.719717], [-75.7829453, 4.7196625], [-75.7831239, 4.7195193], [-75.7832637, 4.7193529], [-75.7829803, 4.7191827], [-75.7823052, 4.7192162], [-75.7818403, 4.7193433], [-75.7812135, 4.7192601], [-75.7808368, 4.7192485], [-75.7805961, 4.7192755], [-75.7805067, 4.7194381], [-75.7804079, 4.7197245], [-75.7801679, 4.7201579], [-75.780003, 4.7201579], [-75.779823, 4.7200981], [-75.779688, 4.7201804], [-75.779688, 4.7208007], [-75.779718, 4.7211071], [-75.7796835, 4.721435], [-75.7796952, 4.7216826], [-75.7796136, 4.7218297], [-75.7795554, 4.7219458], [-75.7794816, 4.7220077], [-75.7793185, 4.7219032], [-75.779268, 4.7213762], [-75.7791855, 4.7212491], [-75.7790506, 4.7211519], [-75.7788931, 4.7211445], [-75.7787731, 4.7212491], [-75.7787555, 4.7216207], [-75.7786778, 4.7217755], [-75.7784506, 4.7218993], [-75.7783006, 4.7217797], [-75.7781581, 4.7212416], [-75.7780082, 4.7211968], [-75.7778507, 4.7212192], [-75.7776022, 4.7212453], [-75.7771984, 4.721524], [-75.776977, 4.7218336], [-75.7768395, 4.7220351], [-75.7766783, 4.7220388], [-75.7766033, 4.7220164], [-75.7764796, 4.7219193], [-75.7764496, 4.7217586], [-75.7764833, 4.7215979], [-75.7767533, 4.7211756], [-75.7768545, 4.7209514], [-75.7768283, 4.7207944], [-75.7767645, 4.7207421], [-75.7765499, 4.7206571], [-75.776181, 4.7206571], [-75.7759752, 4.7208622], [-75.7758024, 4.7211115], [-75.7756084, 4.721355], [-75.7754097, 4.7215119], [-75.7752447, 4.7215343], [-75.7751697, 4.7215082], [-75.7751209, 4.7213625], [-75.7751397, 4.7211158], [-75.7752447, 4.7209439], [-75.7753684, 4.7208318], [-75.7754734, 4.7206263], [-75.7755109, 4.7202489], [-75.7754697, 4.7199536], [-75.7751847, 4.7192287], [-75.775001, 4.7190456], [-75.7745023, 4.7186831], [-75.7744235, 4.7186382], [-75.7741198, 4.7186233], [-75.7739736, 4.7186868], [-75.7739443, 4.7192175], [-75.7739754, 4.7197051], [-75.7738706, 4.7200457], [-75.7736337, 4.7201037], [-75.7733699, 4.7200284], [-75.7732536, 4.7198116], [-75.7732049, 4.7196435], [-75.7731899, 4.7187205], [-75.7731374, 4.7184776], [-75.7729312, 4.7181113], [-75.7728299, 4.718059], [-75.7727849, 4.717988], [-75.7727099, 4.7179544], [-75.7725449, 4.7179693], [-75.7724662, 4.7179955], [-75.7723462, 4.7181076], [-75.772245, 4.7183281], [-75.7721175, 4.7187354], [-75.7719713, 4.7189297], [-75.7718325, 4.7190194], [-75.7716788, 4.719068], [-75.7715775, 4.719068], [-75.7713751, 4.7189297], [-75.7713113, 4.718784], [-75.7711951, 4.7185441], [-75.7711446, 4.7181881], [-75.771199, 4.7178862], [-75.7714242, 4.7175689], [-75.7717116, 4.7175225], [-75.7720725, 4.7175097], [-75.7722863, 4.717476], [-75.772461, 4.7173909], [-75.7725076, 4.7173406], [-75.7725853, 4.717151], [-75.7725853, 4.7170155], [-75.7724998, 4.7168994], [-75.7722552, 4.7168181], [-75.7716145, 4.7170194], [-75.7712922, 4.7168414], [-75.7710281, 4.7165666], [-75.7711726, 4.7158243], [-75.7710863, 4.7155216], [-75.7709589, 4.7152601], [-75.7708764, 4.7146734], [-75.7706889, 4.7142959], [-75.7704902, 4.7141278], [-75.7704114, 4.7141054], [-75.7701714, 4.714139], [-75.7701414, 4.71421], [-75.7701939, 4.714778], [-75.7700664, 4.7150172], [-75.7699352, 4.7151106], [-75.7687541, 4.7150433], [-75.7684241, 4.7149761], [-75.7681616, 4.7149723], [-75.7679929, 4.7149835], [-75.7677379, 4.7150583], [-75.7667893, 4.7152414], [-75.7666018, 4.7151891], [-75.7660918, 4.7149163], [-75.7658219, 4.7145874], [-75.7656869, 4.7144903], [-75.7655931, 4.7144529], [-75.7653869, 4.7144491], [-75.7651807, 4.71455], [-75.7648995, 4.714849], [-75.7648095, 4.7149985], [-75.7646632, 4.7154432], [-75.764502, 4.7156263], [-75.7642808, 4.7157197], [-75.7640258, 4.7156935], [-75.7639396, 4.7156599], [-75.7638871, 4.7156001], [-75.7638346, 4.7154432], [-75.7638755, 4.7151657], [-75.7640192, 4.7148522], [-75.7639696, 4.714266], [-75.7639089, 4.7142035], [-75.7638284, 4.71415], [-75.7636943, 4.7141286], [-75.76352, 4.7140966], [-75.7633215, 4.7140927], [-75.7631014, 4.7139387], [-75.7630026, 4.7138488], [-75.7628913, 4.7137711], [-75.7627288, 4.7137038], [-75.7625226, 4.7135144], [-75.7621436, 4.7128321], [-75.7618058, 4.712449], [-75.7612906, 4.711842], [-75.7611273, 4.7115271], [-75.761017, 4.71133], [-75.7609087, 4.7112296], [-75.7607338, 4.711186], [-75.7605798, 4.7111425], [-75.7604563, 4.7111141], [-75.7602624, 4.7111614], [-75.7599544, 4.7112031], [-75.7596028, 4.7114077], [-75.7591998, 4.7115953], [-75.7588348, 4.7118681], [-75.7586276, 4.7120196], [-75.7584147, 4.7120954], [-75.7581522, 4.7121485], [-75.7580847, 4.7121073], [-75.7580734, 4.7120326], [-75.7580345, 4.7117809], [-75.7580193, 4.7115706], [-75.75812, 4.7112145], [-75.7581897, 4.710691], [-75.7581559, 4.7105416], [-75.7580545, 4.7104239], [-75.7575896, 4.7104958], [-75.7569139, 4.7108615], [-75.7564067, 4.7109101], [-75.7561336, 4.7109003], [-75.7555192, 4.711017], [-75.7552559, 4.7109489], [-75.7549633, 4.7103755], [-75.7544094, 4.7099916], [-75.7543705, 4.7099774], [-75.7543372, 4.7099717], [-75.7543106, 4.7099859], [-75.7542935, 4.7100427], [-75.7542631, 4.7102502], [-75.7542709, 4.7111336], [-75.7541718, 4.7113888], [-75.7540758, 4.7115613], [-75.753872, 4.7115526], [-75.7536174, 4.7115418], [-75.7535293, 4.7106916], [-75.7534837, 4.7105893], [-75.752956, 4.7100945], [-75.7528149, 4.7100878], [-75.7526982, 4.7100464], [-75.7524905, 4.7100155], [-75.7524125, 4.710098], [-75.7523458, 4.7101714], [-75.7522958, 4.7102987], [-75.7522582, 4.7104176], [-75.7523575, 4.7105486], [-75.7524785, 4.7106936], [-75.7525224, 4.7108079], [-75.7525103, 4.7109162], [-75.7524848, 4.7109691], [-75.7524638, 4.7109994], [-75.7523698, 4.7110136], [-75.7522643, 4.7110099], [-75.7521179, 4.7109615], [-75.7520171, 4.710918], [-75.751924, 4.7109104], [-75.7517253, 4.7109066], [-75.7515448, 4.7109511], [-75.7512938, 4.7109568], [-75.7511988, 4.7109871], [-75.7509194, 4.7110667], [-75.7507369, 4.7110762], [-75.7504498, 4.7114247], [-75.750638, 4.711743], [-75.7508661, 4.7117582], [-75.7509688, 4.7118908], [-75.7509688, 4.7121314], [-75.7509251, 4.7123133], [-75.7508794, 4.7124359], [-75.7507312, 4.71248], [-75.7506254, 4.7124837], [-75.7503909, 4.7123701], [-75.7503339, 4.7122261], [-75.7503654, 4.7117645], [-75.7503035, 4.7116312], [-75.7502307, 4.7115488], [-75.7500411, 4.7114532], [-75.749868, 4.711434], [-75.7493416, 4.7116388], [-75.7490812, 4.7117885], [-75.748912, 4.7118946], [-75.7488683, 4.7119817], [-75.7488055, 4.7120026], [-75.7487276, 4.7119268], [-75.7485793, 4.7118851], [-75.7484831, 4.7118617], [-75.7483056, 4.7118681], [-75.7481991, 4.7118813], [-75.7480147, 4.7119912], [-75.7479368, 4.7122754], [-75.7477125, 4.7127111], [-75.7476003, 4.7128361], [-75.7474786, 4.7129115], [-75.7473304, 4.713018], [-75.7470985, 4.7130199], [-75.7469103, 4.7129915], [-75.7467861, 4.7129601], [-75.7465795, 4.7128437], [-75.7464598, 4.7127414], [-75.7463571, 4.712605], [-75.7463472, 4.7125129], [-75.7464351, 4.7124061], [-75.7465263, 4.7123057], [-75.7466898, 4.7121371], [-75.7468229, 4.7120632], [-75.7469787, 4.7120196], [-75.7471194, 4.7119363], [-75.7471916, 4.7119022], [-75.7472835, 4.7118228], [-75.7472582, 4.7116862], [-75.7471688, 4.7114948], [-75.7470592, 4.7114243], [-75.7468058, 4.7114607], [-75.7466157, 4.7114967], [-75.7462985, 4.7114243], [-75.7459104, 4.711599], [-75.7458154, 4.711743], [-75.7456709, 4.7118605], [-75.7454561, 4.7118927], [-75.7450794, 4.7119006], [-75.7449257, 4.7117695], [-75.744633, 4.711493], [-75.7444942, 4.7113077], [-75.7443772, 4.7108217], [-75.7441502, 4.7106082], [-75.7438018, 4.7104426], [-75.7436141, 4.7104472], [-75.7434604, 4.7105107], [-75.7429143, 4.7108411], [-75.7426509, 4.7109286], [-75.7422416, 4.7112353], [-75.7419166, 4.7113755], [-75.7417132, 4.7114873], [-75.7414965, 4.7116066], [-75.7412798, 4.7116066], [-75.741188, 4.7114924], [-75.7409539, 4.7108217], [-75.7408039, 4.7105659], [-75.7406525, 4.7105078], [-75.7404278, 4.7105241], [-75.7402517, 4.7106856], [-75.7399796, 4.7108071], [-75.739721, 4.7108753], [-75.7393979, 4.7108845], [-75.7391089, 4.7108375], [-75.739074, 4.7108172], [-75.7389531, 4.7108034], [-75.7388656, 4.7107503], [-75.738839, 4.7106518], [-75.738934, 4.7105116], [-75.7389569, 4.7104169], [-75.7390353, 4.7101628], [-75.7389531, 4.7097955], [-75.7388428, 4.7095454], [-75.7385691, 4.7094658], [-75.7384013, 4.7094479], [-75.7382535, 4.7096174], [-75.738033, 4.7098864], [-75.7378771, 4.7100834], [-75.7376528, 4.7102464], [-75.7375008, 4.7103638], [-75.7373867, 4.7104282], [-75.7371966, 4.710432], [-75.7370103, 4.7103904], [-75.7369647, 4.7101933], [-75.7370065, 4.7101213], [-75.737113, 4.710019], [-75.7373601, 4.7099167], [-75.7375312, 4.7098826], [-75.7376148, 4.70975], [-75.7375236, 4.709625], [-75.7373216, 4.7094026], [-75.7369723, 4.7092082], [-75.7368963, 4.7091855], [-75.7365389, 4.7092461], [-75.7362499, 4.7093711], [-75.7359496, 4.7095037], [-75.7356987, 4.7098296], [-75.7355808, 4.710091], [-75.7353373, 4.7103306], [-75.7351611, 4.7103134], [-75.7351087, 4.7101144], [-75.735098, 4.7099622], [-75.7351626, 4.7097386], [-75.7352501, 4.7094848], [-75.7354264, 4.7091608], [-75.7352934, 4.7088537], [-75.7349003, 4.7084693], [-75.7345581, 4.7080866], [-75.7342578, 4.7077987], [-75.7341133, 4.7076774], [-75.7340366, 4.7076671], [-75.7338206, 4.7080071], [-75.7338814, 4.7084996], [-75.7339764, 4.7087914], [-75.7339917, 4.7092233], [-75.7338586, 4.7095378], [-75.7336761, 4.7097841], [-75.7334834, 4.7098403], [-75.7331933, 4.7098372], [-75.7330526, 4.7096591], [-75.7330444, 4.7094376], [-75.7329652, 4.7088785], [-75.7330678, 4.7085944], [-75.7331362, 4.7083632], [-75.7331248, 4.7081321], [-75.7329728, 4.7079578], [-75.7327827, 4.7078745], [-75.7322979, 4.7079025], [-75.7318132, 4.707901], [-75.7316117, 4.7079389], [-75.7314862, 4.7079843], [-75.7312395, 4.7081191], [-75.7312619, 4.7084011], [-75.7313114, 4.7087118], [-75.7314558, 4.7092423], [-75.7314663, 4.7097861], [-75.7314102, 4.7100872], [-75.7312868, 4.7102664], [-75.7311479, 4.7103449], [-75.7310224, 4.7103904], [-75.7308741, 4.7103487], [-75.7307525, 4.7100759], [-75.7307259, 4.7097576], [-75.7308049, 4.708882], [-75.7306631, 4.7084205], [-75.7303799, 4.7081548], [-75.7301526, 4.7080258], [-75.7299029, 4.707673], [-75.7297336, 4.7077153], [-75.7295283, 4.7078631], [-75.729361, 4.7085375], [-75.7294027, 4.7089317], [-75.7291622, 4.7093912], [-75.7288147, 4.7097375], [-75.7283403, 4.7097042], [-75.7280731, 4.7092647], [-75.7278192, 4.7088119], [-75.7274383, 4.7088252], [-75.7272044, 4.7092381], [-75.7268236, 4.7093979], [-75.7264108, 4.7093294], [-75.7261294, 4.7092764], [-75.7259546, 4.7093143], [-75.7257911, 4.7095606], [-75.725701, 4.7100239], [-75.7256618, 4.7105419], [-75.725658, 4.7108185], [-75.7255858, 4.7109928], [-75.7253767, 4.7110762], [-75.7250421, 4.7111898], [-75.7248124, 4.711096], [-75.7241442, 4.7110361], [-75.7238502, 4.7110827], [-75.7234568, 4.7111709], [-75.7233085, 4.7111406], [-75.7228613, 4.711096], [-75.7227496, 4.7111633], [-75.7224797, 4.7117203], [-75.722282, 4.7117658], [-75.7219459, 4.7115754], [-75.7217763, 4.7110383], [-75.7216813, 4.7107011], [-75.7215482, 4.7105343], [-75.7211224, 4.7104623], [-75.7207308, 4.7104813], [-75.7204343, 4.710648], [-75.7203126, 4.7109019], [-75.720248, 4.7112201], [-75.7201682, 4.711618], [-75.7202062, 4.712031], [-75.72021, 4.7122962], [-75.7200693, 4.7124743], [-75.719826, 4.7126259], [-75.7194838, 4.712713], [-75.7190124, 4.7127168], [-75.7186651, 4.7123346], [-75.7183737, 4.7121863], [-75.7182216, 4.7122773], [-75.7181105, 4.7124611], [-75.7178947, 4.7126297], [-75.7172219, 4.712561], [-75.7170348, 4.7124345], [-75.7169024, 4.7123227], [-75.7166324, 4.7123], [-75.716564, 4.7124516], [-75.7164468, 4.7124478], [-75.7162218, 4.7122583], [-75.7160681, 4.7121968], [-75.7158645, 4.7121901], [-75.7157846, 4.7122815], [-75.7157185, 4.7127053], [-75.7156026, 4.7130309], [-75.7153689, 4.7131291], [-75.7147733, 4.7130199], [-75.71432, 4.7129878], [-75.7139746, 4.7130922], [-75.7136845, 4.7137605], [-75.713779, 4.7139875], [-75.7137544, 4.7143707], [-75.7137887, 4.7144787], [-75.7137697, 4.7145507], [-75.7137107, 4.7146283], [-75.7135986, 4.7146928], [-75.7134047, 4.7147174], [-75.7132184, 4.7147325], [-75.7129523, 4.7147155], [-75.7128021, 4.7146984], [-75.7126576, 4.7147022], [-75.7125055, 4.7147515], [-75.7123364, 4.7148159], [-75.7122128, 4.7149106], [-75.7120683, 4.7150925], [-75.7119486, 4.7152137], [-75.7118345, 4.7153274], [-75.7118478, 4.7154846], [-75.7118193, 4.7156893], [-75.7119239, 4.715892], [-75.711979, 4.7160606], [-75.7119961, 4.7162576], [-75.7120056, 4.7163732], [-75.7119524, 4.7164755], [-75.7119068, 4.7166308], [-75.7118078, 4.7167107], [-75.7116634, 4.7167199], [-75.711479, 4.716627], [-75.711308, 4.7165342], [-75.7111274, 4.7164093], [-75.7109886, 4.7162822], [-75.7108384, 4.7161818], [-75.710694, 4.7161193], [-75.7105132, 4.7161362], [-75.710367, 4.7161231], [-75.7101123, 4.7161667], [-75.7099431, 4.7162046], [-75.7097245, 4.7162235], [-75.7094774, 4.7161818], [-75.7093698, 4.7160891], [-75.7092436, 4.7159848], [-75.7090554, 4.7158825], [-75.7089147, 4.7158219], [-75.7087056, 4.7157934], [-75.7085858, 4.7158692], [-75.7083596, 4.7160113], [-75.708238, 4.716214], [-75.708141, 4.716358], [-75.7081486, 4.7164925], [-75.7082342, 4.7167407], [-75.708352, 4.7170154], [-75.7084566, 4.7171272], [-75.7084357, 4.7173204], [-75.7084015, 4.7174075], [-75.7083304, 4.7174547], [-75.7081049, 4.717614], [-75.7079034, 4.7176917], [-75.7076943, 4.7176917], [-75.7074966, 4.7176804], [-75.7073464, 4.7178262], [-75.7071354, 4.7180327], [-75.706991, 4.7181445], [-75.7068845, 4.7182411], [-75.7067286, 4.7182904], [-75.7065062, 4.7182885], [-75.7062496, 4.718171], [-75.7060614, 4.7180877], [-75.7059265, 4.7179835], [-75.7057687, 4.7179399], [-75.7056147, 4.7179039], [-75.705474, 4.7179532], [-75.7054151, 4.7180251], [-75.7053353, 4.7181218], [-75.7053486, 4.7182449], [-75.7054265, 4.7184344], [-75.7055102, 4.7185802], [-75.7055501, 4.7189061], [-75.7054133, 4.719071], [-75.7051414, 4.7192244], [-75.7048902, 4.719292], [-75.7045726, 4.7193355], [-75.7043221, 4.719535], [-75.7041149, 4.7197813], [-75.7039248, 4.7199594], [-75.7036587, 4.7200541], [-75.703429, 4.7201944], [-75.7033336, 4.7202114], [-75.7031549, 4.7203857], [-75.7031332, 4.7206377], [-75.703172, 4.7210014], [-75.7030675, 4.7212571], [-75.7029781, 4.7213159], [-75.7028698, 4.7213822], [-75.7027481, 4.7213556], [-75.702674, 4.7213234], [-75.7023395, 4.7209391], [-75.7020828, 4.7205922], [-75.7019858, 4.7205126], [-75.7018623, 4.7204292], [-75.7017539, 4.720416], [-75.7016342, 4.7205012], [-75.7015829, 4.7206926], [-75.7014049, 4.7210773], [-75.7012017, 4.7211996], [-75.7009787, 4.7211651], [-75.7007803, 4.7208261], [-75.700374, 4.7201104], [-75.7002047, 4.7200522], [-75.7001515, 4.7199803], [-75.6999804, 4.7199765], [-75.6998625, 4.7200636], [-75.6998245, 4.7201432], [-75.6998093, 4.7204008], [-75.6999204, 4.7208261], [-75.6998359, 4.7209199], [-75.6997637, 4.7210033], [-75.6996116, 4.7210412], [-75.6994763, 4.7209579], [-75.6993723, 4.7206472], [-75.6992922, 4.7204747], [-75.6992314, 4.720361], [-75.6991307, 4.7203175], [-75.6990204, 4.7203023], [-75.6990321, 4.7204117], [-75.6988398, 4.7206168], [-75.6986687, 4.7207229], [-75.6984406, 4.7208915], [-75.698089, 4.7210355], [-75.6976556, 4.7210828], [-75.6975377, 4.7209711], [-75.6974293, 4.7208195], [-75.6973818, 4.7204501], [-75.6973856, 4.7202076], [-75.6973875, 4.7199765], [-75.6973495, 4.7198704], [-75.6972069, 4.7197908], [-75.6969769, 4.7197662], [-75.6967659, 4.7197927], [-75.6965967, 4.7197283], [-75.6965469, 4.7196301], [-75.6963863, 4.7193476], [-75.6963838, 4.7190633], [-75.6963648, 4.7188549], [-75.6962812, 4.7186655], [-75.6961557, 4.7185783], [-75.6959611, 4.7185847], [-75.6957565, 4.7186314], [-75.6956209, 4.7187448], [-75.6955208, 4.7189875], [-75.6953992, 4.7191277], [-75.6952927, 4.7191429], [-75.6950798, 4.7191202], [-75.6949772, 4.7190747], [-75.6948308, 4.7189023], [-75.6947642, 4.7187621], [-75.6947281, 4.7186674], [-75.6946046, 4.7185272], [-75.6944981, 4.7184798], [-75.6942111, 4.7184078], [-75.6940229, 4.718531], [-75.6938252, 4.7187318], [-75.6937215, 4.7188579], [-75.6933908, 4.719244], [-75.6931009, 4.719482], [-75.6929679, 4.7195332], [-75.692812, 4.7195521], [-75.6927018, 4.7195332], [-75.6925649, 4.7194498], [-75.6925022, 4.7193683], [-75.6925307, 4.7192357], [-75.6926466, 4.719105], [-75.6928272, 4.7188114], [-75.6929147, 4.718692], [-75.6929508, 4.7185764], [-75.6928805, 4.7182646], [-75.6928595, 4.7181237], [-75.6928006, 4.718027], [-75.6927056, 4.7180157], [-75.6926295, 4.7180289], [-75.6925212, 4.7181369], [-75.6924166, 4.7182601], [-75.6921923, 4.7184097], [-75.6919828, 4.7184812], [-75.6917183, 4.7185471], [-75.6915498, 4.718512], [-75.6913331, 4.7184722], [-75.6913597, 4.7183453], [-75.6914129, 4.7182279], [-75.6914833, 4.7180706], [-75.6915726, 4.7179361], [-75.6916315, 4.71783], [-75.6916467, 4.7177751], [-75.6915517, 4.7176444], [-75.6912818, 4.7174132], [-75.691067, 4.7173488], [-75.6908579, 4.7171992], [-75.690745, 4.7170403], [-75.6906164, 4.7166876], [-75.6903522, 4.7165266], [-75.6899777, 4.7162443], [-75.6894968, 4.7156911], [-75.6891565, 4.7153577], [-75.6885939, 4.7149523], [-75.6884817, 4.7148159], [-75.6883619, 4.7147231], [-75.6883125, 4.7144237], [-75.6882118, 4.7142457], [-75.6881015, 4.7141358], [-75.6879857, 4.714102], [-75.687862, 4.7140676], [-75.6877746, 4.7140979], [-75.687689, 4.7141585], [-75.6876928, 4.714257], [-75.6876947, 4.7143839], [-75.687708, 4.7144635], [-75.6876738, 4.7146321], [-75.6875655, 4.7147572], [-75.6875103, 4.71485], [-75.6874282, 4.7148743], [-75.6871731, 4.7146953], [-75.6870597, 4.7143563], [-75.6872109, 4.7139984], [-75.6870219, 4.7137347], [-75.6865116, 4.7140455], [-75.6861242, 4.7142433], [-75.6859068, 4.7144316], [-75.6845907, 4.714572], [-75.6840812, 4.7147152], [-75.6837618, 4.7147707], [-75.6834291, 4.7147398], [-75.6832894, 4.7146066], [-75.6832359, 4.7144864], [-75.6832364, 4.7141836], [-75.683174, 4.7138833], [-75.6831445, 4.7138002], [-75.6830415, 4.7137054], [-75.6828729, 4.7136072], [-75.6823549, 4.7134857], [-75.6822179, 4.7134724], [-75.6820559, 4.7134256], [-75.6819677, 4.7132867], [-75.6818969, 4.7130037], [-75.6817583, 4.7128936], [-75.6815616, 4.7128202], [-75.6808177, 4.7127703], [-75.6803235, 4.7126328], [-75.6801623, 4.7125366], [-75.680075, 4.7123774], [-75.6800798, 4.7121798], [-75.680097, 4.7118955], [-75.6800649, 4.7116007], [-75.6799107, 4.7115428], [-75.6794403, 4.7114217], [-75.6789119, 4.7112856], [-75.6781677, 4.7109283], [-75.6777794, 4.7106531], [-75.6775821, 4.7105318], [-75.6773108, 4.7105514], [-75.677227, 4.7105413], [-75.6771913, 4.7105359], [-75.677122, 4.7104297], [-75.6771062, 4.7102829], [-75.6771459, 4.7100877], [-75.6772373, 4.7098414], [-75.6772164, 4.7095446], [-75.6766936, 4.7088471], [-75.6760133, 4.7083008], [-75.6753126, 4.7081664], [-75.6750387, 4.7081138], [-75.6740041, 4.7080874], [-75.6738777, 4.7080842], [-75.6726303, 4.7080183], [-75.6725218, 4.7078868], [-75.6722807, 4.7075945], [-75.6723091, 4.7070295], [-75.6719122, 4.7065586], [-75.6717477, 4.7065586], [-75.6710943, 4.7065586], [-75.6709389, 4.7065586], [-75.6703908, 4.7066057], [-75.6699089, 4.7066998], [-75.6696165, 4.7064596], [-75.6694742, 4.7060029], [-75.6701168, 4.7056733], [-75.6701451, 4.7050612], [-75.6695368, 4.7049759], [-75.6692002, 4.7048446], [-75.6690637, 4.7046843], [-75.6689356, 4.7045338], [-75.6688384, 4.704226], [-75.66878, 4.7040411], [-75.6687812, 4.703829], [-75.6686424, 4.7034549], [-75.6685791, 4.7032844], [-75.6683093, 4.7028872], [-75.6680334, 4.7026488], [-75.667966, 4.702545], [-75.6678991, 4.7024734], [-75.6678004, 4.7023677], [-75.6676962, 4.7023066], [-75.6675245, 4.7021355], [-75.6674425, 4.7021219], [-75.6671566, 4.7020744], [-75.666617, 4.7019461], [-75.6665127, 4.7017322], [-75.6664453, 4.7016344], [-75.6663472, 4.7015488], [-75.6662368, 4.7014999], [-75.6661203, 4.7014816], [-75.6659127, 4.7014711], [-75.6657585, 4.7014633], [-75.665642, 4.7014877], [-75.6654213, 4.7016222], [-75.6653048, 4.7016466], [-75.6651944, 4.7017016], [-75.6650779, 4.7017322], [-75.6648203, 4.7017566], [-75.6642194, 4.7017566], [-75.6640625, 4.7017323], [-75.6638638, 4.7017016], [-75.6632567, 4.7015672], [-75.6631157, 4.7015611], [-75.6629685, 4.7015183], [-75.6626313, 4.7013594], [-75.6619813, 4.7011394], [-75.6618364, 4.7010459], [-75.6615644, 4.7008705], [-75.661454, 4.7008277], [-75.6611045, 4.7006383], [-75.6607856, 4.7002655], [-75.6602154, 4.6998744], [-75.6599211, 4.6995688], [-75.6596696, 4.6995383], [-75.6594244, 4.6995627], [-75.6591914, 4.6996666], [-75.6589461, 4.6997399], [-75.6586824, 4.699801], [-75.6585598, 4.699801], [-75.658431, 4.6998438], [-75.6582164, 4.6999722], [-75.6580999, 4.7000149], [-75.6579793, 4.7000345], [-75.6575726, 4.7001005], [-75.6571801, 4.7001127], [-75.6570759, 4.7001799], [-75.6568245, 4.7002611], [-75.6566405, 4.7003205], [-75.6564873, 4.7005649], [-75.6564075, 4.7006627], [-75.6562788, 4.7008827], [-75.6562542, 4.7010111], [-75.6562052, 4.7011272], [-75.6561255, 4.7012311], [-75.6560212, 4.7012922], [-75.6559293, 4.7013838], [-75.655896, 4.7015], [-75.6558557, 4.7016405], [-75.6557514, 4.7018849], [-75.6557146, 4.7020194], [-75.6556656, 4.7021355], [-75.6555368, 4.7023494], [-75.6555368, 4.7024777], [-75.6554632, 4.7025877], [-75.6552364, 4.7027222], [-75.6549359, 4.7029605], [-75.6548501, 4.7030583], [-75.6547765, 4.7033272], [-75.6546477, 4.7035533], [-75.6545987, 4.7036694], [-75.6545864, 4.7039261], [-75.6545312, 4.7041827], [-75.6545303, 4.7042973], [-75.6545251, 4.7049344], [-75.6544883, 4.7050566], [-75.6542798, 4.7052033], [-75.6537341, 4.7057777], [-75.6535881, 4.705889], [-75.6534214, 4.7060161], [-75.6531209, 4.7062972], [-75.6528695, 4.7064011], [-75.652753, 4.7064255], [-75.6525077, 4.7064316], [-75.6523912, 4.7064622], [-75.6523265, 4.7065015], [-75.6519681, 4.7067189], [-75.651778, 4.70689], [-75.6516983, 4.7069327], [-75.6516125, 4.7070366], [-75.6515082, 4.7071161], [-75.6513917, 4.7071772], [-75.651319, 4.7071981], [-75.6511158, 4.7072566], [-75.6509686, 4.707275], [-75.6502942, 4.7074461], [-75.6497852, 4.7077027], [-75.6495277, 4.7077577], [-75.649261, 4.7078419], [-75.6491598, 4.7078738], [-75.649031, 4.7078738], [-75.6487919, 4.7078066], [-75.6486815, 4.7077516], [-75.6480561, 4.7076661], [-75.6477065, 4.70766], [-75.6475778, 4.7076783], [-75.6474613, 4.7077272], [-75.6472283, 4.7077822], [-75.647124, 4.7078433], [-75.647075, 4.7079594], [-75.6470934, 4.7083811], [-75.6471915, 4.7086316], [-75.6471725, 4.7089], [-75.6471547, 4.7091511], [-75.6470014, 4.70953], [-75.6469155, 4.7096216], [-75.646566, 4.7096888], [-75.6464557, 4.70964], [-75.6461123, 4.7093588], [-75.6460326, 4.7092672], [-75.6460142, 4.709145], [-75.6460632, 4.7090166], [-75.6460632, 4.7088883], [-75.6460326, 4.7087722], [-75.6459774, 4.7086622], [-75.6458977, 4.7085705], [-75.6451128, 4.7084727], [-75.6448307, 4.7083383], [-75.644426, 4.7082955], [-75.6443095, 4.7082466], [-75.6440827, 4.7079594], [-75.6437883, 4.7077394], [-75.643678, 4.7077027], [-75.6431935, 4.7076966], [-75.6430832, 4.7076355], [-75.6429421, 4.7074216], [-75.6428992, 4.7073116], [-75.6428134, 4.7068227], [-75.6427643, 4.7067189], [-75.6427499, 4.7066996], [-75.6426233, 4.7065294], [-75.6425252, 4.7064683], [-75.6424025, 4.7064377], [-75.6418691, 4.7064072], [-75.6415686, 4.7062666], [-75.6415073, 4.7061689], [-75.6414889, 4.7060283], [-75.641495, 4.7056616], [-75.6413969, 4.7056005], [-75.641262, 4.7058633], [-75.641072, 4.706065], [-75.6408451, 4.7062055], [-75.640514, 4.7063766], [-75.6403975, 4.7064133], [-75.6400295, 4.7064561], [-75.639913, 4.70645], [-75.6398027, 4.7064011], [-75.639631, 4.70623], [-75.6394041, 4.7059489], [-75.6391588, 4.7055211], [-75.6391282, 4.705405], [-75.6391466, 4.7052889], [-75.6393612, 4.704965], [-75.6393857, 4.7048488], [-75.6392999, 4.7044455], [-75.6391772, 4.7042377], [-75.639122, 4.7039933], [-75.6389994, 4.7037794], [-75.6388216, 4.7036205], [-75.6387357, 4.7035166], [-75.6386622, 4.7033883], [-75.6385518, 4.7033272], [-75.6384353, 4.7033088], [-75.6383249, 4.7033577], [-75.6382145, 4.7034372], [-75.6380861, 4.7035708], [-75.6379386, 4.7037244], [-75.6378589, 4.7038894], [-75.6377547, 4.7040116], [-75.6375584, 4.7041827], [-75.6373745, 4.7040116], [-75.6371476, 4.7039016], [-75.6368533, 4.703865], [-75.636608, 4.7038711], [-75.6364976, 4.70392], [-75.6362769, 4.7040605], [-75.635947, 4.7039943], [-75.6359703, 4.7042988], [-75.6357618, 4.7044211], [-75.6355533, 4.7045738], [-75.6354368, 4.7046044], [-75.6352579, 4.7046177], [-75.6351916, 4.7046227], [-75.6350751, 4.70469], [-75.6348788, 4.7048427], [-75.6347501, 4.7048183], [-75.6346458, 4.704745], [-75.6345723, 4.704635], [-75.6345416, 4.7045188], [-75.6345293, 4.7042866], [-75.6345968, 4.7041827], [-75.6346336, 4.7040666], [-75.6346091, 4.7039505], [-75.6343515, 4.7038772], [-75.6341185, 4.7039688], [-75.6338794, 4.7038894], [-75.6338058, 4.7037916], [-75.6337138, 4.7035777], [-75.6335973, 4.7036083], [-75.6333643, 4.7037061], [-75.6333095, 4.7037198], [-75.6331374, 4.7037305], [-75.6330761, 4.7038527], [-75.6330589, 4.7039465], [-75.6328063, 4.7042988], [-75.63276, 4.7043274], [-75.6326775, 4.7043783], [-75.6325549, 4.7044211], [-75.63242, 4.7044211], [-75.6318804, 4.7043111], [-75.6315983, 4.7042988], [-75.6311017, 4.7042438], [-75.6308748, 4.7041644], [-75.6306295, 4.7041155], [-75.6305253, 4.7040544], [-75.6302861, 4.703975], [-75.6302003, 4.7038711], [-75.6300838, 4.7035288], [-75.6300387, 4.7034804], [-75.6300041, 4.7034433], [-75.6297649, 4.7033455], [-75.6296668, 4.7034311], [-75.6296142, 4.7035351], [-75.6295135, 4.7036083], [-75.6293909, 4.7036327], [-75.6291722, 4.703587], [-75.6288942, 4.7035288], [-75.6284037, 4.7033638], [-75.6282565, 4.7035838], [-75.6282013, 4.7037], [-75.6280603, 4.7040788], [-75.627858, 4.70425], [-75.6269137, 4.7045555], [-75.6258406, 4.7045188], [-75.6244671, 4.7039016], [-75.6236025, 4.7030094], [-75.6228544, 4.7021477], [-75.6220021, 4.7016649], [-75.6216342, 4.7011516], [-75.6214502, 4.7011211], [-75.6211597, 4.7011061], [-75.6210394, 4.7011211], [-75.6209045, 4.7011638], [-75.620696, 4.7013166], [-75.6206531, 4.7014449], [-75.6206347, 4.7015733], [-75.6205734, 4.7016894], [-75.6203404, 4.7017688], [-75.6201564, 4.7015916], [-75.6200951, 4.7014938], [-75.6199725, 4.7014877], [-75.6197211, 4.7015244], [-75.6195866, 4.7015831], [-75.6191324, 4.7017811], [-75.6190098, 4.7017933], [-75.6187461, 4.7018727], [-75.6186051, 4.7018849], [-75.6184886, 4.7018299], [-75.6184027, 4.7017383], [-75.6182924, 4.7015122], [-75.6182495, 4.7012799], [-75.6181084, 4.7010844], [-75.6180287, 4.7009988], [-75.6179245, 4.7009133], [-75.617808, 4.7008644], [-75.6177075, 4.7008574], [-75.6175443, 4.7008461], [-75.6171948, 4.7009622], [-75.617017, 4.7011516], [-75.6169127, 4.7012188], [-75.6167594, 4.7012494], [-75.6164896, 4.7012494], [-75.6162566, 4.7011333], [-75.616134, 4.7011455], [-75.6157906, 4.7012677], [-75.6156496, 4.7012494], [-75.6154104, 4.7011883], [-75.6148892, 4.7011333], [-75.6146501, 4.7011333], [-75.6145397, 4.7012127], [-75.6143251, 4.7015488], [-75.6140063, 4.7019888], [-75.6136935, 4.7024838], [-75.613669, 4.7026183], [-75.613528, 4.7028505], [-75.6134299, 4.70293], [-75.6131969, 4.7030338], [-75.6131172, 4.7031377], [-75.6129761, 4.7035044], [-75.6127869, 4.703514], [-75.6122526, 4.7035411], [-75.6121361, 4.7034983], [-75.6120073, 4.70348], [-75.6117682, 4.7034738], [-75.6116639, 4.703535], [-75.6116639, 4.7039383], [-75.6117007, 4.7040666], [-75.6117804, 4.7041888], [-75.6118724, 4.7044761], [-75.6118724, 4.7046044], [-75.6118295, 4.7047266], [-75.6117559, 4.7048366], [-75.6116394, 4.7049038], [-75.6115014, 4.7048798], [-75.6112531, 4.7048366], [-75.6110569, 4.7046961], [-75.6109404, 4.7046961], [-75.6108177, 4.7047388], [-75.6107809, 4.7048794], [-75.6108791, 4.7049894], [-75.6110139, 4.7050322], [-75.6111059, 4.7051361], [-75.6111059, 4.7052644], [-75.6110378, 4.705485], [-75.6109833, 4.7056616], [-75.6108772, 4.7057918], [-75.6108239, 4.7058572], [-75.6107748, 4.7059794], [-75.6105602, 4.7061016], [-75.6104621, 4.7061872], [-75.6103395, 4.70623], [-75.6102229, 4.7061933], [-75.6100513, 4.7060283], [-75.6096772, 4.7060589], [-75.609573, 4.70612], [-75.6093522, 4.7064622], [-75.6089843, 4.7065905], [-75.6088678, 4.706615], [-75.6087575, 4.7065722], [-75.6086348, 4.7065783], [-75.6084815, 4.70667], [-75.6083834, 4.7065844], [-75.608316, 4.7064866], [-75.6082179, 4.7064133], [-75.6081014, 4.7064133], [-75.6080094, 4.706505], [-75.6079652, 4.7066224], [-75.6079174, 4.7067494], [-75.6079113, 4.7068777], [-75.6078499, 4.7071405], [-75.6077641, 4.7072383], [-75.6076823, 4.7072863], [-75.6075556, 4.7073605], [-75.6074636, 4.7074583], [-75.6073349, 4.7075377], [-75.6071845, 4.70769], [-75.6069608, 4.7079166], [-75.6069118, 4.7080205], [-75.6069057, 4.7081488], [-75.6069792, 4.7082588], [-75.6070896, 4.7083322], [-75.6071693, 4.7084422], [-75.6072122, 4.7085705], [-75.6071509, 4.7086805], [-75.6069608, 4.7088516], [-75.6068811, 4.7089677], [-75.6068689, 4.7090961], [-75.6068321, 4.7092305], [-75.6067524, 4.7093283], [-75.6066972, 4.7094444], [-75.6065807, 4.7094811], [-75.6064642, 4.7094811], [-75.6062557, 4.709365], [-75.6061821, 4.7092733], [-75.6061533, 4.7091847], [-75.6061085, 4.7090472], [-75.6060646, 4.708814], [-75.6060349, 4.7086561], [-75.605951, 4.7084219], [-75.6059123, 4.7083138], [-75.6057958, 4.7082833], [-75.6055751, 4.7084177], [-75.6054586, 4.7084666], [-75.6053298, 4.7084666], [-75.6051213, 4.7083261], [-75.6048944, 4.7082283], [-75.6047779, 4.7082161], [-75.6044345, 4.7083444], [-75.6043363, 4.7084064], [-75.6040737, 4.7086863], [-75.6040657, 4.7086948], [-75.6040145, 4.7087033], [-75.6038732, 4.7087266], [-75.6037998, 4.7084999], [-75.6039348, 4.708096], [-75.6039536, 4.7079094], [-75.6038119, 4.7078848], [-75.6036086, 4.7079907], [-75.6034869, 4.7081627], [-75.6033794, 4.7082134], [-75.603272, 4.7083344], [-75.6032463, 4.7085066], [-75.6030742, 4.7088396], [-75.6028894, 4.7091405], [-75.6027415, 4.7091589], [-75.6026891, 4.70903], [-75.6026891, 4.7085955], [-75.6023435, 4.7085071], [-75.6024322, 4.7081766], [-75.6019792, 4.7076135], [-75.601657, 4.7074366], [-75.601533, 4.7072365], [-75.601094, 4.7071574], [-75.6006644, 4.7071062], [-75.6002908, 4.7072458], [-75.5997957, 4.7071993], [-75.5993568, 4.7072318], [-75.5991326, 4.7070457], [-75.5987497, 4.7064406], [-75.5985348, 4.7061381], [-75.5979418, 4.7056168], [-75.5972739, 4.7055098], [-75.5968256, 4.7053701], [-75.596396, 4.7051281], [-75.5959056, 4.704537], [-75.5956955, 4.7041461], [-75.5955414, 4.7038901], [-75.5951958, 4.7038668], [-75.5947942, 4.7042391], [-75.5944953, 4.704053], [-75.5944626, 4.7036434], [-75.5944579, 4.7032012], [-75.5940376, 4.7031128], [-75.5932998, 4.7031361], [-75.5924685, 4.7031082], [-75.5920155, 4.7033455], [-75.591287, 4.703662], [-75.5897926, 4.7039645], [-75.5890594, 4.7044579], [-75.5889333, 4.7048861], [-75.5878626, 4.7049395], [-75.5875277, 4.7049699], [-75.5872008, 4.7053701], [-75.5868785, 4.7053375], [-75.5865506, 4.7051983], [-75.5863946, 4.7050536], [-75.5862506, 4.7048888], [-75.5861212, 4.7047066], [-75.5860111, 4.7045137], [-75.5859264, 4.7043205], [-75.5858473, 4.7040055], [-75.5857465, 4.7032924], [-75.5857225, 4.7028688], [-75.5856984, 4.7016024], [-75.5855979, 4.7007466], [-75.5855782, 4.7002441], [-75.5853854, 4.7001612], [-75.5851673, 4.7000883], [-75.5847015, 4.6999556], [-75.5842756, 4.6998565], [-75.5838724, 4.6997866], [-75.5832221, 4.6997121], [-75.582026, 4.6994907], [-75.5817021, 4.6994612], [-75.5811984, 4.6994713], [-75.580769, 4.6995062], [-75.5803258, 4.6995708], [-75.5799371, 4.6996598], [-75.5795857, 4.6997744], [-75.579275, 4.6999058], [-75.5784178, 4.700387], [-75.5782816, 4.7004342], [-75.5781489, 4.7004515], [-75.5777304, 4.7004261], [-75.5773372, 4.7003477], [-75.577069, 4.7002537], [-75.5763733, 4.6999488], [-75.576085, 4.6998393], [-75.5758371, 4.6997682], [-75.5755801, 4.6997346], [-75.5753229, 4.6997236], [-75.5749732, 4.6997331], [-75.5740618, 4.6998296], [-75.5730871, 4.6998724], [-75.5718958, 4.6998939], [-75.5707181, 4.699888], [-75.5706623, 4.7000788], [-75.5706221, 4.7002259], [-75.5705497, 4.7003355], [-75.5704182, 4.7004264], [-75.5703163, 4.7003943], [-75.5701661, 4.700405], [-75.5700749, 4.7004397], [-75.5700025, 4.7004264], [-75.5698469, 4.7003569], [-75.5697718, 4.7003435], [-75.5696672, 4.7003408], [-75.5695117, 4.7004344], [-75.5694446, 4.7005146], [-75.5693641, 4.7006055], [-75.5692863, 4.7006937], [-75.5692837, 4.70083], [-75.5692649, 4.7009156], [-75.569104, 4.7010385], [-75.5689243, 4.701092], [-75.5686694, 4.7010759], [-75.5683476, 4.7010546], [-75.5682609, 4.7010583], [-75.5681625, 4.7010626], [-75.5678916, 4.7011535], [-75.5677494, 4.7011882], [-75.5676127, 4.7011962], [-75.5675134, 4.7012791], [-75.5673739, 4.7013326], [-75.5670601, 4.7014021], [-75.5668107, 4.7014716], [-75.5666809, 4.7014776], [-75.566521, 4.7014849], [-75.5659497, 4.7015945], [-75.5656734, 4.7016854], [-75.5655581, 4.7017122], [-75.5653381, 4.7016828], [-75.5651048, 4.7015518], [-75.565019, 4.7014448], [-75.5649143, 4.701239], [-75.5646542, 4.7010278], [-75.5643404, 4.7009075], [-75.5640936, 4.7008755], [-75.563879, 4.7008166], [-75.5635572, 4.7007498], [-75.5632353, 4.7008247], [-75.5625379, 4.7006857], [-75.5618513, 4.7000013], [-75.5609018, 4.6995576], [-75.5607462, 4.6996057], [-75.5605531, 4.6996057], [-75.5603975, 4.6995335], [-75.5602419, 4.6995683], [-75.5601481, 4.6996297], [-75.560014, 4.6996618], [-75.5599389, 4.6996886], [-75.5598235, 4.6997955], [-75.5597484, 4.6999238], [-75.5596653, 4.7000147], [-75.5595607, 4.7000949], [-75.5594607, 4.7001942], [-75.5594163, 4.7002251], [-75.5593278, 4.7002298], [-75.5592254, 4.7002125], [-75.559043, 4.7002018], [-75.5588821, 4.7001617], [-75.5586916, 4.7000788], [-75.5585763, 4.7000815], [-75.5583859, 4.7001403], [-75.5582759, 4.7001724], [-75.5578467, 4.7001644], [-75.5577555, 4.7001664], [-75.5576187, 4.7002018], [-75.5575973, 4.7003622], [-75.5575463, 4.7005734], [-75.557321, 4.7008434], [-75.5571681, 4.700945], [-75.5570823, 4.7010679], [-75.5570072, 4.7011695], [-75.556865, 4.7012657], [-75.5568062, 4.7012965], [-75.5565511, 4.701232], [-75.5558653, 4.701929], [-75.5548314, 4.7021665], [-75.5539133, 4.7025187], [-75.5520727, 4.7025305], [-75.5511509, 4.7023056], [-75.5502283, 4.7019653], [-75.5493073, 4.7018558], [-75.548269, 4.7014008], [-75.5471156, 4.7009465], [-75.5461923, 4.7004907], [-75.5453841, 4.7000342], [-75.5444623, 4.6998093], [-75.543424, 4.6993542], [-75.542615, 4.6987823], [-75.5416925, 4.6984419], [-75.5408842, 4.6979854], [-75.5382353, 4.6975407], [-75.5369684, 4.6973179], [-75.5368534, 4.6973187], [-75.5360451, 4.6968621], [-75.5354648, 4.6960579], [-75.5346551, 4.6953705], [-75.5338469, 4.6949139], [-75.5329243, 4.6945735], [-75.5310822, 4.6943545], [-75.5301604, 4.6941295], [-75.5292393, 4.69402], [-75.528319, 4.6940259], [-75.5275107, 4.6935693], [-75.5257836, 4.6933495], [-75.5236044, 4.6944023], [-75.5218802, 4.6946441], [-75.5208433, 4.6944199], [-75.5200351, 4.6939633], [-75.5192254, 4.6932759], [-75.5176075, 4.6921319], [-75.5167992, 4.6916753], [-75.5158752, 4.6911041], [-75.5142573, 4.6899601], [-75.513792, 4.689155], [-75.5132117, 4.6883507], [-75.5127464, 4.6875456], [-75.51113, 4.6866324], [-75.5102089, 4.6865229], [-75.5092871, 4.6862979], [-75.5084781, 4.6857258], [-75.5076699, 4.6852692], [-75.5068602, 4.6845818], [-75.5061649, 4.6837782], [-75.5052401, 4.6830914], [-75.5044305, 4.682404], [-75.5036201, 4.6816011], [-75.5029247, 4.6807975], [-75.5023444, 4.6799931], [-75.5018607, 4.6794342], [-75.501649, 4.6791895], [-75.5014132, 4.6782675], [-75.5012923, 4.6773448], [-75.5012865, 4.6764214], [-75.5011723, 4.6762239], [-75.5008212, 4.6756163], [-75.5001259, 4.6748127], [-75.4996606, 4.6740076], [-75.4992285, 4.6734086], [-75.4990804, 4.6732032], [-75.4982721, 4.6727466], [-75.4974625, 4.6720591], [-75.4969642, 4.6717067], [-75.4966536, 4.671487], [-75.495959, 4.6707988], [-75.4951464, 4.6696496], [-75.4943382, 4.6691929], [-75.4935293, 4.6686209], [-75.4926075, 4.6683958], [-75.4924705, 4.6682795], [-75.4917978, 4.6677083], [-75.4909889, 4.6671362], [-75.4900664, 4.6667957], [-75.4882257, 4.6668073], [-75.4873032, 4.6664668], [-75.486495, 4.6660102], [-75.4855724, 4.6656697], [-75.4847628, 4.6649822], [-75.4837252, 4.6646424], [-75.4798137, 4.664667], [-75.4788941, 4.6647882], [-75.4780923, 4.6653704], [-75.4774071, 4.6661828], [-75.4766054, 4.666765], [-75.4759194, 4.6674619], [-75.4754643, 4.6682728], [-75.474779, 4.6690852], [-75.4743239, 4.6698961], [-75.4739845, 4.6708217], [-75.4738752, 4.6717459], [-75.473305, 4.6725576], [-75.4726198, 4.67337], [-75.4721646, 4.6741809], [-75.4714787, 4.6748778], [-75.4706769, 4.67546], [-75.4699909, 4.676157], [-75.4691892, 4.6767392], [-75.468619, 4.6775509], [-75.4681646, 4.6784772], [-75.4673628, 4.6790595], [-75.4657579, 4.679993], [-75.4601204, 4.6800284], [-75.4580509, 4.6802723], [-75.4566746, 4.6809736], [-75.4516109, 4.6807744], [-75.4499951, 4.6799765], [-75.4482686, 4.6798718], [-75.4465435, 4.679998], [-75.4447004, 4.6804726], [-75.4437866, 4.6807079], [-75.4421815, 4.6816415], [-75.4410367, 4.6825722], [-75.4399022, 4.6851652], [-75.4390091, 4.6895576], [-75.4385718, 4.6932545], [-75.4385861, 4.6955633], [-75.4367546, 4.6970755], [-75.4339982, 4.6979009], [-75.4321551, 4.6975661], [-75.4293822, 4.6957363], [-75.4268417, 4.6942514], [-75.4248849, 4.6941482], [-75.4227045, 4.6950854], [-75.4214468, 4.6963631], [-75.4211837, 4.6964309], [-75.4205277, 4.6965998], [-75.4196079, 4.6967209], [-75.4188054, 4.6971877], [-75.4183701, 4.6972451], [-75.4178856, 4.6973089], [-75.4169651, 4.6973147], [-75.4160454, 4.6974358], [-75.4150112, 4.6976732], [-75.413747, 4.6979119], [-75.4127136, 4.6982647], [-75.4113414, 4.6996586], [-75.4105396, 4.7002409], [-75.4100843, 4.7010518], [-75.409514, 4.7018635], [-75.4090588, 4.7026745], [-75.4086099, 4.7045244], [-75.4085006, 4.7054487], [-75.4085178, 4.7082193], [-75.4082934, 4.7091443], [-75.4074922, 4.709842], [-75.4066896, 4.7103088], [-75.4033528, 4.7103296], [-75.40232, 4.7107978], [-75.4014024, 4.7112653], [-75.4006012, 4.711963], [-75.4001459, 4.712774], [-75.3994598, 4.713471], [-75.3985407, 4.7137076], [-75.3982006, 4.7140531], [-75.3978546, 4.7144046], [-75.397052, 4.7148714], [-75.3960186, 4.7152241], [-75.3954482, 4.7160358], [-75.3946456, 4.7165027], [-75.3930927, 4.7165123], [-75.3914458, 4.7165226], [-75.3899278, 4.716532], [-75.3891597, 4.7160274], [-75.3886449, 4.7157409], [-75.3882802, 4.7172485], [-75.3880315, 4.7187847], [-75.3880187, 4.7188321], [-75.3874847, 4.7196389], [-75.3874111, 4.7199217], [-75.3869283, 4.7205846], [-75.386188, 4.721301], [-75.3854692, 4.7222633], [-75.3846109, 4.7232791], [-75.3841603, 4.7242842], [-75.3836238, 4.725193], [-75.382905, 4.7259094], [-75.3825484, 4.7261325], [-75.3817785, 4.7267755], [-75.3814137, 4.7272566], [-75.3806305, 4.7280372], [-75.3799439, 4.7285076], [-75.3789997, 4.7291706], [-75.3780306, 4.7295797], [-75.3776908, 4.7298549], [-75.3776908, 4.7301649], [-75.3781694, 4.7305423], [-75.3793109, 4.7320147], [-75.3797722, 4.7330305], [-75.3805769, 4.7335437], [-75.3820152, 4.7342488], [-75.3825832, 4.7345274], [-75.383184, 4.7351368], [-75.3838009, 4.7360336], [-75.3839457, 4.7369331], [-75.383656, 4.7378527], [-75.3835166, 4.7385049], [-75.3834307, 4.7389967], [-75.3839243, 4.7401836], [-75.3844822, 4.7410603], [-75.3848362, 4.7416911], [-75.3849006, 4.7420226], [-75.3852224, 4.7426534], [-75.3860271, 4.7439044], [-75.386188, 4.7445887], [-75.3862739, 4.7452195], [-75.3867245, 4.7458397], [-75.3873575, 4.7459787], [-75.3880334, 4.746246], [-75.3883231, 4.7464705], [-75.387851, 4.7471548], [-75.3874594, 4.7476252], [-75.3872448, 4.747807], [-75.3863597, 4.7481385], [-75.3858876, 4.7486731], [-75.3856087, 4.7495498], [-75.3855765, 4.7501913], [-75.3854907, 4.7507045], [-75.3855658, 4.7514637], [-75.3862631, 4.7520303], [-75.3863168, 4.7522976], [-75.3860808, 4.7525756], [-75.3856945, 4.7529285], [-75.3855765, 4.7530675], [-75.3850722, 4.7536128], [-75.3847826, 4.7544788], [-75.3847826, 4.7550348], [-75.384804, 4.7558153], [-75.3845251, 4.7563927], [-75.383935, 4.7571411], [-75.3834415, 4.7580927], [-75.3831947, 4.7588518], [-75.382905, 4.7592581], [-75.382669, 4.759504], [-75.3820896, 4.7598568], [-75.3813171, 4.7601562], [-75.3808236, 4.760231], [-75.3805661, 4.7603807], [-75.3802443, 4.760648], [-75.3799546, 4.7609153], [-75.3797829, 4.7614392], [-75.3796864, 4.7620059], [-75.3796113, 4.7625084], [-75.37974, 4.7629895], [-75.3801155, 4.7635348], [-75.3799224, 4.7639304], [-75.3797293, 4.7645398], [-75.3797615, 4.7651172], [-75.3797293, 4.7658228], [-75.3796971, 4.7662719], [-75.3795254, 4.7671165], [-75.3794074, 4.7677046], [-75.3790319, 4.7682178], [-75.3786993, 4.7686454], [-75.3782809, 4.7691159], [-75.3780985, 4.7693404], [-75.3780127, 4.7696184], [-75.3782165, 4.770014], [-75.378356, 4.7703668], [-75.3787422, 4.7707731], [-75.3796864, 4.7710725], [-75.3798366, 4.7715001], [-75.3799009, 4.7721737], [-75.3798795, 4.7730397], [-75.3797078, 4.7734567], [-75.3795683, 4.774002], [-75.3796005, 4.7745793], [-75.3797078, 4.7751246], [-75.3798902, 4.7756164], [-75.3800941, 4.7761296], [-75.3801353, 4.7765098], [-75.3799546, 4.7768566], [-75.3795576, 4.7773591], [-75.3791285, 4.7777654], [-75.378753, 4.7783107], [-75.3783774, 4.7788666], [-75.3781951, 4.7792301], [-75.3780556, 4.779722], [-75.3777015, 4.7803207], [-75.3774333, 4.7814861], [-75.3771651, 4.7829829], [-75.3768861, 4.7842979], [-75.3766394, 4.7858696], [-75.3765321, 4.7870028], [-75.3762531, 4.7880185], [-75.3762531, 4.7885852], [-75.3762531, 4.7889059], [-75.3763926, 4.7896115], [-75.3767359, 4.7903599], [-75.3770685, 4.791258], [-75.377366, 4.7915878], [-75.3775189, 4.7920293], [-75.3775084, 4.7932466], [-75.3775191, 4.7940271], [-75.3771544, 4.7947648], [-75.3768003, 4.7958553], [-75.3763604, 4.7980577], [-75.3762746, 4.7983998], [-75.3761888, 4.7996079], [-75.3759098, 4.8003777], [-75.3757274, 4.8013506], [-75.375545, 4.8017194], [-75.3754896, 4.8022328], [-75.3755001, 4.8025005], [-75.376389, 4.8018861], [-75.3800318, 4.7993526], [-75.3838341, 4.79822], [-75.3868273, 4.796238], [-75.3878386, 4.7944582], [-75.3885262, 4.7936088], [-75.3889214, 4.7932111], [-75.3895421, 4.7929369], [-75.3901233, 4.7926013], [-75.390636, 4.7922305], [-75.3909653, 4.7918784], [-75.3911711, 4.7915486], [-75.3914279, 4.7909896], [-75.3917555, 4.7897848], [-75.391945, 4.7893163], [-75.39223, 4.7888226], [-75.3926814, 4.7883175], [-75.3935712, 4.7875988], [-75.394669, 4.7868999], [-75.3953155, 4.786588], [-75.3953575, 4.7865677], [-75.3960129, 4.7863867], [-75.396873, 4.7863371], [-75.3974571, 4.7863796], [-75.3981264, 4.7865818], [-75.3985479, 4.7868176], [-75.3986834, 4.7868792], [-75.3991108, 4.7872785], [-75.3997508, 4.7880101], [-75.4004291, 4.7885601], [-75.4016009, 4.7893931], [-75.4021556, 4.7898425], [-75.402619, 4.7903038], [-75.4031099, 4.790904], [-75.4039311, 4.7920397], [-75.4045025, 4.7926359], [-75.4051078, 4.7930226], [-75.4059245, 4.793329], [-75.4059908, 4.7933348], [-75.406037, 4.7933335], [-75.4060793, 4.7932773], [-75.4061631, 4.7931951], [-75.4061846, 4.7931971], [-75.4063683, 4.7933], [-75.4064528, 4.7933121], [-75.4065319, 4.7932847], [-75.4066291, 4.7932646], [-75.4067143, 4.7932887], [-75.4067887, 4.7933194], [-75.4068712, 4.793294], [-75.4069477, 4.7932132], [-75.407002, 4.7931971], [-75.4071817, 4.7932526], [-75.4072353, 4.7932533], [-75.4073265, 4.793268], [-75.4074258, 4.793284], [-75.4075277, 4.7933161], [-75.4077262, 4.7934123], [-75.4077941, 4.7933951], [-75.407863, 4.7933776], [-75.4079247, 4.7932894], [-75.4080507, 4.7931156], [-75.4081526, 4.7929633], [-75.408268, 4.7926906], [-75.4083779, 4.7925864], [-75.4086006, 4.7924741], [-75.4089037, 4.792287], [-75.4091129, 4.7920919], [-75.4092497, 4.791985], [-75.4095549, 4.791685], [-75.4098532, 4.7914531], [-75.4100463, 4.7912767], [-75.4101992, 4.7911163], [-75.4104245, 4.7909159], [-75.4106337, 4.7907903], [-75.4107571, 4.7907127], [-75.4108804, 4.7905898], [-75.4109904, 4.7904989], [-75.4111218, 4.7903813], [-75.4112425, 4.7903065], [-75.4113418, 4.7902263], [-75.4114008, 4.7901434], [-75.4114813, 4.7900659], [-75.4115564, 4.7899991], [-75.4116315, 4.789951], [-75.4116878, 4.7898735], [-75.4117066, 4.7897826], [-75.41172, 4.7897185], [-75.4117548, 4.7896329], [-75.4118165, 4.7895688], [-75.411897, 4.7894806], [-75.4119775, 4.789379], [-75.4120231, 4.7892507], [-75.4120204, 4.7891545], [-75.4119989, 4.789089], [-75.411952, 4.7890101], [-75.4119506, 4.788966], [-75.4118662, 4.7889326], [-75.4118299, 4.7889086], [-75.4118058, 4.7888752], [-75.4117857, 4.788807], [-75.4117817, 4.7887389], [-75.414362, 4.7798075], [-75.4172588, 4.7765359], [-75.4201555, 4.7735609], [-75.4207215, 4.7732509], [-75.4208247, 4.7732028], [-75.4208422, 4.7731921], [-75.4209052, 4.7731573], [-75.4209454, 4.7731306], [-75.4209629, 4.7730852], [-75.420991, 4.7730838], [-75.4210849, 4.773021], [-75.4211774, 4.7729649], [-75.4212968, 4.7728673], [-75.4214336, 4.7727898], [-75.4218105, 4.7726468], [-75.4219741, 4.7725987], [-75.4221833, 4.7725319], [-75.422245, 4.7725025], [-75.4223496, 4.7724624], [-75.4225212, 4.7723528], [-75.4226446, 4.7722726], [-75.422717, 4.7721844], [-75.4227465, 4.7721202], [-75.4228029, 4.7720828], [-75.4228807, 4.7720828], [-75.4229397, 4.7720668], [-75.4229987, 4.7719973], [-75.4230604, 4.7718984], [-75.4231006, 4.771877], [-75.4232642, 4.7717995], [-75.4233286, 4.771746], [-75.4233983, 4.7717674], [-75.4235083, 4.7717434], [-75.4237014, 4.7716151], [-75.4239079, 4.7714413], [-75.4241091, 4.7713344], [-75.4242459, 4.7712435], [-75.4243532, 4.7711633], [-75.4244283, 4.7710698], [-75.4244215, 4.7709782], [-75.4244654, 4.7709225], [-75.4245519, 4.7708089], [-75.4246385, 4.7707346], [-75.4247729, 4.7707276], [-75.4248521, 4.7707677], [-75.4249781, 4.7708292], [-75.4251176, 4.7708319], [-75.4253235, 4.770751], [-75.4253798, 4.7707116], [-75.4254127, 4.7706528], [-75.4254878, 4.7705432], [-75.4255924, 4.7704096], [-75.4256728, 4.770292], [-75.4257318, 4.7701824], [-75.4257292, 4.7700888], [-75.4257399, 4.7699685], [-75.4258311, 4.7698696], [-75.4259786, 4.7698215], [-75.4260778, 4.7697654], [-75.4261932, 4.7696799], [-75.4262817, 4.7696291], [-75.4263729, 4.7695542], [-75.4264292, 4.769466], [-75.4264721, 4.7693457], [-75.4264802, 4.7692442], [-75.4265097, 4.7691266], [-75.4266076, 4.7690798], [-75.4266827, 4.7690785], [-75.4267578, 4.7690637], [-75.426853, 4.769041], [-75.4269603, 4.7689969], [-75.427018, 4.7689528], [-75.42714, 4.7688352], [-75.4272312, 4.7687898], [-75.4273814, 4.7687283], [-75.4274672, 4.7686187], [-75.4275289, 4.7685412], [-75.4276469, 4.7684958], [-75.4277757, 4.7684236], [-75.4278561, 4.7683888], [-75.4278964, 4.7683554], [-75.4279299, 4.7683167], [-75.4279634, 4.7682659], [-75.4280788, 4.7682472], [-75.4282075, 4.7682338], [-75.4283094, 4.7682231], [-75.4284167, 4.768191], [-75.4286608, 4.768167], [-75.4290149, 4.7680414], [-75.4293528, 4.767897], [-75.4296586, 4.767603], [-75.4300019, 4.767194], [-75.4301575, 4.7669749], [-75.43071, 4.7666621], [-75.4308542, 4.7665905], [-75.4309407, 4.7664911], [-75.4311392, 4.7663895], [-75.431288, 4.7663881], [-75.4313926, 4.7663253], [-75.4314248, 4.7661757], [-75.4314208, 4.7660046], [-75.4316193, 4.7658362], [-75.4318821, 4.7656999], [-75.4320994, 4.765478], [-75.4323623, 4.7653871], [-75.4327622, 4.7652449], [-75.432822, 4.7652325], [-75.4328437, 4.7652166], [-75.4328487, 4.7651948], [-75.4328642, 4.7651497], [-75.4329369, 4.7651178], [-75.4329959, 4.7650043], [-75.4330802, 4.7649084], [-75.4331041, 4.7648437], [-75.4331508, 4.7648017], [-75.4333273, 4.7647692], [-75.4334163, 4.764713], [-75.4334889, 4.7646413], [-75.433649, 4.7645271], [-75.4337136, 4.764455], [-75.4338174, 4.7643921], [-75.4338542, 4.7643929], [-75.4338979, 4.7643808], [-75.4339151, 4.7643617], [-75.4339235, 4.764339], [-75.4339261, 4.764294], [-75.4339474, 4.7642719], [-75.4339921, 4.7642504], [-75.4340671, 4.7642203], [-75.4341162, 4.7641838], [-75.4342148, 4.7641332], [-75.4343052, 4.764068], [-75.4343899, 4.7639964], [-75.4344915, 4.7639248], [-75.434633, 4.7638387], [-75.4347498, 4.7637505], [-75.4347566, 4.763714], [-75.4347705, 4.7636909], [-75.4347754, 4.7636626], [-75.4347973, 4.763637], [-75.434864, 4.763589], [-75.4349233, 4.7634991], [-75.4349762, 4.7634673], [-75.4352081, 4.7632515], [-75.4353395, 4.7631098], [-75.4355648, 4.7629334], [-75.4356828, 4.7628371], [-75.4359269, 4.7626875], [-75.4360744, 4.7625511], [-75.4363024, 4.7623801], [-75.4365411, 4.7621021], [-75.436753, 4.7618268], [-75.4369757, 4.7615862], [-75.4371621, 4.7613871], [-75.4372144, 4.7613323], [-75.437272, 4.7613243], [-75.437323, 4.7613176], [-75.4373431, 4.7612668], [-75.4373713, 4.761216], [-75.4374531, 4.7611291], [-75.4375765, 4.7610062], [-75.4376529, 4.760922], [-75.4379922, 4.7605277], [-75.4380673, 4.7601482], [-75.4384455, 4.7597312], [-75.43888, 4.7592019], [-75.4390436, 4.7590629], [-75.4391751, 4.758948], [-75.4392689, 4.7588037], [-75.4394031, 4.7586326], [-75.439513, 4.7585096], [-75.4400119, 4.757975], [-75.4401594, 4.7578387], [-75.4402694, 4.7576783], [-75.4404357, 4.7572988], [-75.4405645, 4.7571491], [-75.4408059, 4.7567642], [-75.4408944, 4.756553], [-75.4409856, 4.7563151], [-75.441058, 4.7561922], [-75.4411572, 4.7560612], [-75.4412967, 4.7560024], [-75.4415032, 4.7559249], [-75.4416266, 4.7558233], [-75.4417205, 4.7556897], [-75.4419163, 4.7553555], [-75.4420745, 4.7551818], [-75.4422918, 4.7550321], [-75.4424259, 4.7549225], [-75.4426727, 4.7548664], [-75.4428282, 4.7547033], [-75.443067, 4.75442], [-75.4432654, 4.7541821], [-75.4435149, 4.7539656], [-75.4436383, 4.7536956], [-75.443885, 4.7534657], [-75.4441747, 4.7531396], [-75.4443812, 4.7528857], [-75.4445288, 4.7527868], [-75.4448345, 4.7526104], [-75.4452369, 4.7522843], [-75.4454756, 4.7520437], [-75.445608, 4.7517639], [-75.4459798, 4.7512899], [-75.4461595, 4.7509986], [-75.4463044, 4.7507607], [-75.4465055, 4.7504613], [-75.4466558, 4.750333], [-75.4467697, 4.7501432], [-75.4468596, 4.7500363], [-75.4469253, 4.7499561], [-75.4470058, 4.7499374], [-75.4470943, 4.7499628], [-75.4472177, 4.7499427], [-75.4472619, 4.7498866], [-75.4473183, 4.749793], [-75.4473397, 4.7496514], [-75.4473424, 4.7495311], [-75.4473116, 4.7494014], [-75.4472807, 4.7492638], [-75.4472807, 4.7490954], [-75.4470983, 4.7488027], [-75.4470527, 4.7484913], [-75.4470527, 4.7483389], [-75.4471788, 4.7479914], [-75.4473612, 4.7476734], [-75.4474658, 4.7474141], [-75.4475141, 4.7471976], [-75.4475945, 4.7470238], [-75.4476482, 4.7469463], [-75.4477072, 4.7468153], [-75.4477099, 4.7466122], [-75.4476572, 4.7463729], [-75.4489784, 4.7426332], [-75.4491496, 4.7408409], [-75.4495747, 4.739532], [-75.4506192, 4.7379801], [-75.4519753, 4.7368055], [-75.4551004, 4.7341572], [-75.4557158, 4.7340508], [-75.4569622, 4.7338353], [-75.458882, 4.7341698], [-75.4599397, 4.7344861], [-75.4620679, 4.7345691], [-75.4622304, 4.7345155], [-75.4652926, 4.7333854], [-75.4661853, 4.7328503], [-75.4678684, 4.7308042], [-75.4689532, 4.7276313], [-75.4687563, 4.7263897], [-75.4685079, 4.7256032], [-75.468446, 4.725348], [-75.4684299, 4.7252465], [-75.4684541, 4.7251502], [-75.4685399, 4.7250647], [-75.4686472, 4.7248909], [-75.4686257, 4.7248348], [-75.468607, 4.7247653], [-75.4686425, 4.7247101], [-75.4687314, 4.7245985], [-75.4686713, 4.7245087], [-75.4685372, 4.7244232], [-75.4684943, 4.7242975], [-75.4685935, 4.7241692], [-75.4687893, 4.7240168], [-75.4688698, 4.7238404], [-75.4688162, 4.7236159], [-75.4687893, 4.7233165], [-75.4687196, 4.7229797], [-75.4686338, 4.7226429], [-75.4685104, 4.7221083], [-75.4685211, 4.7215175], [-75.4685158, 4.7212047], [-75.4684889, 4.7207851], [-75.4685962, 4.7205899], [-75.4690629, 4.7200927], [-75.4692668, 4.7199805], [-75.4698783, 4.7199003], [-75.4701465, 4.7199163], [-75.470565, 4.7200072], [-75.4712194, 4.7200179], [-75.4714233, 4.7199965], [-75.4716539, 4.7199858], [-75.4717746, 4.7199511], [-75.4718256, 4.7199377], [-75.4719544, 4.7199617], [-75.4720737, 4.7199297], [-75.4721281, 4.7199124], [-75.4721703, 4.7198989], [-75.4723567, 4.7198709], [-75.4724492, 4.7198789], [-75.4725297, 4.7199043], [-75.4725766, 4.719939], [-75.4726222, 4.7200406], [-75.4726692, 4.7201422], [-75.4727054, 4.7202424], [-75.4727617, 4.7203239], [-75.4728609, 4.7203627], [-75.4730259, 4.7203854], [-75.4732056, 4.72036], [-75.4733531, 4.7203213], [-75.4735583, 4.7202758], [-75.4737957, 4.720221], [-75.4739298, 4.7201555], [-75.4740465, 4.7200526], [-75.4741779, 4.7200032], [-75.4743013, 4.7199644], [-75.474434, 4.7199363], [-75.4745561, 4.7198949], [-75.4746459, 4.7198521], [-75.4747304, 4.7197893], [-75.4749356, 4.7196396], [-75.4750603, 4.7195394], [-75.4751489, 4.7194231], [-75.4752508, 4.7192868], [-75.4753165, 4.7192066], [-75.4754305, 4.7191304], [-75.4755928, 4.7190743], [-75.4756974, 4.7190409], [-75.475802, 4.7189994], [-75.4758891, 4.7189633], [-75.4760518, 4.7188718], [-75.4761131, 4.7188564], [-75.4761815, 4.718811], [-75.476274, 4.7187054], [-75.476329, 4.7186279], [-75.47638, 4.7185784], [-75.4764712, 4.7185116], [-75.4765637, 4.7184822], [-75.4766764, 4.7184701], [-75.4767984, 4.7184701], [-75.4768621, 4.7184728], [-75.4769171, 4.7184875], [-75.4769728, 4.7185109], [-75.4770291, 4.7185356], [-75.477068, 4.7185443], [-75.4771189, 4.718543], [-75.4772075, 4.718541], [-75.4773087, 4.7185062], [-75.4773556, 4.7184701], [-75.4774442, 4.7183913], [-75.477536, 4.7183124], [-75.4775883, 4.7182536], [-75.477646, 4.7181895], [-75.4777063, 4.7181146], [-75.4778472, 4.717993], [-75.4778941, 4.7179502], [-75.4779692, 4.717874], [-75.4781342, 4.7177537], [-75.4783286, 4.7176749], [-75.4785097, 4.7176161], [-75.4786384, 4.7175907], [-75.4788101, 4.7175239], [-75.4789549, 4.7175025], [-75.4791386, 4.7174931], [-75.4792486, 4.7174798], [-75.4793733, 4.7174356], [-75.4794069, 4.7173875], [-75.4794095, 4.7173327], [-75.4794323, 4.7172392], [-75.4794511, 4.717183], [-75.4795262, 4.7171376], [-75.479604, 4.7171135], [-75.4796751, 4.7170962], [-75.4798977, 4.7170387], [-75.4800466, 4.7170079], [-75.4800801, 4.7169986], [-75.48017, 4.7170079], [-75.4802451, 4.7170414], [-75.4803309, 4.7170668], [-75.4803778, 4.7170721], [-75.4804207, 4.7170547], [-75.4804569, 4.7170293], [-75.4804945, 4.7169866], [-75.4805481, 4.716905], [-75.4806098, 4.7168382], [-75.4807158, 4.7167861], [-75.4807802, 4.7167847], [-75.4808125, 4.7168024], [-75.4808606, 4.7168288], [-75.4809505, 4.716897], [-75.4810162, 4.7169264], [-75.4810913, 4.7169438], [-75.4811758, 4.7169438], [-75.481267, 4.7169184], [-75.481393, 4.7169024], [-75.4815419, 4.7169384], [-75.4816452, 4.7169772], [-75.4817954, 4.7169973], [-75.4819161, 4.7169973], [-75.482069, 4.7170387], [-75.4821481, 4.7170908], [-75.4822661, 4.7171456], [-75.4824699, 4.7171951], [-75.4825249, 4.7171911], [-75.4826644, 4.7171764], [-75.4827221, 4.717175], [-75.4827985, 4.7171977], [-75.4828803, 4.7172552], [-75.4829621, 4.7173047], [-75.4830734, 4.7173501], [-75.4831526, 4.7173514], [-75.4832277, 4.7173274], [-75.4833175, 4.7173007], [-75.4833779, 4.7172632], [-75.4834744, 4.7172071], [-75.4835562, 4.717167], [-75.4836595, 4.7171376], [-75.4837909, 4.717155], [-75.4838821, 4.7171977], [-75.4839546, 4.7172017], [-75.4840243, 4.7171897], [-75.4841651, 4.7171363], [-75.4843153, 4.7170654], [-75.4844078, 4.7170053], [-75.4844843, 4.7169304], [-75.484558, 4.7168342], [-75.4846385, 4.7167286], [-75.4847391, 4.7166604], [-75.4848611, 4.7166203], [-75.4850013, 4.7165375], [-75.4850918, 4.7164713], [-75.4851924, 4.7164372], [-75.4853319, 4.7163971], [-75.4854485, 4.7163731], [-75.4855565, 4.7163504], [-75.4856692, 4.716339], [-75.4857543, 4.7163156], [-75.4858831, 4.7163036], [-75.4859635, 4.7163036], [-75.486042, 4.7163036], [-75.486101, 4.7162869], [-75.4861747, 4.7162408], [-75.4862411, 4.7161893], [-75.4863149, 4.7161465], [-75.4863618, 4.7161018], [-75.4863933, 4.7160617], [-75.4864289, 4.7159768], [-75.4864631, 4.7159113], [-75.4865087, 4.7158485], [-75.4865489, 4.7158024], [-75.4866093, 4.7156961], [-75.486618, 4.7156696], [-75.4866535, 4.7155618], [-75.4866535, 4.715517], [-75.4866515, 4.7154415], [-75.4866153, 4.7153359], [-75.4865751, 4.7152437], [-75.4865643, 4.7151702], [-75.4865643, 4.7150753], [-75.4865771, 4.7149369], [-75.4865828, 4.7148755], [-75.4865979, 4.7148193], [-75.4866099, 4.7147806], [-75.4866165, 4.7147361], [-75.4866185, 4.7147111], [-75.4866104, 4.7146771], [-75.4866012, 4.7146496], [-75.4865948, 4.7146411], [-75.4865821, 4.7146145], [-75.4865375, 4.7144711], [-75.4865, 4.7143228], [-75.4865026, 4.7142052], [-75.4865415, 4.7140368], [-75.4866461, 4.713851], [-75.4867011, 4.7137788], [-75.4867709, 4.7136986], [-75.486858, 4.7135703], [-75.4869694, 4.7134513], [-75.4870538, 4.7134126], [-75.4871558, 4.7133685], [-75.4873006, 4.7133123], [-75.4873972, 4.7132656], [-75.4874441, 4.7132174], [-75.4874763, 4.713152], [-75.4874897, 4.713025], [-75.4875098, 4.712906], [-75.4875246, 4.712755], [-75.4875514, 4.7126441], [-75.4875635, 4.7125959], [-75.4875916, 4.7125425], [-75.4876359, 4.7124823], [-75.4877244, 4.7124195], [-75.4877754, 4.7123928], [-75.4878156, 4.7123901], [-75.4878907, 4.7123968], [-75.4879349, 4.7124168], [-75.4879873, 4.7124249], [-75.4880355, 4.7124168], [-75.4880677, 4.7123794], [-75.4880932, 4.7123219], [-75.4881039, 4.7122377], [-75.4881334, 4.7121509], [-75.4882367, 4.7120626], [-75.4883654, 4.7120306], [-75.4885827, 4.7120078], [-75.4887436, 4.7119851], [-75.4888952, 4.7120038], [-75.4890387, 4.7120239], [-75.4891527, 4.7120132], [-75.4892492, 4.7119811], [-75.4893257, 4.7119343], [-75.4893713, 4.7118702], [-75.4893927, 4.7117927], [-75.4893793, 4.711667], [-75.4893968, 4.7115521], [-75.4894397, 4.7114772], [-75.4895711, 4.7114331], [-75.4897092, 4.7114077], [-75.4898661, 4.7113837], [-75.4899694, 4.7113556], [-75.4900526, 4.7113102], [-75.4901384, 4.711242], [-75.4902014, 4.7111391], [-75.4902121, 4.7110415], [-75.4902497, 4.7108584], [-75.4902832, 4.7107702], [-75.4903382, 4.710694], [-75.4904133, 4.7106512], [-75.4904589, 4.7106272], [-75.4905099, 4.7106098], [-75.4905769, 4.7106085], [-75.4906373, 4.7106004], [-75.4906869, 4.7105831], [-75.4907392, 4.710551], [-75.4908156, 4.7104641], [-75.490939, 4.7103705], [-75.4910383, 4.7103198], [-75.4911388, 4.7102462], [-75.4912944, 4.7101447], [-75.4913896, 4.7101072], [-75.4914433, 4.7100578], [-75.491517, 4.709995], [-75.4917316, 4.7099094], [-75.4918724, 4.7098453], [-75.4920617, 4.7097525], [-75.4921648, 4.7097183], [-75.4922882, 4.7096515], [-75.4923807, 4.7095699], [-75.4924196, 4.7095218], [-75.4924545, 4.709447], [-75.4925148, 4.7093561], [-75.4925872, 4.7092959], [-75.4926838, 4.7092558], [-75.4928018, 4.7092438], [-75.4929037, 4.7092198], [-75.4929681, 4.709201], [-75.4930392, 4.7091783], [-75.4931036, 4.7091476], [-75.4931438, 4.7091035], [-75.4931827, 4.709038], [-75.4932202, 4.708927], [-75.493294, 4.7088134], [-75.4934107, 4.7087439], [-75.4936534, 4.7087185], [-75.4937741, 4.7087386], [-75.4939619, 4.7087533], [-75.4941081, 4.7087533], [-75.4942288, 4.7087533], [-75.4943173, 4.7087399], [-75.4943669, 4.7087052], [-75.4944031, 4.7086611], [-75.494446, 4.7086009], [-75.4945466, 4.7084739], [-75.494611, 4.7084245], [-75.4947974, 4.7083577], [-75.4950696, 4.7082815], [-75.4953231, 4.708204], [-75.4954183, 4.7081612], [-75.4954746, 4.7081117], [-75.4955256, 4.7080275], [-75.4956396, 4.7079219], [-75.4957898, 4.7078524], [-75.4959185, 4.7078003], [-75.4960674, 4.7077161], [-75.4962377, 4.70766], [-75.4963531, 4.7075945], [-75.4964952, 4.7075103], [-75.4966186, 4.7074969], [-75.4966977, 4.7075143], [-75.4967688, 4.7075718], [-75.4968694, 4.7075624], [-75.4969566, 4.7075263], [-75.4970048, 4.7074728], [-75.4971027, 4.707418], [-75.4972382, 4.7074114], [-75.4974715, 4.7073419], [-75.4976016, 4.707259], [-75.49778, 4.7071574], [-75.4978564, 4.7070986], [-75.4979396, 4.7069997], [-75.4980992, 4.7068246], [-75.4981837, 4.7067404], [-75.4982615, 4.7066803], [-75.4983634, 4.706576], [-75.4985659, 4.7064798], [-75.498637, 4.7064316], [-75.4986879, 4.7063688], [-75.4987161, 4.7062967], [-75.4987657, 4.7062378], [-75.4989012, 4.706175], [-75.4990849, 4.7061015], [-75.4991747, 4.7060868], [-75.4992525, 4.7060868], [-75.4993384, 4.7060694], [-75.4994349, 4.7060561], [-75.4995422, 4.7060227], [-75.4996093, 4.7059866], [-75.4997233, 4.7058917], [-75.4997849, 4.7058222], [-75.4998131, 4.7057487], [-75.4998305, 4.7056618], [-75.4998507, 4.7055722], [-75.4998641, 4.7054787], [-75.4998909, 4.7052942], [-75.499911, 4.7051993], [-75.499966, 4.705071], [-75.5000223, 4.7049734], [-75.5000766, 4.7049019], [-75.5001584, 4.7048505], [-75.5002382, 4.7048191], [-75.500314, 4.7048171], [-75.5003985, 4.7048291], [-75.5004709, 4.7048518], [-75.5005259, 4.7049019], [-75.5006285, 4.7049801], [-75.5007157, 4.7050142], [-75.5007908, 4.7050336], [-75.5008404, 4.7050282], [-75.5009229, 4.7049795], [-75.500949, 4.704946], [-75.5009725, 4.7048825], [-75.5009919, 4.7048231], [-75.5010161, 4.7047556], [-75.5010489, 4.7046968], [-75.5010952, 4.7046473], [-75.5011596, 4.7046359], [-75.5012293, 4.7046386], [-75.5012937, 4.704642], [-75.5013594, 4.7046654], [-75.5013661, 4.7046667], [-75.5014612, 4.7046953], [-75.5015291, 4.7047141], [-75.501643, 4.7047248], [-75.5017651, 4.7047088], [-75.501816, 4.7046827], [-75.5018804, 4.7046486], [-75.5019555, 4.7046226], [-75.5020192, 4.7045972], [-75.5020528, 4.7045858], [-75.5021359, 4.7045858], [-75.5022687, 4.7046273], [-75.5023907, 4.7046714], [-75.5025543, 4.7047275], [-75.5027179, 4.7047877], [-75.5028883, 4.7048986], [-75.5030318, 4.7049908], [-75.5032946, 4.7051779], [-75.5035655, 4.7053931], [-75.5037546, 4.7055388], [-75.5039799, 4.7056952], [-75.5041087, 4.705766], [-75.5042374, 4.7057861], [-75.5044319, 4.7058008], [-75.5046478, 4.7057847], [-75.504743, 4.7057741], [-75.5049214, 4.7056872], [-75.5050099, 4.7055976], [-75.5050957, 4.7055067], [-75.5052365, 4.7053851], [-75.5053398, 4.705353], [-75.5054726, 4.7053517], [-75.5055825, 4.705353], [-75.5057247, 4.7053838], [-75.5059272, 4.705468], [-75.5060935, 4.7055228], [-75.5062397, 4.7055241], [-75.5064636, 4.7055428], [-75.5066434, 4.7055589], [-75.5067694, 4.7055802], [-75.5068901, 4.7056177], [-75.5069907, 4.7056564], [-75.5070564, 4.7056992], [-75.5071087, 4.7057834], [-75.5071704, 4.7059077], [-75.5072053, 4.7059665], [-75.5072562, 4.7060374], [-75.5073179, 4.7061135], [-75.5074011, 4.7061804], [-75.5075003, 4.7062258], [-75.5076465, 4.7062191], [-75.5077538, 4.7062191], [-75.5078745, 4.7062191], [-75.5081052, 4.7062686], [-75.5082728, 4.7063194], [-75.5084176, 4.7063648], [-75.5085491, 4.7063956], [-75.5086644, 4.7064544], [-75.5087905, 4.7065493], [-75.5088736, 4.7066201], [-75.5089393, 4.706695], [-75.5090694, 4.7067965], [-75.5092008, 4.7069021], [-75.5093215, 4.7069676], [-75.5094235, 4.7069984], [-75.5095737, 4.7070492], [-75.5097024, 4.7070892], [-75.5097869, 4.7071494], [-75.5098808, 4.7072456], [-75.5099317, 4.7073004], [-75.5099854, 4.7073753], [-75.5100457, 4.7074541], [-75.5101155, 4.7075477], [-75.5102187, 4.7076199], [-75.5103529, 4.707668], [-75.5105259, 4.7077482], [-75.5107069, 4.7078431], [-75.5108142, 4.7078992], [-75.5109322, 4.7079834], [-75.5110315, 4.7080743], [-75.5110918, 4.7081144], [-75.5111642, 4.7081438], [-75.5112635, 4.7081532], [-75.5113493, 4.7081558], [-75.5114391, 4.7081866], [-75.5115317, 4.7082507], [-75.5116269, 4.7083363], [-75.5118093, 4.7085341], [-75.5119447, 4.7086504], [-75.5120359, 4.7087306], [-75.5121338, 4.7087827], [-75.5122679, 4.7088549], [-75.512331, 4.7088883], [-75.5124088, 4.7089016], [-75.5124745, 4.7088976], [-75.5125114, 4.7088925], [-75.5125415, 4.7088883], [-75.51263, 4.7088575], [-75.5127132, 4.70878], [-75.5127534, 4.7086998], [-75.5128714, 4.7086103], [-75.5129841, 4.7086076], [-75.5130726, 4.7086076], [-75.5131812, 4.7086277], [-75.513377, 4.7086771], [-75.5135192, 4.7087065], [-75.5136815, 4.7086945], [-75.5138129, 4.7086704], [-75.5139631, 4.708617], [-75.5141267, 4.7085381], [-75.5142139, 4.7084819], [-75.5143373, 4.7084405], [-75.5145103, 4.7084098], [-75.5146658, 4.7084018], [-75.5147825, 4.7083897], [-75.5149287, 4.7083523], [-75.5150293, 4.7082801], [-75.515099, 4.7081826], [-75.5151889, 4.7080409], [-75.5153216, 4.7078337], [-75.5154209, 4.707684], [-75.5155295, 4.7075263], [-75.5156556, 4.7074475], [-75.5157414, 4.7074127], [-75.5158728, 4.7073419], [-75.5159412, 4.7072523], [-75.5159976, 4.7071641], [-75.5160391, 4.7070358], [-75.5160029, 4.7069289], [-75.5159895, 4.7067925], [-75.5160552, 4.7066575], [-75.5161934, 4.7065426], [-75.5164039, 4.7064905], [-75.5165984, 4.7064744], [-75.5168156, 4.7064864], [-75.5169229, 4.7064691], [-75.51699, 4.7064156], [-75.5170181, 4.7063381], [-75.5170222, 4.7062713], [-75.5169833, 4.7061777], [-75.5169296, 4.7060708], [-75.5169162, 4.7059572], [-75.5169216, 4.7058556], [-75.5169699, 4.7057099], [-75.5170463, 4.7056257], [-75.5171442, 4.7055575], [-75.5173118, 4.705468], [-75.5174795, 4.7054038], [-75.5176659, 4.7053276], [-75.517796, 4.705222], [-75.517851, 4.7051445], [-75.5178684, 4.7050443], [-75.5178684, 4.7049347], [-75.5179073, 4.7047689], [-75.5179288, 4.7046139], [-75.5179918, 4.7044228], [-75.518083, 4.7042397], [-75.5181581, 4.704126], [-75.5182439, 4.7040378], [-75.5183794, 4.7038801], [-75.5184773, 4.7037718], [-75.5185604, 4.7036609], [-75.5186436, 4.7035085], [-75.5187482, 4.7033214], [-75.5188018, 4.7032252], [-75.5188809, 4.7031022], [-75.5189265, 4.7029859], [-75.5189386, 4.702859], [-75.5189748, 4.7026799], [-75.5190352, 4.7024941], [-75.5191411, 4.7022842], [-75.5192028, 4.7021706], [-75.5193248, 4.7020811], [-75.5194402, 4.702037], [-75.519589, 4.7020249], [-75.5197097, 4.7020022], [-75.5199417, 4.7019501], [-75.5200759, 4.7018792], [-75.5201684, 4.701803], [-75.52021, 4.7017442], [-75.5202904, 4.7016226], [-75.5203293, 4.7015143], [-75.5203763, 4.70139], [-75.5204675, 4.7013165], [-75.5205694, 4.7013085], [-75.5206847, 4.7013085], [-75.5208886, 4.7012697], [-75.5210213, 4.701235], [-75.5211353, 4.7011441], [-75.5211957, 4.7010292], [-75.5212533, 4.7008728], [-75.5212681, 4.7007445], [-75.521307, 4.7006188], [-75.5213942, 4.7004798], [-75.5215551, 4.700298], [-75.5216517, 4.7001604], [-75.5217388, 4.7000307], [-75.5218394, 4.6999318], [-75.5219655, 4.6998583], [-75.5221277, 4.6998048], [-75.522235, 4.6997233], [-75.5223437, 4.6996003], [-75.5223833, 4.6995105], [-75.5224174, 4.699456], [-75.5225247, 4.699313], [-75.5227044, 4.6991833], [-75.5228814, 4.6990015], [-75.5230156, 4.6988866], [-75.5230638, 4.6988184], [-75.5231108, 4.6987102], [-75.5231389, 4.698626], [-75.5232328, 4.6985097], [-75.5234621, 4.6984228], [-75.5235828, 4.6984081], [-75.5237062, 4.6984028], [-75.5238819, 4.6984028], [-75.523949, 4.698384], [-75.5240549, 4.6983306], [-75.5242024, 4.6983185], [-75.5243285, 4.6983439], [-75.5244814, 4.6984255], [-75.5245578, 4.698487], [-75.5246638, 4.6985792], [-75.5247711, 4.6986193], [-75.5248877, 4.6986313], [-75.5250031, 4.6986139], [-75.525168, 4.6985618], [-75.5252559, 4.6984923], [-75.525317, 4.6984239], [-75.5254061, 4.6983787], [-75.5255348, 4.6983319], [-75.5256207, 4.6983012], [-75.5256817, 4.6982584], [-75.525704, 4.6982282], [-75.525756, 4.6981642], [-75.5257749, 4.6981348], [-75.5258171, 4.698092], [-75.5258802, 4.6980359], [-75.5259351, 4.6979891], [-75.5259933, 4.69796], [-75.526023, 4.6979403], [-75.526088, 4.6979323], [-75.5262208, 4.697939], [-75.5263455, 4.6980085], [-75.5264622, 4.6981034], [-75.526548, 4.6981481], [-75.5266828, 4.6981983], [-75.5267787, 4.6982089], [-75.5268712, 4.6982009], [-75.5269725, 4.6981789], [-75.5270302, 4.6981582], [-75.5271079, 4.6981361], [-75.5272179, 4.6981181], [-75.5274097, 4.6981154], [-75.5274687, 4.6981341], [-75.5275389, 4.6981683], [-75.5275941, 4.6982016], [-75.5276363, 4.698237], [-75.5277309, 4.6983185], [-75.5277993, 4.698372], [-75.527859, 4.6984275], [-75.5279683, 4.6984836], [-75.5280447, 4.6985217], [-75.5281232, 4.6985478], [-75.5282405, 4.6985651], [-75.528323, 4.6985892], [-75.52843, 4.6986087], [-75.5284739, 4.698622], [-75.5285624, 4.698646], [-75.5286536, 4.6986808], [-75.5288279, 4.6986928], [-75.5290559, 4.6986794], [-75.5291283, 4.6986714], [-75.5292504, 4.6986647], [-75.5293536, 4.6986955], [-75.5294073, 4.6987356], [-75.5294958, 4.6988305], [-75.5295682, 4.698928], [-75.5296433, 4.6990363], [-75.5297627, 4.6990911], [-75.5298927, 4.6990884], [-75.5300403, 4.6990604], [-75.5303031, 4.6990176], [-75.5305123, 4.6989909], [-75.5306867, 4.6989721], [-75.5308731, 4.6989427], [-75.5311453, 4.6988746], [-75.5313063, 4.6988518], [-75.5314739, 4.6988826], [-75.5316, 4.6989588], [-75.531663, 4.6990243], [-75.5317006, 4.6991245], [-75.5317301, 4.6992622], [-75.5317783, 4.6993557], [-75.5318441, 4.699448], [-75.5319138, 4.6995242], [-75.531958, 4.6995576], [-75.5320841, 4.699599], [-75.5322236, 4.6996124], [-75.5324301, 4.6996217], [-75.5325656, 4.6996044], [-75.5327104, 4.6995429], [-75.5327533, 4.6995175], [-75.5329491, 4.69948], [-75.533051, 4.6994493], [-75.5331852, 4.6994613], [-75.533334, 4.6995054], [-75.5335821, 4.6995736], [-75.5337243, 4.6996351], [-75.5339697, 4.6997567], [-75.5340931, 4.6998048], [-75.5342768, 4.699853], [-75.5344217, 4.6999198], [-75.5345464, 4.6999933], [-75.534714, 4.7000668], [-75.534879, 4.700123], [-75.5349983, 4.7001871], [-75.5351123, 4.700262], [-75.5351821, 4.7003234], [-75.5352746, 4.700433], [-75.5353497, 4.7005279], [-75.5354811, 4.7006322], [-75.5355643, 4.7007191], [-75.5356488, 4.700814], [-75.535744, 4.7009637], [-75.5357614, 4.7010866], [-75.5358057, 4.7012604], [-75.5358379, 4.70137], [-75.5358982, 4.7014903], [-75.5359679, 4.7015985], [-75.5360444, 4.7016667], [-75.536149, 4.7017362], [-75.5362536, 4.7017482], [-75.5363984, 4.7017843], [-75.5364883, 4.7018244], [-75.5365527, 4.7019193], [-75.5366412, 4.7020637], [-75.5367592, 4.702311], [-75.5368531, 4.7025195], [-75.5369014, 4.7026651], [-75.5369161, 4.7028362], [-75.5369174, 4.7030274], [-75.5368987, 4.7031102], [-75.5368343, 4.7031731], [-75.5367565, 4.7032733], [-75.5367056, 4.7033187], [-75.5366345, 4.703439], [-75.5366117, 4.7035192], [-75.5366398, 4.7036288], [-75.5367136, 4.7038079], [-75.536719, 4.7039108], [-75.5366613, 4.7040164], [-75.5365661, 4.7042477], [-75.5365299, 4.7044428], [-75.5365299, 4.7046152], [-75.536605, 4.7047636], [-75.5367552, 4.7049414], [-75.5368745, 4.7050964], [-75.5370234, 4.7052969], [-75.537191, 4.7055241], [-75.5373332, 4.70575], [-75.5374324, 4.7059264], [-75.5375813, 4.7060708], [-75.5377328, 4.7062071], [-75.5378214, 4.7062873], [-75.5379032, 4.7063568], [-75.5380493, 4.7064129], [-75.5381405, 4.7064143], [-75.5382183, 4.7063969], [-75.5383417, 4.7063461], [-75.5384342, 4.7062833], [-75.5385214, 4.7061844], [-75.5386555, 4.7060427], [-75.5387682, 4.7059812], [-75.5388862, 4.7059612], [-75.5389573, 4.7059638], [-75.5391477, 4.7059892], [-75.5393422, 4.7060547], [-75.5396023, 4.7061603], [-75.5398102, 4.7062378], [-75.540002, 4.7063247], [-75.5401401, 4.7064009], [-75.5402461, 4.7064597], [-75.5403467, 4.7065412], [-75.540415, 4.7066094], [-75.5405438, 4.7067645], [-75.5406363, 4.7068781], [-75.5407248, 4.7069583], [-75.5408563, 4.7070411], [-75.5410534, 4.7071146], [-75.5412291, 4.7071721], [-75.541378, 4.7072269], [-75.5415322, 4.7073058], [-75.5416502, 4.707406], [-75.5417173, 4.7075383], [-75.5418246, 4.7077027], [-75.5419453, 4.707815], [-75.5422041, 4.7079727], [-75.5423717, 4.7080743], [-75.5425756, 4.708216], [-75.5427566, 4.7083082], [-75.5428827, 4.7083577], [-75.5430678, 4.7083724], [-75.5434218, 4.7083323], [-75.5437115, 4.7082935], [-75.5438738, 4.7082694], [-75.5441232, 4.7083537], [-75.5444437, 4.7085074], [-75.5446476, 4.708617], [-75.5449279, 4.7087332], [-75.5451626, 4.7087466], [-75.5454777, 4.7087479], [-75.5458935, 4.7087439], [-75.5461067, 4.7087439], [-75.5463776, 4.7087373], [-75.5465761, 4.7087065], [-75.5467328, 4.7087072], [-75.5468041, 4.7087239], [-75.5469315, 4.7087653], [-75.5471072, 4.7088763], [-75.5472627, 4.70905], [-75.547488, 4.709328], [-75.5477415, 4.7095953], [-75.5479306, 4.7097557], [-75.5480927, 4.7098716], [-75.548154, 4.709908], [-75.5482116, 4.7099489], [-75.5483168, 4.7100531], [-75.5484851, 4.7101808], [-75.5486246, 4.7103231], [-75.5487735, 4.7103913], [-75.5489498, 4.7104073], [-75.5490565, 4.7104033], [-75.5492, 4.7103759], [-75.5493139, 4.7103391], [-75.5493761, 4.7103035], [-75.5494072, 4.7102716], [-75.5494957, 4.7102115], [-75.5497853, 4.7101032], [-75.5499463, 4.7100605], [-75.5500683, 4.7100471], [-75.5501783, 4.7100551], [-75.5502789, 4.7100899], [-75.5503687, 4.7101687], [-75.5504814, 4.7102636], [-75.550641, 4.7103558], [-75.5507791, 4.7104334], [-75.5508649, 4.7105229], [-75.55094, 4.7106218], [-75.5510178, 4.7107501], [-75.5510809, 4.710845], [-75.5511788, 4.7110001], [-75.551286, 4.7111257], [-75.5514108, 4.7112326], [-75.5515341, 4.7113048], [-75.5516388, 4.711373], [-75.5517071, 4.7114291], [-75.5517863, 4.711524], [-75.5518607, 4.7116423], [-75.5519392, 4.7117125], [-75.5520518, 4.7117446], [-75.5522262, 4.7117552], [-75.5523804, 4.7117552], [-75.5526151, 4.7117833], [-75.5528189, 4.7118368], [-75.5529329, 4.711921], [-75.5530067, 4.7120653], [-75.553055, 4.7122083], [-75.5530523, 4.7123233], [-75.5530027, 4.7125051], [-75.5529799, 4.7125919], [-75.5529906, 4.7126935], [-75.5530375, 4.712743], [-75.5531569, 4.7129889], [-75.5532226, 4.7131319], [-75.5533259, 4.7132923], [-75.5533795, 4.7133511], [-75.5535002, 4.7134032], [-75.553755, 4.7135262], [-75.5540004, 4.7136652], [-75.5541091, 4.7137441], [-75.5542204, 4.713855], [-75.5542941, 4.7139726], [-75.5543679, 4.7141571], [-75.5544148, 4.7142934], [-75.554451, 4.7143736], [-75.5544993, 4.7144484], [-75.5545744, 4.7145086], [-75.5547112, 4.7145687], [-75.5548735, 4.7146168], [-75.555021, 4.7146396], [-75.555186, 4.7146703], [-75.5553161, 4.7147077], [-75.5554676, 4.7147732], [-75.5557157, 4.7148708], [-75.5558471, 4.7149042], [-75.5561757, 4.714947], [-75.5562723, 4.7149563], [-75.5563661, 4.714979], [-75.5564627, 4.7150352], [-75.5566143, 4.7151434], [-75.5567282, 4.7152236], [-75.5568449, 4.7152838], [-75.5570005, 4.7153279], [-75.5571775, 4.7154241], [-75.5573049, 4.7155097], [-75.5573988, 4.7156019], [-75.5574846, 4.7156888], [-75.5575195, 4.715777], [-75.5575195, 4.7158745], [-75.5575168, 4.7159681], [-75.5574887, 4.716063], [-75.5574739, 4.716206], [-75.5574659, 4.716333], [-75.5574766, 4.7164145], [-75.5575356, 4.7165041], [-75.5576241, 4.7166177], [-75.5576965, 4.7166765], [-75.5578226, 4.7167219], [-75.5580157, 4.716758], [-75.5581512, 4.7167727], [-75.558347, 4.7167981], [-75.5585347, 4.7168141], [-75.5586594, 4.7168395], [-75.55887, 4.7168943], [-75.5591355, 4.7169612], [-75.5592643, 4.7169999], [-75.5593997, 4.7170614], [-75.5595888, 4.7171576], [-75.5597846, 4.7172592], [-75.5599435, 4.7173087], [-75.5600944, 4.7173581], [-75.5601916, 4.7173996], [-75.5602688, 4.7174544], [-75.5603164, 4.7175145], [-75.5603874, 4.7176261], [-75.5604431, 4.7177243], [-75.560486, 4.7177892], [-75.5605564, 4.7178466], [-75.5606597, 4.7179028], [-75.560714, 4.7179262], [-75.5608387, 4.7179395], [-75.5608884, 4.7179235], [-75.5610198, 4.7178847], [-75.5611009, 4.7178587], [-75.5611834, 4.7178587], [-75.5612706, 4.717874], [-75.5613403, 4.7179342], [-75.5613685, 4.7179823], [-75.5613913, 4.7180745], [-75.5613859, 4.7182189], [-75.5613792, 4.7183913], [-75.5613993, 4.718553], [-75.5614463, 4.7186947], [-75.5615026, 4.7188297], [-75.5615522, 4.7189072], [-75.5616353, 4.7190395], [-75.5617648, 4.7191899], [-75.5618801, 4.7192814], [-75.5619022, 4.7192975], [-75.561972, 4.7193362], [-75.5620806, 4.7193937], [-75.5622147, 4.7194472], [-75.5623609, 4.7194953], [-75.562444, 4.719518], [-75.5625848, 4.7195287], [-75.5627605, 4.7195073], [-75.5628846, 4.7194799], [-75.5629805, 4.7194665], [-75.5630469, 4.7194605], [-75.5631226, 4.7194672], [-75.5632038, 4.7195073], [-75.5632581, 4.7195508], [-75.5633084, 4.7196256], [-75.563362, 4.7197352], [-75.5633667, 4.7198575], [-75.5633439, 4.7199925], [-75.5633466, 4.7200673], [-75.563364, 4.7202023], [-75.5633848, 4.7203106], [-75.5634056, 4.7203894], [-75.5634096, 4.7204409], [-75.5634076, 4.720503], [-75.5633888, 4.7205585], [-75.5633828, 4.7206334], [-75.5633788, 4.7207115], [-75.5633788, 4.7207864], [-75.5633929, 4.7208552], [-75.5634036, 4.7209632], [-75.5634123, 4.7210738], [-75.5634304, 4.7211539], [-75.5634633, 4.7212014], [-75.5635457, 4.7212689], [-75.5635907, 4.7212836], [-75.5636752, 4.721321], [-75.5638804, 4.7213504], [-75.5640118, 4.7213892], [-75.5640708, 4.7214106], [-75.5641419, 4.7214667], [-75.5642049, 4.7215509], [-75.5642572, 4.7216765], [-75.5643095, 4.7218049], [-75.5643605, 4.7219238], [-75.5644302, 4.7220454], [-75.5645348, 4.7221657], [-75.5648164, 4.7223822], [-75.5649465, 4.7224705], [-75.5651262, 4.7225867], [-75.5652778, 4.7226629], [-75.5653489, 4.7227257], [-75.5653891, 4.72283], [-75.5654025, 4.7229636], [-75.5654427, 4.7231521], [-75.5654701, 4.7232691], [-75.5654924, 4.7233646], [-75.5654991, 4.7234608], [-75.5655044, 4.7236426], [-75.5655138, 4.723795], [-75.5655205, 4.7238658], [-75.5655473, 4.7239393], [-75.5656278, 4.7240516], [-75.5657096, 4.7241171], [-75.5658706, 4.7241879], [-75.5660664, 4.7242133], [-75.5662581, 4.7242588], [-75.5664472, 4.7242962], [-75.5666927, 4.7243737], [-75.5668187, 4.7244338], [-75.5669233, 4.7245047], [-75.5670333, 4.7246223], [-75.5671057, 4.7247252], [-75.5671889, 4.7248361], [-75.5672653, 4.7249939], [-75.5673002, 4.7251101], [-75.5673686, 4.7252211], [-75.5674785, 4.7253627], [-75.5675563, 4.7254269], [-75.5676569, 4.7255138], [-75.567795, 4.7255766], [-75.5678594, 4.7255953], [-75.5679855, 4.725614], [-75.5683234, 4.7256635], [-75.5683882, 4.725672], [-75.5685179, 4.7256889], [-75.568703, 4.7257276], [-75.5688398, 4.7257704], [-75.569057, 4.7258345], [-75.5691737, 4.7258345], [-75.5693239, 4.7258345], [-75.5694218, 4.7258305], [-75.5695532, 4.7258011], [-75.5696565, 4.7257731], [-75.5698201, 4.7257463], [-75.570032, 4.7257196], [-75.5701688, 4.7257209], [-75.570256, 4.7257463], [-75.5703217, 4.7259054], [-75.5703498, 4.726039], [-75.5703485, 4.7261767], [-75.5703498, 4.7263251], [-75.5703633, 4.7264601], [-75.5703686, 4.7265469], [-75.5703767, 4.7266191], [-75.5704397, 4.7267501], [-75.5705161, 4.7268289], [-75.5706462, 4.7269318], [-75.5707642, 4.7270161], [-75.5708782, 4.7270962], [-75.5710512, 4.7271818], [-75.5711491, 4.7272259], [-75.5713034, 4.7273007], [-75.5714361, 4.7273996], [-75.5715233, 4.7274785], [-75.5715729, 4.7275721], [-75.5715877, 4.727679], [-75.5716239, 4.7277578], [-75.5716487, 4.7278006], [-75.5716983, 4.7278621], [-75.5717754, 4.7279443], [-75.5718404, 4.7280101], [-75.5718968, 4.7280839], [-75.5720095, 4.728225], [-75.5720832, 4.7282985], [-75.5721845, 4.7283259], [-75.5722985, 4.7283733], [-75.5723769, 4.7284308], [-75.5724272, 4.7284742], [-75.5724835, 4.7285337], [-75.5725613, 4.7286012], [-75.5726009, 4.7286714], [-75.5726384, 4.7287756], [-75.5726626, 4.7288518], [-75.5727142, 4.7289721], [-75.5727665, 4.7290449], [-75.5728329, 4.7291218], [-75.5729067, 4.7291706], [-75.5729945, 4.7292046], [-75.5731346, 4.729234], [-75.573309, 4.729234], [-75.5734981, 4.7292541], [-75.5736577, 4.7292641], [-75.573763, 4.7292681], [-75.5739467, 4.7293069], [-75.5740513, 4.7293363], [-75.5741599, 4.7293724], [-75.5742498, 4.7294071], [-75.5743584, 4.7294673], [-75.5745113, 4.7295488], [-75.5746333, 4.7296343], [-75.5747151, 4.7296931], [-75.5748224, 4.7297573], [-75.574923, 4.7298094], [-75.5750424, 4.7298642], [-75.5751054, 4.729899], [-75.575202, 4.7299518], [-75.5753139, 4.7300119], [-75.5754051, 4.7300647], [-75.5755426, 4.7301563], [-75.5756941, 4.7302418], [-75.5758155, 4.7302906], [-75.5758772, 4.730338], [-75.5759168, 4.7304002], [-75.5759704, 4.7304957], [-75.576014, 4.7305505], [-75.5760884, 4.7306207], [-75.5761374, 4.7306735], [-75.5762527, 4.7307497], [-75.5763305, 4.7307938], [-75.5764103, 4.7308018], [-75.5765263, 4.7307918], [-75.5766068, 4.7307965], [-75.5767067, 4.7307971], [-75.5767925, 4.7308225], [-75.5768938, 4.7308793], [-75.5769467, 4.7309054], [-75.5770057, 4.7309508], [-75.5770601, 4.7309976], [-75.577103, 4.7310591], [-75.5771526, 4.7311085], [-75.5772143, 4.731166], [-75.577335, 4.7312121], [-75.5774818, 4.7312442], [-75.5776615, 4.7312442], [-75.5778178, 4.7312368], [-75.5779707, 4.7312241], [-75.5782161, 4.7312141], [-75.5783308, 4.7311994], [-75.5784414, 4.7312001], [-75.5785594, 4.7311994], [-75.5786727, 4.7312101], [-75.5787566, 4.7312175], [-75.5788645, 4.7312175], [-75.5789886, 4.7312248], [-75.5790952, 4.7312515], [-75.5791592, 4.7312835], [-75.5792414, 4.7313458], [-75.5792977, 4.7314059], [-75.5793513, 4.7314995], [-75.5794358, 4.7316558], [-75.5794948, 4.7317795], [-75.5795592, 4.731861], [-75.5796357, 4.7319258], [-75.5797416, 4.7319967], [-75.5798127, 4.7320474], [-75.5799112, 4.7320795], [-75.5801178, 4.732127], [-75.5803096, 4.7321711], [-75.5804598, 4.7322085], [-75.5805872, 4.7322379], [-75.5807126, 4.732272], [-75.5808084, 4.7323041], [-75.5808628, 4.7323101], [-75.5809392, 4.7323067], [-75.581025, 4.7323047], [-75.5811176, 4.7323341], [-75.5812135, 4.7323669], [-75.5813435, 4.732425], [-75.5813771, 4.7324738], [-75.5814079, 4.73255], [-75.5814508, 4.7326375], [-75.5814703, 4.732693], [-75.5814824, 4.7327605], [-75.5815098, 4.7328714], [-75.5815333, 4.7329235], [-75.581599, 4.732955], [-75.5816768, 4.7329857], [-75.5817955, 4.7330124], [-75.5819303, 4.7330238], [-75.5820691, 4.7330158], [-75.5822273, 4.732987], [-75.5823909, 4.7329723], [-75.5826035, 4.7329603], [-75.5827544, 4.732967], [-75.5828268, 4.7329677], [-75.5828798, 4.7329677], [-75.5829703, 4.7329416], [-75.583087, 4.7329282], [-75.583197, 4.7329075], [-75.5833679, 4.7328988], [-75.5835389, 4.7328794], [-75.5837093, 4.7328754], [-75.5838427, 4.7328761], [-75.5840036, 4.7328935], [-75.5841605, 4.7329469], [-75.5842423, 4.7329904], [-75.5842839, 4.7330706], [-75.584296, 4.7331614], [-75.5842866, 4.733271], [-75.5842732, 4.7333766], [-75.5842625, 4.7334742], [-75.5842209, 4.7335571], [-75.5841451, 4.7337382], [-75.5841237, 4.733823], [-75.584125, 4.7338725], [-75.5841538, 4.733958], [-75.5842269, 4.7340395], [-75.5843309, 4.7341278], [-75.5844475, 4.7342053], [-75.5845656, 4.7342547], [-75.5846909, 4.7342607], [-75.5848324, 4.7342467], [-75.5849605, 4.7341973], [-75.5851067, 4.7341271], [-75.5852723, 4.7340248], [-75.5853608, 4.7339413], [-75.5854587, 4.7338437], [-75.5855466, 4.7337776], [-75.5856632, 4.7337094], [-75.5857571, 4.7336767], [-75.5859207, 4.7336626], [-75.5860649, 4.7337074], [-75.5861447, 4.7337422], [-75.5862594, 4.7338304], [-75.5863318, 4.7338952], [-75.5863606, 4.7339273], [-75.5863841, 4.7339908], [-75.5864263, 4.7341338], [-75.5864317, 4.7342367], [-75.5864478, 4.7343603], [-75.5864632, 4.7344472], [-75.5865162, 4.7345381], [-75.5865671, 4.7346336], [-75.5866449, 4.7347365], [-75.5867167, 4.7348241], [-75.5867699, 4.7348571], [-75.5868313, 4.7348715], [-75.5869205, 4.7348735], [-75.5869641, 4.7348729], [-75.5871163, 4.7348308], [-75.5873135, 4.734776], [-75.5875053, 4.7347292], [-75.5876957, 4.7346998], [-75.5879049, 4.7346918], [-75.5881195, 4.7346904], [-75.5883823, 4.7347092], [-75.5884682, 4.7347198], [-75.5885969, 4.73478], [-75.5887243, 4.7348802], [-75.5888249, 4.7349992], [-75.5889241, 4.7351355], [-75.5889496, 4.7352919], [-75.5890234, 4.7354496], [-75.5892125, 4.735634], [-75.5893815, 4.7357516], [-75.5895305, 4.7358365], [-75.5896296, 4.735896], [-75.5898066, 4.7360176], [-75.5899689, 4.7361085], [-75.5900842, 4.73617], [-75.5901419, 4.7362408], [-75.5901459, 4.7363477], [-75.5901177, 4.7364947], [-75.5900815, 4.7366271], [-75.5900547, 4.73675], [-75.5900386, 4.7369091], [-75.5900145, 4.7371002], [-75.5900145, 4.7373047], [-75.5900104, 4.7374744], [-75.5900413, 4.7377979], [-75.590044, 4.7378847], [-75.5900761, 4.7380077], [-75.5901754, 4.7381948], [-75.5903122, 4.7383859], [-75.5904248, 4.7385263], [-75.5905536, 4.7386479], [-75.5906595, 4.7388029], [-75.5907199, 4.7389967], [-75.5907507, 4.7390983], [-75.5908245, 4.739236], [-75.5909385, 4.7393603], [-75.5910967, 4.739546], [-75.5912094, 4.7397131], [-75.5913113, 4.7398681], [-75.5913958, 4.739959], [-75.5915447, 4.7400846], [-75.591711, 4.7401501], [-75.5919993, 4.7402584], [-75.592116, 4.7403413], [-75.5923493, 4.7405163], [-75.5924861, 4.7406206], [-75.5927624, 4.7408157], [-75.5929233, 4.74092], [-75.5930641, 4.7410951], [-75.5931795, 4.7413276], [-75.5933163, 4.7416109], [-75.5934343, 4.741909], [-75.5934691, 4.7420854], [-75.5935898, 4.742342], [-75.5937052, 4.7424703], [-75.5938339, 4.7425505], [-75.5940673, 4.7426708], [-75.5943811, 4.7428419], [-75.594589, 4.7429541], [-75.5947901, 4.7430183], [-75.5949216, 4.743021], [-75.5950972, 4.7429876], [-75.5952796, 4.7429782], [-75.5954553, 4.7429762], [-75.5956122, 4.7429735], [-75.59581, 4.7429922], [-75.5959529, 4.743023], [-75.5961239, 4.7430383], [-75.5962358, 4.7430604], [-75.5963451, 4.7430911], [-75.5965094, 4.7431506], [-75.5966704, 4.7432214], [-75.5968219, 4.7432495], [-75.5969989, 4.7432388], [-75.597121, 4.7432108], [-75.5972041, 4.7431546], [-75.5972953, 4.7430357], [-75.5973811, 4.7429221], [-75.5974442, 4.7427817], [-75.5975072, 4.7426574], [-75.5975481, 4.7425432], [-75.5976192, 4.742465], [-75.5977526, 4.7424095], [-75.5978499, 4.7424035], [-75.5979203, 4.7424048], [-75.5980282, 4.742467], [-75.5982344, 4.742617], [-75.5983628, 4.7426822], [-75.5985492, 4.7427537], [-75.5987866, 4.7428192], [-75.599028, 4.7429007], [-75.5993915, 4.7430343], [-75.5995913, 4.7431119], [-75.5997737, 4.7431453], [-75.5999668, 4.743156], [-75.6000996, 4.7431747], [-75.6003436, 4.7432656], [-75.6006226, 4.7434406], [-75.6007849, 4.7435609], [-75.6009632, 4.7436999], [-75.601041, 4.7438643], [-75.6010705, 4.744018], [-75.6011711, 4.7441998], [-75.6012583, 4.7442813], [-75.6014098, 4.7443722], [-75.6016284, 4.7444283], [-75.6018162, 4.744427], [-75.6020053, 4.7444136], [-75.6021434, 4.7443762], [-75.6022654, 4.7443134], [-75.6023486, 4.7442693], [-75.6024545, 4.7442105], [-75.6025712, 4.744145], [-75.6026664, 4.7441276], [-75.6027496, 4.7441383], [-75.6028689, 4.7441864], [-75.6030366, 4.7443], [-75.6031707, 4.7443976], [-75.6033692, 4.7446047], [-75.6035087, 4.7447317], [-75.6035945, 4.7448787], [-75.6036468, 4.7450311], [-75.6036615, 4.7452155], [-75.6036615, 4.7454053], [-75.6036575, 4.7455817], [-75.6036575, 4.7457394], [-75.603632, 4.7459894], [-75.6036012, 4.7461551], [-75.6035717, 4.7463115], [-75.6035569, 4.7464678], [-75.6035475, 4.7466095], [-75.6035274, 4.7467578], [-75.603506, 4.7469182], [-75.6034671, 4.747084], [-75.6034336, 4.7472497], [-75.6033799, 4.7474488], [-75.6033571, 4.7475277], [-75.6033048, 4.7476586], [-75.6032646, 4.7478658], [-75.6032592, 4.7480529], [-75.6032668, 4.7482664], [-75.6032994, 4.7484285], [-75.6033491, 4.7485942], [-75.6034134, 4.7487786], [-75.6034657, 4.748935], [-75.6035033, 4.7489885], [-75.6035636, 4.749193], [-75.6035985, 4.74934], [-75.6036936, 4.7494861], [-75.603746, 4.7496955], [-75.6037829, 4.7498204], [-75.6037289, 4.7499814], [-75.6036669, 4.7501218], [-75.6035958, 4.7502515], [-75.603447, 4.7504586], [-75.6033616, 4.7506604], [-75.603337, 4.7508248], [-75.6033249, 4.7510199], [-75.6033302, 4.7512136], [-75.6034081, 4.7514556], [-75.6034805, 4.7516869], [-75.6035529, 4.7519301], [-75.603628, 4.7521266], [-75.6037527, 4.752315], [-75.6038934, 4.7524511], [-75.6040478, 4.7525863], [-75.6041309, 4.7526785], [-75.6042342, 4.7528403], [-75.6042758, 4.7529886], [-75.6042878, 4.7531196], [-75.6042811, 4.7532586], [-75.6042396, 4.7533615], [-75.6041846, 4.7534724], [-75.6041256, 4.7535553], [-75.6040478, 4.7536475], [-75.6038935, 4.7537878], [-75.6038439, 4.7538239], [-75.603742, 4.7538974], [-75.6036548, 4.7540204], [-75.6035529, 4.754158], [-75.6034456, 4.7543171], [-75.6034403, 4.7544347], [-75.6034456, 4.7546231], [-75.6034845, 4.7547942], [-75.603514, 4.7549305], [-75.6035435, 4.7550802], [-75.6035958, 4.7552473], [-75.6036723, 4.7554317], [-75.6037487, 4.7555373], [-75.6038238, 4.7556268], [-75.6039821, 4.7557177], [-75.6041745, 4.7558393], [-75.6043428, 4.7559503], [-75.6044347, 4.7560131], [-75.6045333, 4.756108], [-75.604605, 4.7562022], [-75.6046835, 4.7563693], [-75.6047248, 4.7564797], [-75.6047948, 4.7566506], [-75.6048933, 4.7568604], [-75.6049363, 4.7570141], [-75.6050382, 4.7571217], [-75.6051347, 4.7572533], [-75.6052306, 4.7573656], [-75.6053339, 4.7575093], [-75.6054479, 4.7576877], [-75.6054787, 4.7577699], [-75.6054982, 4.7578514], [-75.6055143, 4.7580145], [-75.6055605, 4.7582303], [-75.6056048, 4.7584281], [-75.6056584, 4.7586553], [-75.6057114, 4.7588424], [-75.6057711, 4.7590375], [-75.6058046, 4.7591498], [-75.60581, 4.7592287], [-75.6058449, 4.7593209], [-75.6059106, 4.7594599], [-75.6059629, 4.7595508], [-75.6060326, 4.7596336], [-75.6061158, 4.7597098], [-75.606219, 4.7598207], [-75.6063585, 4.7598982], [-75.60649, 4.7600346], [-75.6066475, 4.7601428], [-75.6067826, 4.7602205], [-75.6068103, 4.7602559], [-75.6069472, 4.7603145], [-75.6069995, 4.7603239], [-75.6070539, 4.7603272], [-75.6071524, 4.7603299], [-75.6072409, 4.7603299], [-75.6074005, 4.7603259], [-75.6075065, 4.7603139], [-75.6076835, 4.7602992], [-75.6078069, 4.7602444], [-75.6082012, 4.760064], [-75.60835, 4.7600292], [-75.6084774, 4.7600132], [-75.6086276, 4.7600412], [-75.6087638, 4.7600833], [-75.6088503, 4.7601508], [-75.6089059, 4.7602123], [-75.6089582, 4.7602872], [-75.6092288, 4.7605311], [-75.6094296, 4.7606827], [-75.6096415, 4.7608338], [-75.6098065, 4.7609474], [-75.609954, 4.7610436], [-75.6101458, 4.7610984], [-75.6105508, 4.7611706], [-75.6109384, 4.7612414], [-75.6111945, 4.7612695], [-75.6114507, 4.7612922], [-75.6117283, 4.7613296], [-75.6120005, 4.7614165], [-75.6122366, 4.761514], [-75.6124441, 4.7616541], [-75.6127328, 4.7617559], [-75.6130265, 4.7618054], [-75.6133161, 4.7617867], [-75.6136434, 4.7618107], [-75.6139693, 4.7618121], [-75.6143917, 4.7618762], [-75.6146291, 4.7619257], [-75.6147739, 4.7619885], [-75.6150556, 4.7621221], [-75.6153023, 4.7622611], [-75.6154217, 4.762328], [-75.6155773, 4.7624162], [-75.6157824, 4.7625605], [-75.6158763, 4.7626353], [-75.6159729, 4.7627169], [-75.6160668, 4.7628371], [-75.6161191, 4.7629481], [-75.6162089, 4.7630737], [-75.6164302, 4.7634158], [-75.6165013, 4.7635187], [-75.6166273, 4.763615], [-75.6167802, 4.7636845], [-75.616917, 4.7636871], [-75.6171075, 4.7636871], [-75.6173086, 4.7636658], [-75.6175876, 4.7636176], [-75.6177559, 4.7636238], [-75.6180623, 4.7636257], [-75.6183252, 4.7637566], [-75.6185934, 4.7639357], [-75.6187946, 4.7640533], [-75.6188509, 4.7640774], [-75.6189904, 4.7641482], [-75.6192251, 4.7642217], [-75.6193981, 4.7642752], [-75.6196408, 4.764346], [-75.6198125, 4.7643848], [-75.619968, 4.7643995], [-75.6201236, 4.7644035], [-75.6202738, 4.7644209], [-75.6204428, 4.7644316], [-75.6205823, 4.7644516], [-75.6208853, 4.764477], [-75.6210865, 4.764473], [-75.6215519, 4.7645679], [-75.6218348, 4.7646547], [-75.6219837, 4.7646855], [-75.6221192, 4.7647563], [-75.6221782, 4.7648298], [-75.6222372, 4.7648993], [-75.6223525, 4.7650477], [-75.6224974, 4.7651933], [-75.6226636, 4.7653631], [-75.6227575, 4.7654513], [-75.6229627, 4.765601], [-75.6230888, 4.7657106], [-75.6232175, 4.7658108], [-75.6233798, 4.7658776], [-75.6235769, 4.765895], [-75.6237955, 4.7658736], [-75.6240396, 4.7658068], [-75.6242421, 4.7657386], [-75.624454, 4.7657159], [-75.6245787, 4.7657199], [-75.6247719, 4.7657934], [-75.6250079, 4.766022], [-75.6251219, 4.7661235], [-75.6252185, 4.7661997], [-75.6253096, 4.766332], [-75.6254116, 4.7665258], [-75.6254464, 4.7667356], [-75.6254759, 4.7668345], [-75.625488, 4.7670297], [-75.6254907, 4.7671646], [-75.6255095, 4.7673678], [-75.625543, 4.7675161], [-75.625596, 4.7676438], [-75.6256389, 4.7678101], [-75.6256691, 4.7679177], [-75.6257073, 4.768048], [-75.6257485, 4.7682141], [-75.6257561, 4.7682429], [-75.6257884, 4.7683033], [-75.6258501, 4.7684236], [-75.6259695, 4.768596], [-75.6260365, 4.768763], [-75.6260924, 4.7689158], [-75.6261452, 4.7691079], [-75.6262015, 4.7693765], [-75.6263396, 4.7696611], [-75.6263825, 4.7697988], [-75.6264871, 4.7699739], [-75.6266011, 4.7701663], [-75.6267433, 4.7703494], [-75.6268854, 4.7704764], [-75.6270665, 4.7706354], [-75.6271818, 4.7707183], [-75.6272717, 4.7708172], [-75.627379, 4.7709749], [-75.6275238, 4.7711633], [-75.6276391, 4.771325], [-75.6277397, 4.771448], [-75.6278162, 4.7715937], [-75.6278805, 4.7717113], [-75.6279624, 4.7718783], [-75.6280173, 4.7720227], [-75.6281072, 4.7721817], [-75.6281836, 4.7723127], [-75.628303, 4.7724503], [-75.6284465, 4.7725773], [-75.6285927, 4.7727323], [-75.6287925, 4.7729609], [-75.6289011, 4.7730932], [-75.6290111, 4.7732215], [-75.6291559, 4.7733671], [-75.6292512, 4.7734727], [-75.6293236, 4.7735462], [-75.6294094, 4.7736024], [-75.629506, 4.7736037], [-75.6296414, 4.773585], [-75.6297809, 4.7735489], [-75.6300075, 4.7734727], [-75.6301564, 4.7734366], [-75.6302556, 4.7734086], [-75.6304005, 4.7734046], [-75.63054, 4.7734353], [-75.6307223, 4.7734807], [-75.6309369, 4.7735262], [-75.631122, 4.7735262], [-75.6312776, 4.7735208], [-75.6314036, 4.7734901], [-75.6315579, 4.773438], [-75.6317094, 4.7733498], [-75.6318341, 4.7732495], [-75.6319696, 4.7731065], [-75.6321104, 4.772878], [-75.6321976, 4.7728152], [-75.6323384, 4.7727497], [-75.6324966, 4.7727591], [-75.6325972, 4.7728098], [-75.6327353, 4.7729208], [-75.6328332, 4.7730357], [-75.6329177, 4.7731587], [-75.6330518, 4.7733057], [-75.6332168, 4.7734233], [-75.6333657, 4.7735836], [-75.633485, 4.7736612], [-75.6337667, 4.7737614], [-75.6340912, 4.7739258], [-75.634338, 4.7740273], [-75.6345364, 4.7741436], [-75.6346732, 4.7742692], [-75.6347778, 4.7744537], [-75.6348717, 4.774598], [-75.6349656, 4.7748573], [-75.6350353, 4.7750738], [-75.6351212, 4.7753464], [-75.635266, 4.7755816], [-75.6352982, 4.7756779], [-75.6353679, 4.7757875], [-75.6354833, 4.775857], [-75.6356844, 4.7759264], [-75.6358722, 4.7759585], [-75.6362075, 4.7760521], [-75.6365508, 4.7761349], [-75.6367332, 4.7762231], [-75.6369585, 4.7763354], [-75.6371275, 4.7765118], [-75.6372106, 4.776608], [-75.6373018, 4.7769208], [-75.6373662, 4.7770277], [-75.6374788, 4.7771346], [-75.6375861, 4.7771453], [-75.6377471, 4.7771292], [-75.6378919, 4.7771159], [-75.6380448, 4.7771159], [-75.6382889, 4.7771399], [-75.6384766, 4.7771747], [-75.6386724, 4.7772308], [-75.6388173, 4.7772843], [-75.639005, 4.7773912], [-75.6391552, 4.7775115], [-75.6392866, 4.7776318], [-75.6394798, 4.7777868], [-75.6396461, 4.7778964], [-75.6398258, 4.7779766], [-75.640043, 4.7780434], [-75.6404239, 4.7781236], [-75.6406894, 4.778169], [-75.6408504, 4.7781663], [-75.6409764, 4.7781369], [-75.6412151, 4.7780567], [-75.6413707, 4.77803], [-75.6416886, 4.7779325], [-75.641989, 4.7778883], [-75.6422961, 4.7778777], [-75.6424288, 4.777895], [-75.6425884, 4.7779538], [-75.6428124, 4.7780888], [-75.6430779, 4.7782465], [-75.6431745, 4.7783187], [-75.6433435, 4.7784884], [-75.6434253, 4.7786127], [-75.6435138, 4.7788118], [-75.6435795, 4.7789963], [-75.6436788, 4.7791593], [-75.6439188, 4.7793371], [-75.644179, 4.779607], [-75.6444365, 4.7799358], [-75.6445491, 4.7801229], [-75.6447181, 4.7804944], [-75.644871, 4.7808365], [-75.6449381, 4.7810905], [-75.6449676, 4.7814085], [-75.6449676, 4.7815555], [-75.6449863, 4.7819084], [-75.6450266, 4.7821917], [-75.6451151, 4.7824028], [-75.6452572, 4.7826193], [-75.6453618, 4.7827503], [-75.6455228, 4.782916], [-75.6458876, 4.7832421], [-75.646255, 4.7835682], [-75.6465179, 4.7838489], [-75.6469229, 4.7842979], [-75.6474057, 4.7848271], [-75.6476498, 4.7850891], [-75.6480521, 4.7853884], [-75.6482399, 4.7855328], [-75.6484383, 4.785629], [-75.6487522, 4.785768], [-75.648905, 4.7859096], [-75.6490392, 4.7860727], [-75.6491786, 4.7862919], [-75.6493932, 4.7866901], [-75.6494442, 4.7868719], [-75.649471, 4.7871258], [-75.6494603, 4.7873423], [-75.6494603, 4.7876136], [-75.6494334, 4.7878461], [-75.6493986, 4.7880466], [-75.6493825, 4.7882243], [-75.6493235, 4.7884088], [-75.6492256, 4.7886039], [-75.6491089, 4.7888404], [-75.6490794, 4.7889046], [-75.6489654, 4.7890128], [-75.6488675, 4.7891131], [-75.6486328, 4.7893002], [-75.6484343, 4.789383], [-75.6482385, 4.7894512], [-75.6480588, 4.7894859], [-75.6478053, 4.7894979], [-75.6475988, 4.789522], [-75.6474178, 4.7895474], [-75.64723, 4.7896142], [-75.6470302, 4.7897305], [-75.6468813, 4.7898534], [-75.6467512, 4.7900111], [-75.6466828, 4.7901274], [-75.6466091, 4.7902891], [-75.6465474, 4.7904094], [-75.6464414, 4.7905524], [-75.6463717, 4.7906446], [-75.6462242, 4.7908624], [-75.6459962, 4.7911551], [-75.6459486, 4.7912781], [-75.6459298, 4.7913322], [-75.6459372, 4.7913983], [-75.6459767, 4.7914625], [-75.6461261, 4.7916543], [-75.6467056, 4.7920919], [-75.6468236, 4.7922069], [-75.6470865, 4.7925022], [-75.6471603, 4.7926225], [-75.6473467, 4.7929259], [-75.6474701, 4.7932225], [-75.6475384, 4.7933569], [-75.6475747, 4.7934283], [-75.6476551, 4.7935754], [-75.6478483, 4.7936823], [-75.6481084, 4.7937705], [-75.6484625, 4.793872], [-75.6487951, 4.7939923], [-75.6490472, 4.7941554], [-75.6492913, 4.794289], [-75.6494173, 4.7943478], [-75.6497407, 4.7944803], [-75.6501114, 4.794867], [-75.6504071, 4.7952191], [-75.6506351, 4.7955693], [-75.6508496, 4.7959729], [-75.6510589, 4.7966063], [-75.6512144, 4.7969458], [-75.6514612, 4.7971596], [-75.6518742, 4.7974456], [-75.6522658, 4.7975472], [-75.6525341, 4.7975766], [-75.6531939, 4.7976808], [-75.6537652, 4.7978813], [-75.6542695, 4.7981459], [-75.6546926, 4.7984129], [-75.6551546, 4.7987045], [-75.6557339, 4.7990413], [-75.6561872, 4.7991348], [-75.6566674, 4.7992765], [-75.6567821, 4.7993118], [-75.6570616, 4.7994422], [-75.6573513, 4.7996453], [-75.6575391, 4.799803], [-75.6579816, 4.8003643], [-75.6582955, 4.8008802], [-75.6585508, 4.8012772], [-75.6586066, 4.8013639], [-75.6588265, 4.8015377], [-75.6590733, 4.8016178], [-75.6597009, 4.8018183], [-75.6602977, 4.80229], [-75.6604519, 4.802421], [-75.6605478, 4.8024698], [-75.6607725, 4.8024905], [-75.6609777, 4.8024745], [-75.6611641, 4.8023702], [-75.6614712, 4.8021871], [-75.661734, 4.8020081], [-75.6619486, 4.8019332], [-75.6623563, 4.8020268], [-75.6625602, 4.8022299], [-75.6628593, 4.8026214], [-75.662927, 4.8027211], [-75.6631476, 4.8031707], [-75.6635258, 4.8038309], [-75.6638745, 4.8042773], [-75.6641534, 4.8044537], [-75.6643975, 4.8044911], [-75.6647489, 4.8045205], [-75.6653926, 4.8047236], [-75.6659049, 4.8049749], [-75.6663528, 4.8055522], [-75.6666666, 4.8059825], [-75.6669912, 4.806199], [-75.6676108, 4.8063781], [-75.6678844, 4.8064422], [-75.6681821, 4.8065705], [-75.668343, 4.8066935], [-75.6684825, 4.80695], [-75.6685227, 4.8073563], [-75.6685469, 4.8076851], [-75.6686662, 4.8078601], [-75.6688534, 4.8079857], [-75.6690095, 4.8080258], [-75.6694078, 4.8082143], [-75.6697136, 4.8084628], [-75.6699175, 4.8086366], [-75.6702071, 4.808984], [-75.6703815, 4.8092085], [-75.6705129, 4.8093235], [-75.670757, 4.8094304], [-75.6709823, 4.8095025], [-75.671103, 4.8095533], [-75.6714571, 4.8097217], [-75.671728, 4.8098366], [-75.6719157, 4.8099275], [-75.6720498, 4.8100077], [-75.6722242, 4.8100986], [-75.6724897, 4.8101948], [-75.6725863, 4.8102162], [-75.6730845, 4.810303], [-75.6732408, 4.8103281], [-75.6735237, 4.8103846], [-75.6736024, 4.8104059], [-75.6737061, 4.810434], [-75.6737959, 4.8104661], [-75.6739518, 4.8105209], [-75.6741124, 4.8106679], [-75.674201, 4.8108616], [-75.6744819, 4.8113736], [-75.6746281, 4.8116402], [-75.6747428, 4.8117797], [-75.6751719, 4.8120991], [-75.6753355, 4.8121579], [-75.6757861, 4.8122541], [-75.6759471, 4.812321], [-75.6763454, 4.8125455], [-75.6769502, 4.8129718], [-75.6771769, 4.813048], [-75.6773391, 4.813068], [-75.677756, 4.8130787], [-75.6784415, 4.8131375], [-75.6788613, 4.8132364], [-75.6790477, 4.8133126], [-75.6797974, 4.8137643], [-75.6800562, 4.813942], [-75.6805853, 4.8143703], [-75.6809098, 4.8145587], [-75.6812558, 4.8147786], [-75.6816266, 4.8148681], [-75.6822999, 4.8149523], [-75.6828678, 4.8149315], [-75.6830816, 4.8149837], [-75.6834532, 4.8151728], [-75.6836759, 4.8153332], [-75.6839052, 4.8156258], [-75.6843102, 4.8161804], [-75.6845529, 4.8166014], [-75.6846951, 4.8168406], [-75.6849848, 4.8173123], [-75.6850974, 4.8174807], [-75.6852664, 4.8175943], [-75.6856352, 4.8178001], [-75.6857613, 4.8178482], [-75.6860332, 4.8179696], [-75.6863272, 4.8181008], [-75.6868677, 4.8182157], [-75.6873599, 4.818352], [-75.6876348, 4.8184803], [-75.6878614, 4.8186447], [-75.6881216, 4.8188745], [-75.6883818, 4.8191458], [-75.6886902, 4.8193837], [-75.6888096, 4.8194278], [-75.6890523, 4.8194879], [-75.6893568, 4.8194839], [-75.6897242, 4.8194398], [-75.6900756, 4.8193757], [-75.6904551, 4.8194184], [-75.6905651, 4.8194411], [-75.6908561, 4.8194893], [-75.691123, 4.8196189], [-75.6912719, 4.8198487], [-75.6913684, 4.820279], [-75.6916353, 4.8206746], [-75.6919505, 4.8209927], [-75.6922831, 4.8210769], [-75.6925902, 4.8210835], [-75.6929637, 4.8210448], [-75.6930631, 4.8210259], [-75.6932634, 4.8209292], [-75.6936128, 4.8207782], [-75.6937498, 4.8207226], [-75.6941807, 4.820553], [-75.6947091, 4.8203713], [-75.6950873, 4.8203779], [-75.6956881, 4.8204287], [-75.6962554, 4.8205918], [-75.6966873, 4.8207575], [-75.6967959, 4.8207976], [-75.6970882, 4.8208644], [-75.697398, 4.8209085], [-75.6977856, 4.82099], [-75.6981893, 4.8210996], [-75.6987673, 4.8211945], [-75.6991857, 4.8214016], [-75.6994338, 4.8215579], [-75.699635, 4.8217891], [-75.6998415, 4.8220123], [-75.700099, 4.8221393], [-75.7003713, 4.8221713], [-75.7009332, 4.8221085], [-75.7015018, 4.822047], [-75.7020798, 4.8219214], [-75.7024178, 4.8218707], [-75.7029744, 4.8218453], [-75.703433, 4.8218907], [-75.7039171, 4.8219816], [-75.7043396, 4.8220845], [-75.7050852, 4.8223544], [-75.7056534, 4.8225063], [-75.7060441, 4.8226698], [-75.7063968, 4.8228141], [-75.7065605, 4.8228689], [-75.7066798, 4.8228502], [-75.7067737, 4.8227299], [-75.7070392, 4.8224119], [-75.7072444, 4.8222622], [-75.7075194, 4.8220751], [-75.7079217, 4.821892], [-75.7082342, 4.8218386], [-75.7085091, 4.8218707], [-75.7086834, 4.8219869], [-75.7089289, 4.8222849], [-75.7090321, 4.822337], [-75.7091595, 4.822337], [-75.7092614, 4.8222876], [-75.7101506, 4.8214911], [-75.7103746, 4.8213094], [-75.7105529, 4.8210982], [-75.7106066, 4.8210087], [-75.710966, 4.8202697], [-75.7111122, 4.8201127], [-75.7112946, 4.8200038], [-75.7114119, 4.8199363], [-75.7116929, 4.8199035], [-75.7119209, 4.8199503], [-75.7120664, 4.8200412], [-75.712228, 4.8203138], [-75.7124613, 4.8204795], [-75.7126692, 4.8205717], [-75.7127617, 4.8205811], [-75.7128717, 4.820565], [-75.7129374, 4.8205142], [-75.7130434, 4.820406], [-75.7132486, 4.8201842], [-75.7134283, 4.8198808], [-75.7136281, 4.8197792], [-75.7137984, 4.8198086], [-75.7139929, 4.819953], [-75.714009, 4.8199597], [-75.714068, 4.8199877], [-75.7141484, 4.8200265], [-75.7142369, 4.8200652], [-75.7144247, 4.8201628], [-75.7146473, 4.8201614], [-75.7147439, 4.8201588], [-75.7149303, 4.8201988], [-75.7150523, 4.8201534], [-75.7151301, 4.8200558], [-75.7151582, 4.8201639], [-75.7151771, 4.8202363], [-75.7152414, 4.8203966], [-75.7154768, 4.8206583], [-75.7155204, 4.8207067], [-75.7156706, 4.8211076], [-75.7156491, 4.8212786], [-75.7154828, 4.8213962], [-75.7153483, 4.8214559], [-75.7150007, 4.8216101], [-75.7146889, 4.8218025], [-75.7145387, 4.8219575], [-75.7144971, 4.8220751], [-75.7144676, 4.8222408], [-75.7145347, 4.8223544], [-75.7146835, 4.8224653], [-75.7147466, 4.8226377], [-75.7147077, 4.8227112], [-75.7146527, 4.8227206], [-75.7146832, 4.822866], [-75.7147004, 4.8230523], [-75.7148256, 4.8232867], [-75.7148901, 4.8234983], [-75.7150532, 4.8235399], [-75.7150722, 4.8236949], [-75.715148, 4.8238801], [-75.7151329, 4.8241333], [-75.7151708, 4.8243185], [-75.7151708, 4.8243868], [-75.7151708, 4.8245189], [-75.7151936, 4.8246587], [-75.7152505, 4.8248061], [-75.7154587, 4.8255363], [-75.7160942, 4.8262293], [-75.7167835, 4.8268532], [-75.7178665, 4.8278336], [-75.7186372, 4.8302645], [-75.7185588, 4.8323302], [-75.7172679, 4.8337497], [-75.7160207, 4.8383294], [-75.7165907, 4.8420975], [-75.7160285, 4.844853], [-75.7155468, 4.8474061], [-75.7148628, 4.8491484], [-75.7140982, 4.851622], [-75.71408, 4.8516613], [-75.7124464, 4.8551892], [-75.711681, 4.8572972], [-75.7105548, 4.8611875], [-75.7102366, 4.864713], [-75.7098355, 4.8670225], [-75.7099013, 4.8674208], [-75.7092259, 4.8707729], [-75.7091667, 4.8733335], [-75.7110137, 4.8735455], [-75.7111619, 4.874059], [-75.7113457, 4.8746958], [-75.7116338, 4.8756153], [-75.7117716, 4.8761715], [-75.7122371, 4.8768452], [-75.7126423, 4.8774073], [-75.7131835, 4.8775137], [-75.7138752, 4.8775704], [-75.7146698, 4.8781248], [-75.715045, 4.8787441], [-75.7150836, 4.8795513], [-75.7149961, 4.8799348], [-75.7148796, 4.880445], [-75.7150165, 4.8809666], [-75.7154062, 4.881448], [-75.7160347, 4.88201], [-75.7162619, 4.8825855], [-75.7164444, 4.8828663], [-75.7172781, 4.88322], [-75.7174848, 4.8834438], [-75.717717, 4.8843016], [-75.7180134, 4.8848558], [-75.7187121, 4.8853503], [-75.7191778, 4.8855226], [-75.720241, 4.8851157], [-75.7211937, 4.8845335], [-75.7224946, 4.8839998], [-75.7232917, 4.8837076], [-75.7244097, 4.8834057], [-75.7250327, 4.8834607], [-75.7255322, 4.8839044], [-75.725989, 4.8847042], [-75.7262892, 4.8850972], [-75.7265399, 4.8854026], [-75.7263506, 4.8861584], [-75.7263571, 4.8866193], [-75.7264217, 4.8867994], [-75.7265229, 4.88713], [-75.7264785, 4.8875609], [-75.7267557, 4.8882068], [-75.7274708, 4.8887362], [-75.7280268, 4.8889624], [-75.7284809, 4.8893878], [-75.7287068, 4.8897733], [-75.7298067, 4.8900066], [-75.7308717, 4.8900202], [-75.7321013, 4.8896], [-75.7330937, 4.8890359], [-75.7339369, 4.8887275], [-75.7343963, 4.8884274], [-75.7350201, 4.8886955], [-75.735334, 4.8894862], [-75.7360121, 4.8901299], [-75.7368887, 4.8903637], [-75.7379925, 4.8906777], [-75.7385835, 4.8903976], [-75.7390201, 4.8898323], [-75.7394491, 4.8896063], [-75.7401768, 4.8895889], [-75.7409199, 4.8891571], [-75.7413171, 4.8885733], [-75.7419084, 4.8880171], [-75.7429411, 4.8876901], [-75.7435731, 4.8873537], [-75.7439856, 4.8870984], [-75.744435, 4.8869823], [-75.7450676, 4.8863752], [-75.7453699, 4.8856855], [-75.7456968, 4.8851691], [-75.7464036, 4.8850648], [-75.7476824, 4.8847493], [-75.7484193, 4.8843348], [-75.7490415, 4.8834279], [-75.749571, 4.8825707], [-75.7503118, 4.8814939], [-75.7527998, 4.8801472], [-75.7544167, 4.879569], [-75.7553689, 4.8792574], [-75.7564688, 4.879243], [-75.7574692, 4.8785812], [-75.7580365, 4.8778228], [-75.7588174, 4.8772364], [-75.7594376, 4.8766693], [-75.7597059, 4.8759615], [-75.7604014, 4.8751082], [-75.7609008, 4.8743136], [-75.7615984, 4.8736159], [-75.7622177, 4.873331], [-75.7630152, 4.8727738], [-75.7633388, 4.8724013], [-75.7639137, 4.8720577], [-75.7645875, 4.8716474], [-75.7657985, 4.8712842], [-75.7667902, 4.8709966], [-75.7677766, 4.8709392], [-75.7691174, 4.871216], [-75.7691617, 4.8712252], [-75.7698095, 4.8714477], [-75.7704141, 4.8713065], [-75.7712254, 4.8708936], [-75.7716844, 4.8703572], [-75.7721458, 4.8699707], [-75.7730004, 4.8699159], [-75.7736412, 4.8704378], [-75.7742146, 4.8714016], [-75.7746341, 4.8718377], [-75.7747456, 4.8727158], [-75.7751218, 4.8735425], [-75.7756161, 4.8742107], [-75.7760745, 4.8754425], [-75.7765692, 4.8760934], [-75.7771933, 4.87635], [-75.7773319, 4.8765491], [-75.7776583, 4.8770463], [-75.7783479, 4.877195], [-75.7790566, 4.8775054], [-75.7795598, 4.878289], [-75.780263, 4.8790888], [-75.78134, 4.8798226], [-75.7824464, 4.8812654], [-75.7827405, 4.8821766], [-75.7828433, 4.8826858], [-75.7832778, 4.8834621], [-75.783589, 4.8843736], [-75.7837882, 4.8846778], [-75.7841944, 4.8849465], [-75.7846959, 4.8857992], [-75.7849525, 4.8865943], [-75.7852681, 4.8878112], [-75.7854914, 4.8880641], [-75.7858207, 4.888187], [-75.7861688, 4.8879936], [-75.7862819, 4.8875586], [-75.7863282, 4.8873014], [-75.7866981, 4.8868945], [-75.7871345, 4.8868472], [-75.7877644, 4.8870981], [-75.7887757, 4.8874559], [-75.7894963, 4.8877493], [-75.7903195, 4.8878148], [-75.7906775, 4.8879384], [-75.7913547, 4.8883747], [-75.7919961, 4.8886259], [-75.7926429, 4.8886411], [-75.7930468, 4.8887601], [-75.7934757, 4.8887874], [-75.7937642, 4.8886963], [-75.7938159, 4.8881907], [-75.7937107, 4.8875374], [-75.7937913, 4.8872686], [-75.7943245, 4.8872465], [-75.7949119, 4.8873525], [-75.7956629, 4.8873241], [-75.7963881, 4.887416], [-75.7967911, 4.8875752], [-75.7970449, 4.8879958], [-75.7972683, 4.8884907], [-75.7975361, 4.8890499], [-75.7980083, 4.8894353], [-75.7985102, 4.8895277], [-75.799319, 4.8892946], [-75.8002193, 4.8891763], [-75.8006128, 4.8892488], [-75.8015261, 4.8893797], [-75.8016584, 4.8893821], [-75.8025852, 4.8893989], [-75.8034201, 4.8894588], [-75.8041091, 4.8893828], [-75.8048265, 4.8895667], [-75.8054066, 4.8896179], [-75.8054093, 4.8897756], [-75.805373, 4.8901164], [-75.8053744, 4.8905466], [-75.8053717, 4.8908272], [-75.8053985, 4.8911078], [-75.80542, 4.8912334], [-75.8055648, 4.891474], [-75.8057606, 4.8916771], [-75.8060946, 4.8920712], [-75.8062729, 4.8922703], [-75.8064862, 4.8925322], [-75.8066243, 4.8926659], [-75.8068992, 4.8929999], [-75.8070159, 4.8931255], [-75.8072157, 4.893358], [-75.8072452, 4.8934716], [-75.8072452, 4.8935959], [-75.8072479, 4.8938244], [-75.8072063, 4.8939446], [-75.8071862, 4.8940128], [-75.8071554, 4.8941865], [-75.8070776, 4.894415], [-75.8070172, 4.8945352], [-75.8069059, 4.8946782], [-75.8067611, 4.8948198], [-75.8066458, 4.8949481], [-75.8065009, 4.8950898], [-75.8064178, 4.8952795], [-75.80634, 4.8954719], [-75.80634, 4.8955681], [-75.8063695, 4.8956804], [-75.8064231, 4.8958407], [-75.8064687, 4.8959717], [-75.8065707, 4.8962763], [-75.8066833, 4.8966157], [-75.8068818, 4.8973319], [-75.8069703, 4.8975831], [-75.8070454, 4.8977942], [-75.8071178, 4.8980882], [-75.8072385, 4.8985185], [-75.8072653, 4.8987804], [-75.8073083, 4.8990663], [-75.8073941, 4.8993897], [-75.8074638, 4.8995794], [-75.8075148, 4.8996876], [-75.8075778, 4.8997732], [-75.8076583, 4.8998734], [-75.8077535, 4.8999562], [-75.807842, 4.9000083], [-75.8079574, 4.9000511], [-75.8081129, 4.9001326], [-75.8082068, 4.9002422], [-75.8082982, 4.9004082], [-75.8084106, 4.9005468], [-75.8085729, 4.9007566], [-75.8086842, 4.9009317], [-75.8087283, 4.9010531], [-75.8088291, 4.9012296], [-75.8088948, 4.9013125], [-75.8089806, 4.9014127], [-75.8090584, 4.9014862], [-75.8093011, 4.9018055], [-75.8094192, 4.9019739], [-75.8095291, 4.9021048], [-75.809674, 4.9021529], [-75.8098376, 4.9021556], [-75.8100575, 4.9021449], [-75.8102399, 4.9020781], [-75.810374, 4.902022], [-75.81072, 4.9019926], [-75.81094, 4.9020327], [-75.8111063, 4.9020808], [-75.8113021, 4.902169], [-75.8114576, 4.9022679], [-75.8116293, 4.9024549], [-75.8118466, 4.9028718], [-75.8119753, 4.9031177], [-75.8120933, 4.903409], [-75.812206, 4.9038259], [-75.8123025, 4.9040878], [-75.8125037, 4.9044312], [-75.812611, 4.9045501], [-75.8127129, 4.9045942], [-75.8128135, 4.9046062], [-75.8129463, 4.9045821], [-75.8130777, 4.9045648], [-75.8132534, 4.9045501], [-75.8133392, 4.9046062], [-75.8134009, 4.9047064], [-75.813421, 4.9047893], [-75.8134398, 4.9048507], [-75.8134827, 4.9049336], [-75.8136919, 4.905301], [-75.8138931, 4.9055175], [-75.8141197, 4.9056645], [-75.8142538, 4.9057339], [-75.8145006, 4.9058489], [-75.8146763, 4.9058729], [-75.814805, 4.9058355], [-75.8150907, 4.9059598], [-75.8151698, 4.9059664], [-75.8155453, 4.9062043], [-75.8156488, 4.9057593], [-75.8164558, 4.9044195], [-75.8180766, 4.9030118], [-75.8207105, 4.9023818], [-75.824771, 4.9019252], [-75.8257166, 4.9032208], [-75.82721, 4.9037663], [-75.8304302, 4.9026896], [-75.8316636, 4.900539], [-75.8320406, 4.8989182], [-75.8320058, 4.8988271], [-75.8319849, 4.8973156], [-75.8318176, 4.8957816], [-75.8318133, 4.8950985], [-75.8320064, 4.8941856], [-75.8322714, 4.8930204], [-75.8328014, 4.8911411], [-75.8334033, 4.8889134], [-75.8341307, 4.8867455], [-75.8352047, 4.8839779], [-75.835872, 4.8824878], [-75.8372393, 4.8797787], [-75.8395474, 4.875184], [-75.8413083, 4.8723847], [-75.8423941, 4.8712569], [-75.8436204, 4.871073], [-75.8454571, 4.8716203], [-75.847516, 4.8732131], [-75.8507508, 4.8757093], [-75.853861, 4.8773438], [-75.8555219, 4.8781359], [-75.8568673, 4.878943], [-75.8585098, 4.8800376], [-75.8616738, 4.8816433], [-75.8631618, 4.8821477], [-75.8636511, 4.8823135], [-75.8651338, 4.8825637], [-75.8661015, 4.8827724], [-75.867725, 4.8831225], [-75.8685099, 4.8833866], [-75.8698171, 4.8840739], [-75.8706195, 4.8848855], [-75.8727695, 4.8871678], [-75.8738063, 4.8878967], [-75.8750621, 4.8887794], [-75.8767397, 4.8893517], [-75.8811708, 4.890958], [-75.8847129, 4.8924225], [-75.8866386, 4.8929133], [-75.8885966, 4.8922927], [-75.8906769, 4.890133], [-75.8929314, 4.8870089], [-75.8949272, 4.8844483], [-75.8963265, 4.8829436], [-75.9006038, 4.8791417], [-75.9024995, 4.8773043], [-75.9037217, 4.8765943], [-75.9042994, 4.876651], [-75.9049347, 4.8768441], [-75.9055903, 4.8790832], [-75.9068315, 4.8827906], [-75.90755, 4.8842705], [-75.9091447, 4.8844726], [-75.9097558, 4.8844491], [-75.9118762, 4.8840699], [-75.9129705, 4.8834584], [-75.9137019, 4.8832982], [-75.9152893, 4.8818016], [-75.9151411, 4.8796055], [-75.9142667, 4.8772324], [-75.9143351, 4.8747924], [-75.9145719, 4.8726465], [-75.9139339, 4.8703143], [-75.9130705, 4.867002], [-75.9123945, 4.8645005], [-75.9117212, 4.8614832], [-75.9103458, 4.8595643], [-75.907985, 4.8578618], [-75.905689, 4.8566218], [-75.9035754, 4.8554031], [-75.9027439, 4.8545692], [-75.9015155, 4.8534147], [-75.9006143, 4.8516401], [-75.9007859, 4.8500151], [-75.9021485, 4.849224], [-75.9043694, 4.8489568], [-75.9057212, 4.8485933], [-75.9058506, 4.848352], [-75.9062255, 4.8476525], [-75.9056461, 4.845461], [-75.9041655, 4.8425532], [-75.9027922, 4.8396026], [-75.9026206, 4.8385656], [-75.9028566, 4.8373362], [-75.9039891, 4.8356675], [-75.9051311, 4.8342466], [-75.9060593, 4.8331573], [-75.9066653, 4.8324291], [-75.9074593, 4.8314456], [-75.9082532, 4.8305155], [-75.9093154, 4.8291257], [-75.9101093, 4.8274686], [-75.9106028, 4.8252343], [-75.910635, 4.8242079], [-75.9106779, 4.8224226], [-75.9104848, 4.8200813], [-75.9104848, 4.817601], [-75.9106457, 4.8168847], [-75.9112044, 4.8158379], [-75.9119225, 4.8149496], [-75.9125935, 4.8143708], [-75.9134352, 4.8139981], [-75.9144178, 4.8136437], [-75.9158278, 4.8135277], [-75.9165681, 4.8137629], [-75.9170187, 4.8143295], [-75.9173727, 4.8149603], [-75.9179512, 4.8163482], [-75.9186065, 4.8169916], [-75.9193039, 4.8171199], [-75.919894, 4.8168633], [-75.9207869, 4.8160356], [-75.9216318, 4.8153404], [-75.9228545, 4.8144027], [-75.9237456, 4.8137843], [-75.9249365, 4.8130894], [-75.9258485, 4.8125228], [-75.9269576, 4.8118513], [-75.9277449, 4.8114877], [-75.9293997, 4.8109726], [-75.9305799, 4.8107801], [-75.9326184, 4.8106518], [-75.9340346, 4.8103632], [-75.9346676, 4.8100425], [-75.9350968, 4.8095827], [-75.9355688, 4.8087916], [-75.9358562, 4.8080175], [-75.935915, 4.8076594]]]}}, {"type": "Feature", "properties": {"nombre": "Dosquebradas", "zona": "pereira", "centro": [4.8339551, -75.6713013]}, "geometry": {"type": "Polygon", "coordinates": [[[-75.7186372, 4.8302645], [-75.7178665, 4.8278336], [-75.7167835, 4.8268532], [-75.7160942, 4.8262293], [-75.7154587, 4.8255363], [-75.7152505, 4.8248061], [-75.7151936, 4.8246587], [-75.7151708, 4.8245189], [-75.7151708, 4.8243868], [-75.7151708, 4.8243185], [-75.7151329, 4.8241333], [-75.715148, 4.8238801], [-75.7150722, 4.8236949], [-75.7150532, 4.8235399], [-75.7148901, 4.8234983], [-75.7148256, 4.8232867], [-75.7147004, 4.8230523], [-75.7146832, 4.822866], [-75.7146527, 4.8227206], [-75.7147077, 4.8227112], [-75.7147466, 4.8226377], [-75.7146835, 4.8224653], [-75.7145347, 4.8223544], [-75.7144676, 4.8222408], [-75.7144971, 4.8220751], [-75.7145387, 4.8219575], [-75.7146889, 4.8218025], [-75.7150007, 4.8216101], [-75.7153483, 4.8214559], [-75.7154828, 4.8213962], [-75.7156491, 4.8212786], [-75.7156706, 4.8211076], [-75.7155204, 4.8207067], [-75.7154768, 4.8206583], [-75.7152414, 4.8203966], [-75.7151771, 4.8202363], [-75.7151582, 4.8201639], [-75.7151301, 4.8200558], [-75.7150523, 4.8201534], [-75.7149303, 4.8201988], [-75.7147439, 4.8201588], [-75.7146473, 4.8201614], [-75.7144247, 4.8201628], [-75.7142369, 4.8200652], [-75.7141484, 4.8200265], [-75.714068, 4.8199877], [-75.714009, 4.8199597], [-75.7139929, 4.819953], [-75.7137984, 4.8198086], [-75.7136281, 4.8197792], [-75.7134283, 4.8198808], [-75.7132486, 4.8201842], [-75.7130434, 4.820406], [-75.7129374, 4.8205142], [-75.7128717, 4.820565], [-75.7127617, 4.8205811], [-75.7126692, 4.8205717], [-75.7124613, 4.8204795], [-75.712228, 4.8203138], [-75.7120664, 4.8200412], [-75.7119209, 4.8199503], [-75.7116929, 4.8199035], [-75.7114119, 4.8199363], [-75.7112946, 4.8200038], [-75.7111122, 4.8201127], [-75.710966, 4.8202697], [-75.7106066, 4.8210087], [-75.7105529, 4.8210982], [-75.7103746, 4.8213094], [-75.7101506, 4.8214911], [-75.7092614, 4.8222876], [-75.7091595, 4.822337], [-75.7090321, 4.822337], [-75.7089289, 4.8222849], [-75.7086834, 4.8219869], [-75.7085091, 4.8218707], [-75.7082342, 4.8218386], [-75.7079217, 4.821892], [-75.7075194, 4.8220751], [-75.7072444, 4.8222622], [-75.7070392, 4.8224119], [-75.7067737, 4.8227299], [-75.7066798, 4.8228502], [-75.7065605, 4.8228689], [-75.7063968, 4.8228141], [-75.7060441, 4.8226698], [-75.7056534, 4.8225063], [-75.7050852, 4.8223544], [-75.7043396, 4.8220845], [-75.7039171, 4.8219816], [-75.703433, 4.8218907], [-75.7029744, 4.8218453], [-75.7024178, 4.8218707], [-75.7020798, 4.8219214], [-75.7015018, 4.822047], [-75.7009332, 4.8221085], [-75.7003713, 4.8221713], [-75.700099, 4.8221393], [-75.6998415, 4.8220123], [-75.699635, 4.8217891], [-75.6994338, 4.8215579], [-75.6991857, 4.8214016], [-75.6987673, 4.8211945], [-75.6981893, 4.8210996], [-75.6977856, 4.82099], [-75.697398, 4.8209085], [-75.6970882, 4.8208644], [-75.6967959, 4.8207976], [-75.6966873, 4.8207575], [-75.6962554, 4.8205918], [-75.6956881, 4.8204287], [-75.6950873, 4.8203779], [-75.6947091, 4.8203713], [-75.6941807, 4.820553], [-75.6937498, 4.8207226], [-75.6936128, 4.8207782], [-75.6932634, 4.8209292], [-75.6930631, 4.8210259], [-75.6929637, 4.8210448], [-75.6925902, 4.8210835], [-75.6922831, 4.8210769], [-75.6919505, 4.8209927], [-75.6916353, 4.8206746], [-75.6913684, 4.820279], [-75.6912719, 4.8198487], [-75.691123, 4.8196189], [-75.6908561, 4.8194893], [-75.6905651, 4.8194411], [-75.6904551, 4.8194184], [-75.6900756, 4.8193757], [-75.6897242, 4.8194398], [-75.6893568, 4.8194839], [-75.6890523, 4.8194879], [-75.6888096, 4.8194278], [-75.6886902, 4.8193837], [-75.6883818, 4.8191458], [-75.6881216, 4.8188745], [-75.6878614, 4.8186447], [-75.6876348, 4.8184803], [-75.6873599, 4.818352], [-75.6868677, 4.8182157], [-75.6863272, 4.8181008], [-75.6860332, 4.8179696], [-75.6857613, 4.8178482], [-75.6856352, 4.8178001], [-75.6852664, 4.8175943], [-75.6850974, 4.8174807], [-75.6849848, 4.8173123], [-75.6846951, 4.8168406], [-75.6845529, 4.8166014], [-75.6843102, 4.8161804], [-75.6839052, 4.8156258], [-75.6836759, 4.8153332], [-75.6834532, 4.8151728], [-75.6830816, 4.8149837], [-75.6828678, 4.8149315], [-75.6822999, 4.8149523], [-75.6816266, 4.8148681], [-75.6812558, 4.8147786], [-75.6809098, 4.8145587], [-75.6805853, 4.8143703], [-75.6800562, 4.813942], [-75.6797974, 4.8137643], [-75.6790477, 4.8133126], [-75.6788613, 4.8132364], [-75.6784415, 4.8131375], [-75.677756, 4.8130787], [-75.6773391, 4.813068], [-75.6771769, 4.813048], [-75.6769502, 4.8129718], [-75.6763454, 4.8125455], [-75.6759471, 4.812321], [-75.6757861, 4.8122541], [-75.6753355, 4.8121579], [-75.6751719, 4.8120991], [-75.6747428, 4.8117797], [-75.6746281, 4.8116402], [-75.6744819, 4.8113736], [-75.674201, 4.8108616], [-75.6741124, 4.8106679], [-75.6739518, 4.8105209], [-75.6737959, 4.8104661], [-75.6737061, 4.810434], [-75.6736024, 4.8104059], [-75.6735237, 4.8103846], [-75.6732408, 4.8103281], [-75.6730845, 4.810303], [-75.6725863, 4.8102162], [-75.6724897, 4.8101948], [-75.6722242, 4.8100986], [-75.6720498, 4.8100077], [-75.6719157, 4.8099275], [-75.671728, 4.8098366], [-75.6714571, 4.8097217], [-75.671103, 4.8095533], [-75.6709823, 4.8095025], [-75.670757, 4.8094304], [-75.6705129, 4.8093235], [-75.6703815, 4.8092085], [-75.6702071, 4.808984], [-75.6699175, 4.8086366], [-75.6697136, 4.8084628], [-75.6694078, 4.8082143], [-75.6690095, 4.8080258], [-75.6688534, 4.8079857], [-75.6686662, 4.8078601], [-75.6685469, 4.8076851], [-75.6685227, 4.8073563], [-75.6684825, 4.80695], [-75.668343, 4.8066935], [-75.6681821, 4.8065705], [-75.6678844, 4.8064422], [-75.6676108, 4.8063781], [-75.6669912, 4.806199], [-75.6666666, 4.8059825], [-75.6663528, 4.8055522], [-75.6659049, 4.8049749], [-75.6653926, 4.8047236], [-75.6647489, 4.8045205], [-75.6643975, 4.8044911], [-75.6641534, 4.8044537], [-75.6638745, 4.8042773], [-75.6635258, 4.8038309], [-75.6631476, 4.8031707], [-75.662927, 4.8027211], [-75.6628593, 4.8026214], [-75.6625602, 4.8022299], [-75.6623563, 4.8020268], [-75.6619486, 4.8019332], [-75.661734, 4.8020081], [-75.6614712, 4.8021871], [-75.6611641, 4.8023702], [-75.6609777, 4.8024745], [-75.6607725, 4.8024905], [-75.6605478, 4.8024698], [-75.6604519, 4.802421], [-75.6602977, 4.80229], [-75.6597009, 4.8018183], [-75.6590733, 4.8016178], [-75.6588265, 4.8015377], [-75.6586066, 4.8013639], [-75.6585508, 4.8012772], [-75.6582955, 4.8008802], [-75.6579816, 4.8003643], [-75.6575391, 4.799803], [-75.6573513, 4.7996453], [-75.6570616, 4.7994422], [-75.6567821, 4.7993118], [-75.6566674, 4.7992765], [-75.6561872, 4.7991348], [-75.6557339, 4.7990413], [-75.6551546, 4.7987045], [-75.6546926, 4.7984129], [-75.6542695, 4.7981459], [-75.6537652, 4.7978813], [-75.6531939, 4.7976808], [-75.6525341, 4.7975766], [-75.6522658, 4.7975472], [-75.6518742, 4.7974456], [-75.6514612, 4.7971596], [-75.6512144, 4.7969458], [-75.6510589, 4.7966063], [-75.6508496, 4.7959729], [-75.6506351, 4.7955693], [-75.6504071, 4.7952191], [-75.6501114, 4.794867], [-75.6497407, 4.7944803], [-75.6494173, 4.7943478], [-75.6492913, 4.794289], [-75.6490472, 4.7941554], [-75.6487951, 4.7939923], [-75.6484625, 4.793872], [-75.6481084, 4.7937705], [-75.6478483, 4.7936823], [-75.6476551, 4.7935754], [-75.6475747, 4.7934283], [-75.6475384, 4.7933569], [-75.6473314, 4.7933554], [-75.6471072, 4.7932111], [-75.6467663, 4.7929458], [-75.6466356, 4.7927504], [-75.6464301, 4.7924805], [-75.6461545, 4.7922013], [-75.6460004, 4.7919872], [-75.6459439, 4.7918567], [-75.6456743, 4.7918206], [-75.645301, 4.7920198], [-75.6451959, 4.7922173], [-75.6449636, 4.7922877], [-75.6443422, 4.7924955], [-75.6440818, 4.7926338], [-75.6439216, 4.7925208], [-75.6437526, 4.7926872], [-75.6436532, 4.7929212], [-75.6433466, 4.793155], [-75.6429047, 4.7929391], [-75.642553, 4.7932447], [-75.6423636, 4.7932538], [-75.6417233, 4.7933073], [-75.6417143, 4.7937302], [-75.6417138, 4.7939652], [-75.6417132, 4.7942726], [-75.6419679, 4.7944133], [-75.6417124, 4.7946523], [-75.6415845, 4.7945607], [-75.6414515, 4.7944931], [-75.6412346, 4.794402], [-75.6409156, 4.7942621], [-75.6406201, 4.794226], [-75.6399829, 4.7942689], [-75.6398209, 4.7941601], [-75.6397519, 4.7938094], [-75.6394367, 4.7935005], [-75.6392264, 4.7940504], [-75.6392842, 4.7942792], [-75.6392167, 4.7943939], [-75.6392974, 4.7945839], [-75.6393331, 4.7947558], [-75.6393323, 4.7951354], [-75.6393317, 4.7954066], [-75.6392232, 4.7955691], [-75.6390522, 4.7955562], [-75.6389288, 4.7955195], [-75.6387945, 4.7955371], [-75.6385948, 4.7955577], [-75.6383121, 4.7955802], [-75.6381411, 4.7958923], [-75.6379245, 4.7960546], [-75.6378163, 4.7961086], [-75.6376629, 4.7961716], [-75.6374915, 4.7962526], [-75.6373563, 4.7963065], [-75.6371939, 4.7963875], [-75.6368418, 4.7963726], [-75.6365624, 4.7963631], [-75.6363312, 4.7963937], [-75.6361394, 4.7964305], [-75.6358691, 4.7964299], [-75.6354003, 4.7965284], [-75.6350033, 4.7967536], [-75.6345703, 4.7969696], [-75.6342455, 4.7971316], [-75.6340286, 4.7974024], [-75.633866, 4.797619], [-75.6339393, 4.7977325], [-75.6339777, 4.7979572], [-75.6339858, 4.7982196], [-75.6341614, 4.7986525], [-75.6339876, 4.7987397], [-75.6336611, 4.7986667], [-75.6334676, 4.7986552], [-75.6333491, 4.7990058], [-75.6332189, 4.7991183], [-75.6331258, 4.7991421], [-75.6328805, 4.7991357], [-75.6328352, 4.7992441], [-75.6327809, 4.7993524], [-75.6327084, 4.7995602], [-75.6326179, 4.799729], [-75.6325594, 4.7998894], [-75.6322979, 4.8000927], [-75.6320186, 4.8002712], [-75.6317661, 4.8005395], [-75.6316138, 4.8007124], [-75.6314786, 4.8009551], [-75.6314546, 4.8012089], [-75.631431, 4.8015074], [-75.6315672, 4.8017114], [-75.631783, 4.8016784], [-75.6319359, 4.8017126], [-75.6321057, 4.8017128], [-75.6323669, 4.8016536], [-75.6326066, 4.8015791], [-75.6327777, 4.8016143], [-75.6329332, 4.8018264], [-75.632712, 4.8022455], [-75.6326919, 4.8025741], [-75.63275, 4.8029257], [-75.6328889, 4.8031329], [-75.6330772, 4.8033232], [-75.6334745, 4.8035663], [-75.633805, 4.8037384], [-75.6339607, 4.8040197], [-75.6340234, 4.8041735], [-75.6338145, 4.8043881], [-75.633614, 4.8044989], [-75.6334194, 4.8045225], [-75.633233, 4.8045996], [-75.6330432, 4.8045401], [-75.6328226, 4.8044392], [-75.6324889, 4.8042729], [-75.6323015, 4.8042172], [-75.63216, 4.8043869], [-75.6322245, 4.8047134], [-75.6321712, 4.8050462], [-75.6320771, 4.8052592], [-75.6318164, 4.8053536], [-75.6316381, 4.8053443], [-75.631431, 4.8053731], [-75.6312023, 4.8054498], [-75.6310254, 4.8055629], [-75.630936, 4.8057412], [-75.6308672, 4.8059317], [-75.6308618, 4.8062097], [-75.6310067, 4.8064315], [-75.6311864, 4.8065866], [-75.6313956, 4.8067389], [-75.6315485, 4.8071211], [-75.6315887, 4.8074739], [-75.6315887, 4.807677], [-75.6316103, 4.8078519], [-75.631624, 4.8079855], [-75.6315935, 4.8081469], [-75.6316182, 4.8084388], [-75.6316316, 4.8088317], [-75.6315431, 4.8091658], [-75.6315056, 4.809409], [-75.6315176, 4.809719], [-75.6314814, 4.8100585], [-75.6314546, 4.8103979], [-75.6315002, 4.8106411], [-75.6314009, 4.8109111], [-75.6313285, 4.8113227], [-75.631063, 4.8115953], [-75.6307733, 4.8116595], [-75.6305105, 4.8117022], [-75.630253, 4.8117022], [-75.6301001, 4.8115419], [-75.6299955, 4.8113815], [-75.6298365, 4.8112697], [-75.6295074, 4.8112889], [-75.6291141, 4.8117207], [-75.6290147, 4.8118561], [-75.6289603, 4.8120187], [-75.6289149, 4.8121451], [-75.6288334, 4.8123619], [-75.6288061, 4.8124704], [-75.6286975, 4.8126871], [-75.6286034, 4.8128569], [-75.6285203, 4.8129477], [-75.6284452, 4.8129905], [-75.6283405, 4.8129932], [-75.6282333, 4.8130814], [-75.6283164, 4.8132471], [-75.6284505, 4.8133674], [-75.6285739, 4.8135144], [-75.6287241, 4.8136587], [-75.6288502, 4.8138511], [-75.6289119, 4.8140168], [-75.6289092, 4.8141077], [-75.628877, 4.8143242], [-75.6287509, 4.8145674], [-75.6286329, 4.8147866], [-75.6286222, 4.814987], [-75.6286329, 4.8151661], [-75.6285766, 4.8153826], [-75.6284907, 4.8155563], [-75.6283218, 4.8157715], [-75.6282066, 4.8159089], [-75.6281608, 4.8159653], [-75.6280227, 4.8159986], [-75.6277787, 4.8160013], [-75.6276526, 4.8160575], [-75.6275466, 4.8161497], [-75.6275091, 4.8162405], [-75.6274876, 4.8163087], [-75.6274474, 4.8163582], [-75.6273548, 4.8164196], [-75.6273307, 4.8164597], [-75.6273267, 4.8165132], [-75.6272998, 4.8165693], [-75.6272234, 4.8166455], [-75.627147, 4.816735], [-75.6270692, 4.8167818], [-75.6268814, 4.8168272], [-75.6267889, 4.8168686], [-75.6267379, 4.8169635], [-75.6267057, 4.8170744], [-75.6266387, 4.8171546], [-75.6265783, 4.8171787], [-75.6264724, 4.8171773], [-75.6263235, 4.8171747], [-75.6261331, 4.8171667], [-75.6260084, 4.8171493], [-75.6259467, 4.817164], [-75.6258716, 4.8172001], [-75.6257992, 4.8172549], [-75.6257321, 4.8172843], [-75.6256422, 4.8172829], [-75.6255551, 4.8172655], [-75.6253912, 4.8172505], [-75.6253472, 4.8173163], [-75.6253392, 4.8173938], [-75.6253096, 4.8174446], [-75.6252252, 4.8175021], [-75.6251648, 4.8175382], [-75.6251232, 4.8175636], [-75.6249972, 4.8175916], [-75.6249543, 4.8176491], [-75.6249261, 4.8177827], [-75.6249529, 4.8179297], [-75.6249905, 4.8180874], [-75.6249985, 4.8182184], [-75.6249878, 4.8183092], [-75.6249599, 4.8183843], [-75.6244576, 4.8202207], [-75.6238709, 4.8217411], [-75.623481, 4.8228158], [-75.6254232, 4.8235581], [-75.6284759, 4.8249046], [-75.6331967, 4.8269568], [-75.6316707, 4.8282964], [-75.6315535, 4.8302797], [-75.63122, 4.8311609], [-75.6302647, 4.8336856], [-75.6300517, 4.8361155], [-75.6295696, 4.8386291], [-75.6287506, 4.8408457], [-75.6283891, 4.842872], [-75.6294436, 4.8442673], [-75.6295942, 4.8445047], [-75.629886, 4.8447382], [-75.6303959, 4.844772], [-75.6309678, 4.8450205], [-75.6331469, 4.8462573], [-75.6351452, 4.848988], [-75.6357127, 4.850907], [-75.6367488, 4.852563], [-75.6366677, 4.8536313], [-75.6370962, 4.8554278], [-75.6389094, 4.8581682], [-75.6390786, 4.8586716], [-75.639269, 4.858989], [-75.6407502, 4.8618992], [-75.641343, 4.8629407], [-75.6422124, 4.8643051], [-75.6430867, 4.8670128], [-75.6434287, 4.8680718], [-75.6436929, 4.8691108], [-75.6440778, 4.870624], [-75.6445907, 4.8735305], [-75.6449715, 4.8756882], [-75.6459028, 4.8774696], [-75.6460234, 4.8775256], [-75.6479045, 4.8783993], [-75.6481662, 4.8785209], [-75.6492941, 4.8791365], [-75.6503894, 4.8797343], [-75.6521653, 4.8816057], [-75.6534622, 4.8829724], [-75.6538649, 4.8830747], [-75.6555239, 4.8834964], [-75.656453, 4.8835118], [-75.6578255, 4.8835345], [-75.6583152, 4.8834615], [-75.6590514, 4.8833517], [-75.6602895, 4.8831671], [-75.661404, 4.8829174], [-75.6631978, 4.8825156], [-75.6637534, 4.8821426], [-75.6642615, 4.8819061], [-75.6648039, 4.8816537], [-75.6652414, 4.8813707], [-75.6653524, 4.8811241], [-75.6653568, 4.8808529], [-75.6653674, 4.8805817], [-75.6655094, 4.8803525], [-75.6657479, 4.8802232], [-75.665995, 4.8801141], [-75.6662131, 4.8799543], [-75.6663246, 4.8797077], [-75.6663539, 4.8794381], [-75.6663577, 4.8791669], [-75.6663712, 4.8788963], [-75.6664269, 4.8786306], [-75.6665446, 4.8783862], [-75.6667136, 4.8781751], [-75.6669199, 4.8779989], [-75.6671517, 4.87786], [-75.6674027, 4.8777588], [-75.6676661, 4.8776983], [-75.6679365, 4.8776869], [-75.668203, 4.8777309], [-75.6684572, 4.8778241], [-75.6686952, 4.8779529], [-75.6689192, 4.8781044], [-75.6691347, 4.8782683], [-75.6693458, 4.8784373], [-75.6695586, 4.8786051], [-75.6697763, 4.8787656], [-75.6700037, 4.878912], [-75.6702029, 4.8790782], [-75.6703218, 4.8792262], [-75.6709605, 4.880021], [-75.6714213, 4.8800815], [-75.6718447, 4.8799828], [-75.672243, 4.8797796], [-75.6723802, 4.8797], [-75.6726351, 4.8795521], [-75.6730237, 4.8793111], [-75.6734129, 4.87907], [-75.6738055, 4.8788397], [-75.6742055, 4.8786331], [-75.6746163, 4.8784615], [-75.6750418, 4.8783356], [-75.6754826, 4.8782521], [-75.6759337, 4.8782013], [-75.6761782, 4.8781859], [-75.6763899, 4.8781726], [-75.6768461, 4.8781557], [-75.6772978, 4.8781393], [-75.677754, 4.8781224], [-75.6782147, 4.8781179], [-75.6786704, 4.8781417], [-75.6791105, 4.8782079], [-75.6792229, 4.8782474], [-75.6795192, 4.8783516], [-75.6798786, 4.8786326], [-75.6802303, 4.8789386], [-75.680629, 4.8791275], [-75.6811004, 4.8791461], [-75.6814928, 4.8793062], [-75.6815948, 4.8794301], [-75.6817798, 4.8796547], [-75.6820606, 4.8800257], [-75.6821447, 4.8800895], [-75.6824178, 4.8802967], [-75.6828244, 4.8805104], [-75.6832434, 4.8807088], [-75.6835992, 4.8809013], [-75.6836427, 4.8809248], [-75.6838154, 4.8810583], [-75.683988, 4.8811918], [-75.6842412, 4.8815522], [-75.68436, 4.8819297], [-75.684189, 4.8821109], [-75.6840567, 4.8823787], [-75.6841093, 4.882665], [-75.68443, 4.8827218], [-75.6847168, 4.882664], [-75.6847962, 4.8828057], [-75.6852448, 4.8829035], [-75.6856177, 4.8826647], [-75.6859543, 4.8823266], [-75.6863278, 4.8821291], [-75.6868186, 4.8824295], [-75.6868454, 4.8829501], [-75.6870843, 4.8836289], [-75.686935, 4.8842094], [-75.6871523, 4.8842664], [-75.687402, 4.8840749], [-75.6877838, 4.8841681], [-75.6878335, 4.8843029], [-75.6878362, 4.8847458], [-75.6877286, 4.8852116], [-75.687795, 4.8856363], [-75.6880015, 4.8860274], [-75.6882587, 4.8864058], [-75.6882771, 4.8870184], [-75.6884911, 4.8875479], [-75.688114, 4.8876598], [-75.6878848, 4.8878945], [-75.6879027, 4.8882318], [-75.6880973, 4.8885191], [-75.6885885, 4.8885336], [-75.6888806, 4.8885865], [-75.6892475, 4.8892381], [-75.6892573, 4.8892592], [-75.6893286, 4.8891503], [-75.6893946, 4.8890162], [-75.6896631, 4.8884339], [-75.6892698, 4.8880467], [-75.6894895, 4.8874645], [-75.6896438, 4.8870121], [-75.6898156, 4.886735], [-75.6897156, 4.8861106], [-75.6898204, 4.8855429], [-75.6900513, 4.8852144], [-75.6909275, 4.8847225], [-75.6912936, 4.8847427], [-75.6919565, 4.8845568], [-75.6920535, 4.8845335], [-75.6926764, 4.8843837], [-75.6934474, 4.8844769], [-75.6939342, 4.8842292], [-75.6943576, 4.8838576], [-75.694661, 4.8835912], [-75.6945957, 4.883265], [-75.6947645, 4.883159], [-75.6951158, 4.8833498], [-75.6955687, 4.8832942], [-75.6956817, 4.882993], [-75.6959039, 4.8826455], [-75.6964266, 4.8822027], [-75.6963324, 4.8819415], [-75.696418, 4.8817004], [-75.6965112, 4.8813998], [-75.6965222, 4.8813642], [-75.6968718, 4.8812328], [-75.6973896, 4.8809558], [-75.697611, 4.8808374], [-75.6979456, 4.880601], [-75.6981843, 4.8803814], [-75.6983882, 4.8800409], [-75.6984421, 4.8799153], [-75.6985461, 4.8796728], [-75.698596, 4.8792307], [-75.6986006, 4.8791898], [-75.6987715, 4.8788019], [-75.6990088, 4.8784425], [-75.6993027, 4.8779938], [-75.6992863, 4.8775149], [-75.6993375, 4.8763673], [-75.6994987, 4.8757975], [-75.6996674, 4.8754195], [-75.7000213, 4.8748587], [-75.7005544, 4.8748368], [-75.700969, 4.8748498], [-75.7013885, 4.8746969], [-75.7017433, 4.8744444], [-75.701953, 4.8742791], [-75.7021249, 4.8740074], [-75.702321, 4.8732417], [-75.7027642, 4.8721823], [-75.7034182, 4.8718938], [-75.7039441, 4.8719435], [-75.704375, 4.8723303], [-75.7044525, 4.8723518], [-75.7048588, 4.8724643], [-75.7052366, 4.8724405], [-75.706224, 4.8723068], [-75.7070669, 4.8717687], [-75.7081692, 4.8719585], [-75.7091667, 4.8733335], [-75.7092259, 4.8707729], [-75.7099013, 4.8674208], [-75.7098355, 4.8670225], [-75.7102366, 4.864713], [-75.7105548, 4.8611875], [-75.711681, 4.8572972], [-75.7124464, 4.8551892], [-75.71408, 4.8516613], [-75.7140982, 4.851622], [-75.7148628, 4.8491484], [-75.7155468, 4.8474061], [-75.7160285, 4.844853], [-75.7165907, 4.8420975], [-75.7160207, 4.8383294], [-75.7172679, 4.8337497], [-75.7185588, 4.8323302], [-75.7186372, 4.8302645]]]}}, {"type": "Feature", "properties": {"nombre": "C\u00facuta", "zona": "cucuta", "centro": [8.0776187, -72.4689002]}, "geometry": {"type": "Polygon", "coordinates": [[[-72.6068339, 8.2817113], [-72.6066758, 8.2817433], [-72.6063671, 8.2818261], [-72.6062176, 8.2818449], [-72.6060533, 8.2818357], [-72.6056376, 8.2817802], [-72.6052243, 8.281788], [-72.6049799, 8.2818241], [-72.6046728, 8.2819166], [-72.6045276, 8.2819815], [-72.6043889, 8.282065], [-72.6039955, 8.282377], [-72.6037307, 8.2825827], [-72.6028306, 8.2830851], [-72.6020561, 8.2835956], [-72.6018456, 8.2837113], [-72.6016114, 8.2837939], [-72.6013631, 8.2838312], [-72.6011989, 8.2838237], [-72.6010458, 8.2837839], [-72.6005138, 8.2835761], [-72.6003413, 8.283544], [-72.6000772, 8.2835303], [-72.5998162, 8.2835505], [-72.5996506, 8.2835919], [-72.5991815, 8.2838432], [-72.5989801, 8.2838808], [-72.5986847, 8.2838127], [-72.5985159, 8.2837549], [-72.5979003, 8.2838198], [-72.5971374, 8.2839645], [-72.5968821, 8.2839972], [-72.596467, 8.2840129], [-72.5948045, 8.2840179], [-72.5943687, 8.2840481], [-72.5941925, 8.2840851], [-72.5940148, 8.2841414], [-72.5933625, 8.2844133], [-72.5909148, 8.2845344], [-72.5894734, 8.2843007], [-72.5882693, 8.2833487], [-72.5875463, 8.2826339], [-72.5856229, 8.2819238], [-72.5827419, 8.2819346], [-72.5805803, 8.2817036], [-72.5798555, 8.2805106], [-72.5793717, 8.2795558], [-72.5784077, 8.2786028], [-72.5772055, 8.278129], [-72.5750447, 8.2781371], [-72.573847, 8.2788591], [-72.5726502, 8.2798202], [-72.571216, 8.2814996], [-72.5704899, 8.2816228], [-72.5695983, 8.2816836], [-72.5684533, 8.2817646], [-72.5679062, 8.2817748], [-72.5671159, 8.2818254], [-72.5659912, 8.2819065], [-72.5650286, 8.2819774], [-72.5641268, 8.282099], [-72.5634885, 8.2823118], [-72.5633669, 8.2827779], [-72.5632757, 8.2831528], [-72.5632251, 8.2836695], [-72.5631845, 8.2840546], [-72.5631237, 8.2845814], [-72.563097, 8.2848875], [-72.5625685, 8.2848538], [-72.5624008, 8.2848172], [-72.5622481, 8.2847487], [-72.5619115, 8.2845487], [-72.5613266, 8.2845748], [-72.560815, 8.2845377], [-72.5606521, 8.2845429], [-72.5604125, 8.284586], [-72.5602231, 8.2846594], [-72.55969, 8.2849931], [-72.5592781, 8.2847067], [-72.5589403, 8.2845167], [-72.5586769, 8.2844204], [-72.5581731, 8.284273], [-72.557695, 8.2841558], [-72.5571802, 8.2841248], [-72.5566728, 8.2841312], [-72.5559408, 8.284169], [-72.5551851, 8.284122], [-72.5546535, 8.2841331], [-72.5543256, 8.2841775], [-72.5540862, 8.2842338], [-72.5538499, 8.2843325], [-72.5536198, 8.2844665], [-72.5531642, 8.2847726], [-72.5527798, 8.2850639], [-72.5525736, 8.2852582], [-72.5522524, 8.2856203], [-72.5514287, 8.286088], [-72.5504869, 8.2864046], [-72.549125, 8.2864096], [-72.548496, 8.2863076], [-72.5481813, 8.2862044], [-72.5475098, 8.286113], [-72.5475479, 8.2858842], [-72.5477733, 8.2850463], [-72.548451, 8.2829262], [-72.5487279, 8.281959], [-72.5488647, 8.2816099], [-72.5490103, 8.2813438], [-72.5495991, 8.2805137], [-72.5497882, 8.2802115], [-72.5499846, 8.2798143], [-72.5501695, 8.2793326], [-72.550531, 8.2781892], [-72.550811, 8.2773791], [-72.5508884, 8.2770934], [-72.5509369, 8.2767262], [-72.5509376, 8.2759075], [-72.5509591, 8.2755507], [-72.5509599, 8.2755465], [-72.5513136, 8.275103], [-72.5517964, 8.2743375], [-72.5522427, 8.2735505], [-72.5526219, 8.2727297], [-72.5529028, 8.2718704], [-72.5531333, 8.270996], [-72.5533447, 8.2701171], [-72.5535383, 8.269234], [-72.553721, 8.2683487], [-72.5538962, 8.2674618], [-72.5540693, 8.2665745], [-72.5542445, 8.2656877], [-72.5544284, 8.2648026], [-72.5546068, 8.2639164], [-72.554754, 8.2630245], [-72.5548906, 8.2621309], [-72.5550444, 8.2612401], [-72.5552434, 8.2603583], [-72.5555199, 8.2594975], [-72.5559695, 8.2587169], [-72.5566336, 8.2580991], [-72.5571428, 8.2576594], [-72.5573207, 8.2575059], [-72.5578458, 8.2567733], [-72.5581564, 8.2559247], [-72.5583927, 8.2550521], [-72.558574, 8.2541664], [-72.5587171, 8.2532739], [-72.5588385, 8.2523782], [-72.5589519, 8.2514814], [-72.5590562, 8.2505835], [-72.55913, 8.2496827], [-72.5591798, 8.2487802], [-72.5592129, 8.2478769], [-72.559239, 8.2469734], [-72.5592673, 8.24607], [-72.559293, 8.2451665], [-72.5592819, 8.2442616], [-72.5593157, 8.2433613], [-72.559487, 8.2424685], [-72.5596786, 8.2415722], [-72.5598808, 8.240675], [-72.5600838, 8.2397797], [-72.5602778, 8.2388887], [-72.5604532, 8.2380048], [-72.5606002, 8.2371307], [-72.5606942, 8.2362748], [-72.5599838, 8.2356864], [-72.5597893, 8.2348051], [-72.5597952, 8.2338994], [-72.5598442, 8.2329969], [-72.5598833, 8.232094], [-72.55989, 8.2311901], [-72.559893, 8.2302862], [-72.5599, 8.2284785], [-72.5599194, 8.2275749], [-72.5599667, 8.2266722], [-72.5600135, 8.2257696], [-72.5600347, 8.224866], [-72.5600008, 8.2239618], [-72.5598187, 8.2230729], [-72.559096, 8.2224334], [-72.5588268, 8.2216735], [-72.5589016, 8.2208058], [-72.5590284, 8.2199225], [-72.5591927, 8.219028], [-72.5593802, 8.2181265], [-72.5595764, 8.2172225], [-72.5597668, 8.2163202], [-72.5599498, 8.2153505], [-72.5595052, 8.2149006], [-72.5583794, 8.2135246], [-72.5570033, 8.212649], [-72.5555022, 8.211273], [-72.5554849, 8.2111947], [-72.5551703, 8.2109804], [-72.5544631, 8.2105304], [-72.5536209, 8.2104468], [-72.5528301, 8.2104403], [-72.5519686, 8.2104403], [-72.5514028, 8.2104596], [-72.5512259, 8.2105172], [-72.5510678, 8.210652], [-72.5508799, 8.2106644], [-72.5507155, 8.2106612], [-72.5502821, 8.2106086], [-72.5500611, 8.2106785], [-72.5499401, 8.2108335], [-72.549838, 8.2111108], [-72.549749, 8.2112864], [-72.5495787, 8.2114428], [-72.5493953, 8.2115062], [-72.5489025, 8.2115686], [-72.5487165, 8.2116543], [-72.5485575, 8.2117997], [-72.5483115, 8.2121246], [-72.5481641, 8.2122655], [-72.5479517, 8.2124141], [-72.5473501, 8.2127734], [-72.5471183, 8.2128969], [-72.5470477, 8.2130046], [-72.5469772, 8.2131123], [-72.5467343, 8.2135194], [-72.5466163, 8.2136372], [-72.5459653, 8.2140664], [-72.54583, 8.2141182], [-72.5453532, 8.2142396], [-72.5451619, 8.2143497], [-72.5450511, 8.2144623], [-72.5449589, 8.2145953], [-72.5448453, 8.2148282], [-72.5445807, 8.2154784], [-72.5444968, 8.2156245], [-72.5443721, 8.215765], [-72.5442612, 8.2159563], [-72.5440344, 8.2160411], [-72.5437324, 8.2159497], [-72.5433715, 8.2158657], [-72.5430079, 8.2160688], [-72.542906, 8.2162565], [-72.5427765, 8.2167773], [-72.5418691, 8.2178483], [-72.5416583, 8.2181316], [-72.5415119, 8.2184144], [-72.5413579, 8.2188665], [-72.5412934, 8.2190063], [-72.5412138, 8.2191337], [-72.5411155, 8.219254], [-72.5409351, 8.2194144], [-72.540753, 8.2195257], [-72.5403019, 8.2197328], [-72.5401119, 8.2198444], [-72.5399446, 8.2199721], [-72.5395918, 8.2203041], [-72.539449, 8.220403], [-72.5392254, 8.2205012], [-72.5387506, 8.2206562], [-72.5385248, 8.2207578], [-72.5382417, 8.2209279], [-72.5377014, 8.2213055], [-72.5375568, 8.2213823], [-72.5371787, 8.2215471], [-72.5369811, 8.2216595], [-72.5367918, 8.2218054], [-72.5366189, 8.2219723], [-72.536183, 8.2225869], [-72.5360135, 8.2226877], [-72.5358714, 8.2227759], [-72.5354878, 8.2229259], [-72.5350705, 8.2230354], [-72.5345294, 8.2231187], [-72.5339158, 8.2231803], [-72.533342, 8.2235202], [-72.5332989, 8.2231716], [-72.5332759, 8.2228576], [-72.5331362, 8.222729], [-72.5330099, 8.2226346], [-72.532962, 8.2225956], [-72.5329533, 8.2225842], [-72.5326123, 8.2221066], [-72.5318461, 8.2213488], [-72.5315038, 8.2205331], [-72.5314156, 8.2196039], [-72.5315249, 8.2185612], [-72.5322544, 8.2170093], [-72.5321653, 8.2158265], [-72.5318233, 8.2150954], [-72.5312345, 8.2145596], [-72.5311141, 8.2144501], [-72.5306327, 8.2142546], [-72.5296711, 8.2141736], [-72.5289926, 8.2142042], [-72.5282871, 8.2145729], [-72.5273827, 8.2146889], [-72.5264205, 8.2144388], [-72.5256824, 8.2136246], [-72.5256789, 8.2126387], [-72.5258441, 8.2114268], [-72.5266328, 8.2106071], [-72.5274232, 8.2102662], [-72.5284677, 8.2098117], [-72.5292006, 8.2091894], [-72.5292252, 8.2081752], [-72.5288547, 8.2073596], [-72.5281718, 8.206179], [-72.5276309, 8.2051669], [-72.5275123, 8.2036462], [-72.5277627, 8.2025185], [-72.5282015, 8.2020231], [-72.5286638, 8.2015012], [-72.5297912, 8.2005394], [-72.5298175, 8.2000041], [-72.529816, 8.1995815], [-72.5296155, 8.198878], [-72.5291614, 8.1984008], [-72.5284532, 8.198009], [-72.527434, 8.1976465], [-72.526838, 8.1970007], [-72.5264679, 8.1962978], [-72.5264363, 8.1953965], [-72.5264896, 8.1944949], [-72.5269953, 8.1935917], [-72.5276183, 8.1925187], [-72.5276644, 8.1924394], [-72.5281754, 8.1915593], [-72.5285639, 8.1904631], [-72.5285952, 8.1903747], [-72.5288724, 8.1888525], [-72.528869, 8.187923], [-72.5286116, 8.187107], [-72.5286086, 8.1862901], [-72.5287206, 8.1859799], [-72.5289459, 8.1857255], [-72.5293687, 8.185386], [-72.5301309, 8.1850734], [-72.5311485, 8.1850134], [-72.5323661, 8.1855442], [-72.5335857, 8.1866102], [-72.5348029, 8.1870002], [-72.5366114, 8.1867683], [-72.5378239, 8.1858907], [-72.5385826, 8.1845922], [-72.538773, 8.1825352], [-72.5382839, 8.1802271], [-72.5381686, 8.1796078], [-72.5376568, 8.1788209], [-72.5366074, 8.1778951], [-72.5355306, 8.1771948], [-72.5349924, 8.176915], [-72.5339458, 8.176778], [-72.5324475, 8.1767834], [-72.5315124, 8.1761952], [-72.5307181, 8.1754656], [-72.5302343, 8.174566], [-72.5303696, 8.1729035], [-72.5312412, 8.1715764], [-72.5318304, 8.1703349], [-72.5320816, 8.1694326], [-72.5319654, 8.1685879], [-72.5317925, 8.1683552], [-72.5309427, 8.1672113], [-72.5289268, 8.1648242], [-72.5286688, 8.1638392], [-72.5284955, 8.1628257], [-72.5291697, 8.1616121], [-72.5308095, 8.1616625], [-72.5328162, 8.1615145], [-72.5339436, 8.1605527], [-72.5342779, 8.1591993], [-72.5342171, 8.1580165], [-72.5340693, 8.1562423], [-72.5340354, 8.1546932], [-72.5340318, 8.1537073], [-72.5340822, 8.1519888], [-72.5345017, 8.1507478], [-72.5354587, 8.1495895], [-72.5364144, 8.1480931], [-72.537143, 8.1463158], [-72.5381535, 8.1443404], [-72.5385563, 8.1434646], [-72.539023, 8.1424499], [-72.5392592, 8.1417397], [-72.5395826, 8.1408423], [-72.5398009, 8.1402415], [-72.5396828, 8.1388673], [-72.5395184, 8.1371777], [-72.5390858, 8.1362744], [-72.5386133, 8.1356105], [-72.5379791, 8.134676], [-72.5375798, 8.133716], [-72.5375778, 8.133149], [-72.5376735, 8.1322489], [-72.5379816, 8.131952], [-72.5386116, 8.1317032], [-72.5393768, 8.1312321], [-72.5398572, 8.130688], [-72.5401273, 8.13012], [-72.5401624, 8.1295652], [-72.5403583, 8.1290345], [-72.5407404, 8.128651], [-72.5412337, 8.1282425], [-72.5417385, 8.1275874], [-72.5423556, 8.1272277], [-72.542739, 8.1272017], [-72.5430729, 8.1272005], [-72.5434689, 8.1272361], [-72.5438901, 8.1274194], [-72.5441609, 8.1276512], [-72.5444511, 8.1280068], [-72.5445281, 8.1279653], [-72.5454766, 8.1276013], [-72.5463309, 8.1262236], [-72.5463735, 8.1255023], [-72.546389, 8.1235643], [-72.5464039, 8.1214459], [-72.546673, 8.120814], [-72.5469884, 8.1204748], [-72.5483, 8.12047], [-72.5492947, 8.1203763], [-72.5499265, 8.1200135], [-72.5501973, 8.1198547], [-72.5505349, 8.1194028], [-72.5507354, 8.1185908], [-72.5508457, 8.1178242], [-72.5508882, 8.1170805], [-72.5512026, 8.1164708], [-72.5517439, 8.1160858], [-72.5522412, 8.1160389], [-72.5527857, 8.1163656], [-72.5530711, 8.1167494], [-72.5534219, 8.1173417], [-72.5540574, 8.1179704], [-72.5549845, 8.117967], [-72.5558435, 8.1178737], [-72.5572877, 8.1170122], [-72.5582782, 8.1157917], [-72.558952, 8.1145498], [-72.5594245, 8.113872], [-72.5598518, 8.1132395], [-72.5601444, 8.1128553], [-72.5602375, 8.1127491], [-72.5608931, 8.1120609], [-72.5622594, 8.1123379], [-72.5631499, 8.1125093], [-72.5640478, 8.1126374], [-72.564953, 8.1126987], [-72.5658589, 8.1126394], [-72.5666901, 8.1122835], [-72.5672431, 8.1118436], [-72.5700311, 8.109892], [-72.5731363, 8.1095469], [-72.5767502, 8.1092458], [-72.5772766, 8.1092019], [-72.5796917, 8.1071318], [-72.5824519, 8.1054067], [-72.584522, 8.1033365], [-72.5855571, 8.1012664], [-72.5862471, 8.0985062], [-72.5862471, 8.0960911], [-72.5855571, 8.094021], [-72.5855571, 8.0905707], [-72.5862471, 8.0874655], [-72.586864, 8.0853064], [-72.5869247, 8.0849547], [-72.5866609, 8.0795485], [-72.5862653, 8.0766475], [-72.5862895, 8.0765603], [-72.5863136, 8.0764736], [-72.5863273, 8.0764243], [-72.5869247, 8.0742741], [-72.5879795, 8.0712413], [-72.587584, 8.0684722], [-72.5869247, 8.0617473], [-72.5873202, 8.0580552], [-72.5906167, 8.0534401], [-72.5918035, 8.0504073], [-72.5918035, 8.0481657], [-72.5916716, 8.0444736], [-72.5925946, 8.0411771], [-72.5936495, 8.0369576], [-72.5936495, 8.0341885], [-72.5929902, 8.0323425], [-72.5906167, 8.0287822], [-72.58943, 8.0260132], [-72.5893028, 8.024699], [-72.5890344, 8.0219255], [-72.5895619, 8.0199476], [-72.5903213, 8.0176692], [-72.5903213, 8.0144675], [-72.5903213, 8.0130528], [-72.5920583, 8.0057574], [-72.5948375, 8.0005464], [-72.5951849, 7.9939457], [-72.5950925, 7.9875818], [-72.5951142, 7.9860014], [-72.5951849, 7.9808726], [-72.5951849, 7.9807445], [-72.595669, 7.9781303], [-72.5965046, 7.973618], [-72.5969219, 7.9713647], [-72.5968217, 7.9698612], [-72.5965745, 7.9661536], [-72.5962271, 7.9602478], [-72.5934479, 7.956079], [-72.5913635, 7.950868], [-72.5911462, 7.9476079], [-72.5910161, 7.945657], [-72.5889317, 7.942183], [-72.5871947, 7.9341927], [-72.5861525, 7.9282869], [-72.5875421, 7.9220337], [-72.5912258, 7.9112659], [-72.5913525, 7.9108957], [-72.5920583, 7.9088324], [-72.5921659, 7.9086979], [-72.5921672, 7.908407], [-72.5922615, 7.9078199], [-72.5922721, 7.9074913], [-72.5919536, 7.9052514], [-72.5913498, 7.9034237], [-72.5896505, 7.9007401], [-72.5892891, 7.8994001], [-72.588684, 7.8979374], [-72.5885667, 7.8965983], [-72.5885421, 7.8954892], [-72.5884893, 7.8946089], [-72.5884216, 7.8937074], [-72.5883027, 7.8928114], [-72.5880847, 7.8919344], [-72.5877522, 7.8910936], [-72.587363, 7.8902773], [-72.5869332, 7.8894814], [-72.5864753, 7.8887013], [-72.5859994, 7.887932], [-72.5855309, 7.8871523], [-72.5848636, 7.8865233], [-72.5840312, 7.8867458], [-72.5831655, 7.887057], [-72.5822622, 7.8869878], [-72.5814308, 7.8866312], [-72.5805999, 7.8862732], [-72.5796988, 7.8861753], [-72.5787926, 7.8862127], [-72.5778913, 7.8863097], [-72.5769929, 7.8864338], [-72.5761542, 7.886724], [-72.5755285, 7.8873886], [-72.57537, 7.8876176], [-72.5750137, 7.8881324], [-72.5746633, 7.8889651], [-72.5744901, 7.8898461], [-72.5744472, 7.8907536], [-72.5739256, 7.8914712], [-72.5732652, 7.8920907], [-72.5725754, 7.8926773], [-72.5718774, 7.8932541], [-72.5711795, 7.8939377], [-72.5706698, 7.8933431], [-72.5701983, 7.8925717], [-72.5697235, 7.8917443], [-72.5692077, 7.8909519], [-72.5686128, 7.8902717], [-72.5679269, 7.8896686], [-72.5671854, 7.8891273], [-72.5664274, 7.8886441], [-72.565523, 7.8885785], [-72.5647587, 7.8889439], [-72.5639995, 7.8896333], [-72.5633483, 7.8903132], [-72.5627235, 7.890797], [-72.562334, 7.8910544], [-72.5615395, 7.8909635], [-72.5612833, 7.891143], [-72.5610558, 7.8916415], [-72.5607089, 7.8919489], [-72.5604169, 7.8922925], [-72.5599788, 7.8925818], [-72.559888, 7.8929539], [-72.559997, 7.8933864], [-72.5599697, 7.8937299], [-72.5598145, 7.8938836], [-72.5595407, 7.8939559], [-72.5592669, 7.893757], [-72.5591208, 7.8933412], [-72.5590296, 7.8929976], [-72.5587284, 7.8920936], [-72.5586462, 7.891524], [-72.5585024, 7.8910873], [-72.5582909, 7.8909934], [-72.5579726, 7.8911713], [-72.5577244, 7.8915602], [-72.5576149, 7.8919037], [-72.5574597, 7.8922563], [-72.5572224, 7.8925546], [-72.5568756, 7.8926812], [-72.5565379, 7.8925185], [-72.5563919, 7.8922292], [-72.556547, 7.8918675], [-72.5568026, 7.8915963], [-72.5568045, 7.8912321], [-72.5565883, 7.8910911], [-72.5557674, 7.8910205], [-72.554667, 7.8908578], [-72.5544723, 7.8908237], [-72.5539371, 7.8907299], [-72.5535056, 7.8910439], [-72.5532887, 7.8913342], [-72.5528154, 7.8914812], [-72.5524791, 7.891323], [-72.5512556, 7.8904362], [-72.5504832, 7.8899048], [-72.550418, 7.8896871], [-72.5503597, 7.8894389], [-72.5504213, 7.8891746], [-72.550634, 7.8887508], [-72.5506005, 7.8883975], [-72.55029, 7.8881407], [-72.5497536, 7.8881407], [-72.549072, 7.8886672], [-72.5486453, 7.8890259], [-72.5486704, 7.8896616], [-72.5485974, 7.8901498], [-72.5480477, 7.8902889], [-72.5472349, 7.8903658], [-72.5468085, 7.8904663], [-72.5464458, 7.8904208], [-72.5461239, 7.8900956], [-72.546018, 7.8898462], [-72.5459464, 7.8896774], [-72.5459613, 7.8891712], [-72.5461195, 7.8886985], [-72.5462142, 7.8881894], [-72.5462049, 7.8875828], [-72.546218, 7.8869953], [-72.5461877, 7.8864183], [-72.5460955, 7.885981], [-72.5459596, 7.8856837], [-72.5453116, 7.8854758], [-72.5449909, 7.8853306], [-72.5447354, 7.8852148], [-72.544569, 7.8850025], [-72.544543, 7.8846813], [-72.5448461, 7.8842011], [-72.5451108, 7.8837761], [-72.5451017, 7.8834687], [-72.5449648, 7.8831885], [-72.5445815, 7.8831523], [-72.5440247, 7.883297], [-72.5434255, 7.8835183], [-72.5427287, 7.8835863], [-72.5421726, 7.8834817], [-72.5418981, 7.8831523], [-72.5420076, 7.8825195], [-72.5420259, 7.8819228], [-72.5416973, 7.8815431], [-72.5413505, 7.8810549], [-72.5411497, 7.8803497], [-72.54146, 7.8799519], [-72.5418434, 7.8794818], [-72.5419894, 7.8785415], [-72.5422815, 7.8780895], [-72.5430952, 7.8778021], [-72.5436814, 7.8778552], [-72.5442828, 7.8784279], [-72.54459, 7.8782682], [-72.5448615, 7.8774793], [-72.5448829, 7.8766367], [-72.5447689, 7.8760824], [-72.544857, 7.8755775], [-72.5452592, 7.874625], [-72.5456496, 7.8737766], [-72.545195, 7.8730039], [-72.5453295, 7.8721217], [-72.5457954, 7.8713471], [-72.5463571, 7.8706374], [-72.5469467, 7.86995], [-72.547636, 7.8693677], [-72.5483818, 7.868853], [-72.5491129, 7.8683187], [-72.5498563, 7.8678012], [-72.5506447, 7.8673448], [-72.5515417, 7.8672364], [-72.5522507, 7.8677884], [-72.5529791, 7.868019], [-72.553589, 7.8675049], [-72.5536489, 7.8674312], [-72.5536845, 7.86741], [-72.5549205, 7.8661974], [-72.5549531, 7.8661219], [-72.5554062, 7.8653314], [-72.5554875, 7.8644434], [-72.5554658, 7.8635398], [-72.5554316, 7.8626365], [-72.5554185, 7.8617327], [-72.5554604, 7.8608299], [-72.5555132, 7.8601819], [-72.5555338, 7.859929], [-72.5556607, 7.8590339], [-72.5559103, 7.8581629], [-72.5564439, 7.8574398], [-72.5571838, 7.8569158], [-72.5579707, 7.8565067], [-72.5588658, 7.8563371], [-72.5595865, 7.8558105], [-72.5602206, 7.8551617], [-72.5608639, 7.854525], [-72.5615062, 7.853887], [-72.5621619, 7.8532631], [-72.5628499, 7.8526747], [-72.5635238, 7.8520702], [-72.5640024, 7.8513214], [-72.5633972, 7.8506825], [-72.5633898, 7.8506151], [-72.5633066, 7.8498627], [-72.5638216, 7.8491224], [-72.5645725, 7.8486158], [-72.5653621, 7.8481701], [-72.566189, 7.8478006], [-72.5670829, 7.8476638], [-72.5679635, 7.84781], [-72.568636, 7.8484254], [-72.5693632, 7.8489564], [-72.5702415, 7.8491581], [-72.5706264, 7.849045], [-72.5710118, 7.8489215], [-72.571109, 7.848899], [-72.571912, 7.8484756], [-72.5726123, 7.847907], [-72.5732258, 7.8472412], [-72.5750747, 7.8469747], [-72.5755071, 7.8469062], [-72.5763794, 7.8466609], [-72.5771074, 7.8462692], [-72.5771764, 7.8462321], [-72.5778566, 7.8456197], [-72.5777364, 7.8448545], [-72.5771032, 7.8441748], [-72.5770649, 7.8432861], [-72.5776028, 7.8425646], [-72.5782724, 7.841954], [-72.5788798, 7.8412825], [-72.5795056, 7.8406283], [-72.5802152, 7.8400782], [-72.581129, 7.8400589], [-72.582001, 7.8398686], [-72.5827582, 7.8393692], [-72.5834397, 7.8387739], [-72.5839793, 7.8380499], [-72.5844176, 7.8372578], [-72.5848711, 7.8364751], [-72.5852974, 7.8356775], [-72.5856497, 7.8348448], [-72.5858633, 7.8339672], [-72.5859072, 7.8330644], [-72.585765, 7.8321745], [-72.5851011, 7.8315642], [-72.5844337, 7.8309817], [-72.5840312, 7.8301674], [-72.5838354, 7.829644], [-72.5837144, 7.8293205], [-72.5834217, 7.8284651], [-72.5831413, 7.8276055], [-72.5828715, 7.8267426], [-72.5826119, 7.8258765], [-72.5823659, 7.8250082], [-72.5821123, 7.8241578], [-72.5820592, 7.8232254], [-72.581819, 7.822316], [-72.5817368, 7.8220212], [-72.581565, 7.8214054], [-72.5813687, 7.8205074], [-72.5813012, 7.8196356], [-72.5814397, 7.818804], [-72.581857, 7.8180208], [-72.5824495, 7.8172704], [-72.583081, 7.8165339], [-72.5836154, 7.8157921], [-72.5837078, 7.8155192], [-72.5835298, 7.8153759], [-72.5833632, 7.815228], [-72.5829978, 7.8148459], [-72.5828808, 7.814729], [-72.5827629, 7.8146249], [-72.5826355, 7.814529], [-72.5824705, 7.814423], [-72.5822777, 7.8143164], [-72.5820876, 7.8142223], [-72.5816266, 7.8140056], [-72.581399, 7.8138882], [-72.581241, 7.8137947], [-72.5810578, 7.8136675], [-72.5808805, 7.813519], [-72.5807397, 7.8133882], [-72.5805932, 7.8132425], [-72.5804347, 7.8130758], [-72.5798844, 7.8124626], [-72.5797271, 7.8122754], [-72.5795953, 7.8121059], [-72.5795009, 7.8119736], [-72.5794174, 7.8118451], [-72.5793404, 7.8117125], [-72.579269, 7.8115614], [-72.5792148, 7.8114125], [-72.5790901, 7.8109894], [-72.5790087, 7.8108344], [-72.5789282, 7.810636], [-72.5788031, 7.8104795], [-72.578687, 7.8103682], [-72.578424, 7.8101434], [-72.5783143, 7.8100423], [-72.5782113, 7.8099306], [-72.5780935, 7.8097636], [-72.5780036, 7.8096133], [-72.5778851, 7.8093796], [-72.5777788, 7.8091397], [-72.5775437, 7.8085732], [-72.5774419, 7.8083145], [-72.5773683, 7.8080995], [-72.5773142, 7.8079023], [-72.577272, 7.8076611], [-72.5772641, 7.8074172], [-72.5772839, 7.8070431], [-72.5772809, 7.8068341], [-72.5772617, 7.8066633], [-72.5772202, 7.8064216], [-72.5771702, 7.806211], [-72.5771126, 7.8060265], [-72.577039, 7.8058456], [-72.5769257, 7.8057162], [-72.5768503, 7.8054981], [-72.5766979, 7.8052734], [-72.5764677, 7.8049807], [-72.5762422, 7.8047263], [-72.5760226, 7.8044949], [-72.5758034, 7.8042739], [-72.5756641, 7.8041515], [-72.5753799, 7.8039216], [-72.5752643, 7.8038237], [-72.5751482, 7.8037151], [-72.5750182, 7.8035646], [-72.5748691, 7.8033328], [-72.5746773, 7.8029758], [-72.5745916, 7.802831], [-72.5744635, 7.8026606], [-72.5742649, 7.8024887], [-72.5740855, 7.8023852], [-72.5739424, 7.8023212], [-72.5737364, 7.802244], [-72.5733564, 7.8021176], [-72.5731582, 7.8020571], [-72.572962, 7.8020043], [-72.5727772, 7.8019612], [-72.5725951, 7.8019254], [-72.5724156, 7.8018969], [-72.5721858, 7.8018724], [-72.5720066, 7.8018666], [-72.5715038, 7.801882], [-72.5712866, 7.8018784], [-72.5711123, 7.8018634], [-72.5709196, 7.8018404], [-72.5707313, 7.8018123], [-72.5705435, 7.8017787], [-72.5703245, 7.8017323], [-72.5701076, 7.8016785], [-72.5698938, 7.8016176], [-72.5696836, 7.8015498], [-72.5694779, 7.8014753], [-72.5692774, 7.8013943], [-72.5690825, 7.8013071], [-72.5688944, 7.8012142], [-72.5687533, 7.8011367], [-72.568606, 7.8010479], [-72.5684496, 7.8009459], [-72.5682752, 7.8008252], [-72.5677446, 7.8004409], [-72.5673526, 7.8001703], [-72.5673003, 7.8001335], [-72.56712, 7.800004], [-72.5669119, 7.799841], [-72.5667378, 7.799685], [-72.5665694, 7.7995117], [-72.566403, 7.7993216], [-72.5662393, 7.799115], [-72.5660783, 7.7988925], [-72.5659367, 7.7986777], [-72.5658046, 7.7984565], [-72.5656819, 7.7982287], [-72.5655686, 7.7979945], [-72.5647961, 7.7970629], [-72.5642585, 7.7957888], [-72.5642517, 7.7938748], [-72.5646722, 7.792172], [-72.5643482, 7.7910035], [-72.564331, 7.7861123], [-72.5649639, 7.7841961], [-72.5658108, 7.7824918], [-72.566764, 7.7806808], [-72.5675061, 7.7795086], [-72.5684596, 7.7778039], [-72.5695201, 7.7762052], [-72.5700494, 7.77514], [-72.5709001, 7.774499], [-72.5721764, 7.7736439], [-72.572813, 7.772791], [-72.5737707, 7.772256], [-72.5741926, 7.7709785], [-72.5752538, 7.7695925], [-72.5758893, 7.7684206], [-72.5763116, 7.7672494], [-72.5770552, 7.7665025], [-72.5774786, 7.7656504], [-72.5776881, 7.7645863], [-72.5776854, 7.763842], [-72.5778949, 7.7627779], [-72.5789606, 7.7626678], [-72.579898, 7.7621023], [-72.5800244, 7.7620261], [-72.5809801, 7.7609594], [-72.5823574, 7.7599996], [-72.5835433, 7.7578527], [-72.5852073, 7.7559422], [-72.5871516, 7.7535547], [-72.5873462, 7.7533157], [-72.587816, 7.7511714], [-72.5894809, 7.7494989], [-72.5906684, 7.7478282], [-72.5901842, 7.7459253], [-72.5898838, 7.7435004], [-72.5890476, 7.7417295], [-72.5883313, 7.740372], [-72.5873772, 7.7387789], [-72.5866614, 7.7375397], [-72.585827, 7.7363009], [-72.5850503, 7.7345888], [-72.5844541, 7.7336449], [-72.5842614, 7.7332908], [-72.5841566, 7.7320313], [-72.5840024, 7.7305605], [-72.584168, 7.7287729], [-72.5840505, 7.7282162], [-72.5835676, 7.7281208], [-72.5831831, 7.7280429], [-72.5822891, 7.7278947], [-72.5813923, 7.7277647], [-72.5804942, 7.7276443], [-72.5795958, 7.7275263], [-72.5786982, 7.7274017], [-72.5777997, 7.7272844], [-72.5768989, 7.7271857], [-72.5759988, 7.7270814], [-72.5751025, 7.7269484], [-72.574258, 7.7266888], [-72.5738711, 7.726241], [-72.5736582, 7.7259946], [-72.5728885, 7.7264589], [-72.5722556, 7.7271092], [-72.5716182, 7.7277518], [-72.5709922, 7.7284053], [-72.5703798, 7.7290715], [-72.5697737, 7.7297484], [-72.5693971, 7.7305565], [-72.5690643, 7.731393], [-72.5683949, 7.7320067], [-72.5677005, 7.7325875], [-72.5669891, 7.7331474], [-72.5662743, 7.733704], [-72.5655817, 7.7342797], [-72.5654261, 7.7351747], [-72.565256, 7.7360635], [-72.5649312, 7.7369086], [-72.5642669, 7.7375148], [-72.5635428, 7.7380582], [-72.5628232, 7.7386076], [-72.5621005, 7.739153], [-72.5613673, 7.7396842], [-72.5606169, 7.7401909], [-72.5598441, 7.7406633], [-72.5590297, 7.7410592], [-72.5581605, 7.7413123], [-72.5572646, 7.741484], [-72.5564023, 7.7417034], [-72.5561018, 7.7425708], [-72.5556101, 7.7433058], [-72.5548438, 7.7437968], [-72.5540584, 7.7442479], [-72.5532628, 7.7446806], [-72.5524578, 7.7450958], [-72.5516468, 7.745499], [-72.5508311, 7.7458929], [-72.5500126, 7.7462809], [-72.5491932, 7.7466669], [-72.5483743, 7.7470541], [-72.5475575, 7.7474455], [-72.5467448, 7.7478454], [-72.5459357, 7.7482528], [-72.545107, 7.7486189], [-72.5442355, 7.7488615], [-72.5429332, 7.7492535], [-72.5422133, 7.7498404], [-72.5388471, 7.7520955], [-72.537836, 7.7524355], [-72.5364891, 7.7532254], [-72.535648, 7.7548837], [-72.5351608, 7.755728], [-72.5347195, 7.7563272], [-72.5339182, 7.7569068], [-72.5331223, 7.7573651], [-72.5324564, 7.7579507], [-72.5316738, 7.7592995], [-72.5319632, 7.761688], [-72.531606, 7.7624969], [-72.5315198, 7.7635741], [-72.5315231, 7.7645612], [-72.5313472, 7.7657285], [-72.5310816, 7.7669858], [-72.5306376, 7.7686925], [-72.5291153, 7.7708515], [-72.5277694, 7.771933], [-72.5275046, 7.7734596], [-72.5274214, 7.7754342], [-72.5262582, 7.7773228], [-72.5251827, 7.7785829], [-72.5247347, 7.7791228], [-72.5243815, 7.7810984], [-72.5245646, 7.7819952], [-72.5249279, 7.7829811], [-72.5249331, 7.7845067], [-72.5246678, 7.7858538], [-72.5242219, 7.787022], [-72.5241411, 7.7897146], [-72.5245075, 7.7915979], [-72.5246037, 7.7933924], [-72.5246077, 7.7945591], [-72.5247926, 7.7959944], [-72.5255152, 7.7967996], [-72.5258776, 7.7975163], [-72.5259723, 7.7988621], [-72.5260749, 7.8025412], [-72.5260771, 7.8031694], [-72.5247316, 7.8044304], [-72.5236561, 7.8056905], [-72.523212, 7.8073972], [-72.5232265, 7.811615], [-72.5228734, 7.8135906], [-72.5223412, 7.815836], [-72.5223507, 7.818618], [-72.5221751, 7.819875], [-72.5217295, 7.8211329], [-72.5213738, 7.8223906], [-72.5211985, 7.8237373], [-72.5212015, 7.8246084], [-72.5212207, 7.8301987], [-72.5211387, 7.8325323], [-72.5206835, 7.8342727], [-72.5186664, 7.8365232], [-72.5179961, 7.8378716], [-72.5180011, 7.8393299], [-72.5175581, 7.8413507], [-72.5172848, 7.8418142], [-72.5157686, 7.8443856], [-72.5138628, 7.8462992], [-72.5109441, 7.848104], [-72.5088113, 7.8494574], [-72.508028, 7.850694], [-72.5079228, 7.8528258], [-72.5078253, 7.8542554], [-72.5078157, 7.8543967], [-72.5071457, 7.8558573], [-72.506589, 7.8575419], [-72.5062576, 7.8593379], [-72.5061898, 7.8594645], [-72.5054751, 7.8607989], [-72.5040165, 7.8619257], [-72.503682, 7.8628242], [-72.5035965, 7.864749], [-72.5023264, 7.8655719], [-72.5018591, 7.8658807], [-72.501658, 7.8660683], [-72.5015607, 7.8661969], [-72.5014513, 7.8665224], [-72.5007298, 7.8667334], [-72.5005279, 7.867195], [-72.5003814, 7.8680123], [-72.5000448, 7.8679082], [-72.4991622, 7.8676387], [-72.4989101, 7.8675335], [-72.4986712, 7.8673429], [-72.4984995, 7.8670747], [-72.4974456, 7.8676092], [-72.4963819, 7.86825], [-72.4961696, 7.8684669], [-72.4955392, 7.869374], [-72.4950089, 7.8688208], [-72.4947486, 7.8684612], [-72.4945573, 7.8681586], [-72.494381, 7.8678212], [-72.4943217, 7.8676583], [-72.4942643, 7.8674117], [-72.4941968, 7.8668322], [-72.4941485, 7.8665773], [-72.4940592, 7.8662243], [-72.4939505, 7.865878], [-72.4938029, 7.8654954], [-72.4936339, 7.8651385], [-72.4934212, 7.8647719], [-72.4932334, 7.8645054], [-72.4928069, 7.8640443], [-72.4925744, 7.863816], [-72.492242, 7.8635453], [-72.4918812, 7.8632927], [-72.4916322, 7.8631379], [-72.4913685, 7.8630021], [-72.4904303, 7.8625802], [-72.4897411, 7.8622308], [-72.4894399, 7.8620556], [-72.4891357, 7.8618327], [-72.4889613, 7.8616528], [-72.4883152, 7.8608262], [-72.4878977, 7.8602356], [-72.4875045, 7.8596264], [-72.4872619, 7.8645881], [-72.4863821, 7.8657226], [-72.4862748, 7.8660547], [-72.4862494, 7.8662899], [-72.4862909, 7.8663822], [-72.4857666, 7.8668771], [-72.4863942, 7.8680886], [-72.4863352, 7.8685098], [-72.4858122, 7.8691581], [-72.485767, 7.869282], [-72.4854397, 7.8695844], [-72.4851278, 7.8699393], [-72.4849951, 7.8701957], [-72.4849951, 7.8703666], [-72.4850747, 7.870452], [-72.4851875, 7.8705178], [-72.4844709, 7.8722005], [-72.4836215, 7.8730879], [-72.4835021, 7.8736006], [-72.4829132, 7.8765618], [-72.4777755, 7.8765256], [-72.472664, 7.8765778], [-72.4721109, 7.8767256], [-72.4714013, 7.8767811], [-72.4640607, 7.8764723], [-72.4639866, 7.8782214], [-72.4639069, 7.8797332], [-72.4638738, 7.8806995], [-72.4639003, 7.8812713], [-72.4639932, 7.8816986], [-72.4640662, 7.8820864], [-72.4641193, 7.882816], [-72.4640861, 7.8832695], [-72.4640198, 7.8836376], [-72.4640168, 7.8839676], [-72.4633642, 7.8845382], [-72.4630683, 7.8847097], [-72.4620823, 7.8856485], [-72.4617131, 7.8865616], [-72.46167, 7.8876996], [-72.4615589, 7.888035], [-72.4614326, 7.8881733], [-72.4613571, 7.8884152], [-72.4614313, 7.8887722], [-72.4614517, 7.8900462], [-72.4617105, 7.8905194], [-72.46183, 7.8909729], [-72.4619855, 7.8920787], [-72.4617451, 7.8926928], [-72.4615063, 7.8932141], [-72.461378, 7.8936872], [-72.4613125, 7.8940788], [-72.4613098, 7.8948605], [-72.4613539, 7.8954005], [-72.4613942, 7.8961684], [-72.4614022, 7.8964283], [-72.4614154, 7.8966621], [-72.4614261, 7.8968414], [-72.4614016, 7.8971408], [-72.4613732, 7.8974254], [-72.4613354, 7.8977153], [-72.461267, 7.8979602], [-72.4610771, 7.8983464], [-72.4609004, 7.8988208], [-72.460675, 7.8992576], [-72.4605481, 7.8994847], [-72.4604666, 7.8996362], [-72.4598643, 7.9002481], [-72.4594367, 7.9007161], [-72.4595118, 7.9012475], [-72.459662, 7.9016832], [-72.4598765, 7.9020126], [-72.4602091, 7.9024058], [-72.4606329, 7.9027299], [-72.4609333, 7.9028893], [-72.4611801, 7.902985], [-72.4613893, 7.9030913], [-72.4615395, 7.9032082], [-72.4616522, 7.9033569], [-72.4617112, 7.9035588], [-72.4617219, 7.9037448], [-72.4616844, 7.9039733], [-72.4615985, 7.9041911], [-72.4614805, 7.9043399], [-72.4613196, 7.9044515], [-72.4609816, 7.9046375], [-72.4607188, 7.9047756], [-72.4604827, 7.9049457], [-72.4602789, 7.9051263], [-72.4601126, 7.9052857], [-72.4600267, 7.9054345], [-72.4599785, 7.9056098], [-72.4599302, 7.9058489], [-72.459839, 7.9063378], [-72.4596995, 7.9071242], [-72.459603, 7.9075174], [-72.4595064, 7.9077883], [-72.4594098, 7.9079371], [-72.4592328, 7.9081337], [-72.45897, 7.9082984], [-72.4588412, 7.9083356], [-72.458514, 7.9083462], [-72.4582136, 7.9083675], [-72.4580312, 7.9084313], [-72.4578112, 7.9085163], [-72.4576181, 7.9086332], [-72.457425, 7.9087819], [-72.4571782, 7.9089838], [-72.4570656, 7.9091114], [-72.4568564, 7.9093558], [-72.4567705, 7.9095152], [-72.4567384, 7.909664], [-72.4567169, 7.9098606], [-72.4567115, 7.9100784], [-72.4567115, 7.9103653], [-72.4567491, 7.9105779], [-72.4568188, 7.9108435], [-72.4569529, 7.9111358], [-72.457087, 7.9113324], [-72.4572641, 7.9115183], [-72.4574465, 7.9116246], [-72.4576128, 7.9117202], [-72.4578273, 7.9118318], [-72.4580795, 7.9119381], [-72.4584013, 7.9120284], [-72.4586749, 7.9120869], [-72.4590343, 7.9121347], [-72.4592757, 7.9121506], [-72.4595493, 7.9121506], [-72.4598014, 7.9121559], [-72.4601126, 7.9121772], [-72.4604291, 7.9122197], [-72.4606812, 7.9123153], [-72.4610031, 7.9125544], [-72.4613303, 7.9128732], [-72.4615771, 7.9131283], [-72.4617863, 7.9133993], [-72.4618882, 7.9136277], [-72.4619258, 7.9139412], [-72.4619365, 7.9143131], [-72.4619579, 7.9154236], [-72.4620169, 7.9158859], [-72.4621028, 7.9162206], [-72.4622315, 7.9165554], [-72.4623442, 7.9167148], [-72.4626714, 7.9169432], [-72.4628913, 7.9171079], [-72.4632347, 7.9173205], [-72.4636906, 7.9175808], [-72.4644202, 7.9179634], [-72.4649459, 7.9182716], [-72.4658579, 7.9188401], [-72.4662656, 7.9190951], [-72.466743, 7.9194511], [-72.4670488, 7.9196955], [-72.4674404, 7.9199771], [-72.4677193, 7.9202959], [-72.4680412, 7.9206944], [-72.4683952, 7.9211779], [-72.468583, 7.9214542], [-72.4687493, 7.9216348], [-72.4690175, 7.9218314], [-72.4693769, 7.9219749], [-72.469731, 7.9220599], [-72.4701709, 7.9221555], [-72.4703479, 7.9221715], [-72.4705088, 7.9222405], [-72.4706483, 7.9223415], [-72.4707556, 7.9225009], [-72.4708575, 7.9227825], [-72.4709326, 7.9230907], [-72.4710238, 7.9233616], [-72.4711204, 7.9236379], [-72.4712652, 7.9238983], [-72.4714261, 7.924063], [-72.4716514, 7.9242543], [-72.4718016, 7.9243499], [-72.4719894, 7.9244296], [-72.472204, 7.9244774], [-72.4725312, 7.9244827], [-72.4729335, 7.9244083], [-72.4732769, 7.9243711], [-72.4736148, 7.9243658], [-72.4738438, 7.9243942], [-72.4740869, 7.9244243], [-72.4743336, 7.9244721], [-72.4746287, 7.9245677], [-72.4749559, 7.9247803], [-72.4750793, 7.9249875], [-72.4750954, 7.9251469], [-72.4750686, 7.925285], [-72.4749667, 7.9254338], [-72.474795, 7.9255666], [-72.474559, 7.9256782], [-72.474221, 7.9258588], [-72.4738455, 7.9260873], [-72.4737006, 7.9262095], [-72.4736309, 7.9263105], [-72.4735773, 7.926438], [-72.4735719, 7.9265655], [-72.4735773, 7.9267089], [-72.4736416, 7.9268949], [-72.4737436, 7.9270596], [-72.4739474, 7.9273625], [-72.4740762, 7.9276069], [-72.4742532, 7.9279097], [-72.4744088, 7.9282073], [-72.4745804, 7.9285898], [-72.4746448, 7.9288342], [-72.4747038, 7.9291424], [-72.4747521, 7.9293921], [-72.4747574, 7.9296418], [-72.4747521, 7.9299606], [-72.4747843, 7.9302262], [-72.474854, 7.9304281], [-72.4749827, 7.9306832], [-72.4751812, 7.9308213], [-72.4754012, 7.9308851], [-72.4756801, 7.9309329], [-72.4759001, 7.9309382], [-72.4761254, 7.9308691], [-72.476356, 7.9307522], [-72.4765492, 7.9305875], [-72.4767745, 7.9303166], [-72.476989, 7.9299021], [-72.4771231, 7.9296046], [-72.4772787, 7.9292114], [-72.4774504, 7.9288183], [-72.477665, 7.9284463], [-72.4779332, 7.9279203], [-72.4780941, 7.92766], [-72.4782389, 7.9274793], [-72.4783784, 7.9273625], [-72.4785715, 7.9272881], [-72.4788076, 7.9272828], [-72.4790543, 7.9273306], [-72.4792796, 7.9274156], [-72.479623, 7.9275776], [-72.4798134, 7.9276812], [-72.4799207, 7.9277742], [-72.4800065, 7.9278911], [-72.4800816, 7.9280213], [-72.4801219, 7.9281116], [-72.4801514, 7.9282205], [-72.4801514, 7.9283109], [-72.4801326, 7.9284198], [-72.4800843, 7.9285473], [-72.480036, 7.9286668], [-72.4800092, 7.9287758], [-72.4799877, 7.9289431], [-72.4799877, 7.929052], [-72.4799743, 7.9291424], [-72.4799368, 7.9292353], [-72.4798617, 7.9294027], [-72.4797732, 7.9295993], [-72.479749, 7.9296763], [-72.4797276, 7.9297693], [-72.4797249, 7.929857], [-72.4797356, 7.9299712], [-72.4797866, 7.9302847], [-72.479867, 7.9307124], [-72.4798939, 7.9308372], [-72.4799287, 7.9309648], [-72.4799904, 7.9310737], [-72.4800763, 7.9311374], [-72.4802238, 7.9312092], [-72.4804705, 7.9312729], [-72.4806476, 7.931334], [-72.4807683, 7.9313765], [-72.4809507, 7.931435], [-72.4810714, 7.9314403], [-72.4812028, 7.931419], [-72.4814093, 7.93135], [-72.4815756, 7.9313128], [-72.481699, 7.9312995], [-72.4818358, 7.9312915], [-72.4819297, 7.9312862], [-72.482045, 7.931265], [-72.4822354, 7.9312118], [-72.4824366, 7.9311401], [-72.4825278, 7.9311056], [-72.4826351, 7.9310816], [-72.4831098, 7.9311295], [-72.4836087, 7.9311879], [-72.4839038, 7.931257], [-72.4841988, 7.9313739], [-72.4844053, 7.9315226], [-72.4845529, 7.9316395], [-72.4846628, 7.9317591], [-72.4847326, 7.931868], [-72.4847809, 7.9319928], [-72.4848291, 7.9322187], [-72.484856, 7.9323913], [-72.484856, 7.9325932], [-72.4848238, 7.9328031], [-72.4847487, 7.9330555], [-72.4846682, 7.9332627], [-72.4844939, 7.9336877], [-72.4844, 7.933964], [-72.4843115, 7.9341925], [-72.4842605, 7.9343837], [-72.4842551, 7.9345431], [-72.4842551, 7.9346467], [-72.4842712, 7.9350293], [-72.4843168, 7.9353295], [-72.4843946, 7.9358076], [-72.4844375, 7.9359856], [-72.484518, 7.9361716], [-72.4846441, 7.9363761], [-72.4847969, 7.9365647], [-72.4849767, 7.9367188], [-72.4852073, 7.936857], [-72.4856553, 7.9370907], [-72.4862239, 7.9373803], [-72.4866638, 7.9375848], [-72.4869347, 7.9377575], [-72.4872082, 7.9379355], [-72.4874362, 7.938148], [-72.4875435, 7.9382755], [-72.4876884, 7.9384907], [-72.4877742, 7.9386899], [-72.4878144, 7.938844], [-72.4878225, 7.9389848], [-72.4878091, 7.9391203], [-72.4877796, 7.9392212], [-72.4877071, 7.9393461], [-72.4876401, 7.939455], [-72.4875516, 7.9395666], [-72.4874978, 7.9396272], [-72.4874148, 7.9397207], [-72.4872109, 7.939981], [-72.4867657, 7.9404831], [-72.4865672, 7.9407089], [-72.4864814, 7.9408497], [-72.4863339, 7.9411286], [-72.4862534, 7.9413252], [-72.4861595, 7.9416227], [-72.4861246, 7.9418087], [-72.4861005, 7.9420292], [-72.4861005, 7.9422603], [-72.4861246, 7.9424462], [-72.4861944, 7.94268], [-72.4863097, 7.9430678], [-72.4864009, 7.9433282], [-72.4865001, 7.9436655], [-72.4865726, 7.9438834], [-72.4866235, 7.944157], [-72.486653, 7.9443722], [-72.4866611, 7.9446484], [-72.486645, 7.9448131], [-72.4866074, 7.9450018], [-72.4865565, 7.9451319], [-72.4864545, 7.9452993], [-72.4863043, 7.9454215], [-72.4861756, 7.9455038], [-72.4859369, 7.9456366], [-72.4857277, 7.9457323], [-72.4853495, 7.9458678], [-72.4851054, 7.9459289], [-72.4847299, 7.9460006], [-72.4843705, 7.9460856], [-72.4838823, 7.9462184], [-72.4835551, 7.9463459], [-72.4832654, 7.9464628], [-72.4829972, 7.9466169], [-72.4827772, 7.9468506], [-72.4825949, 7.9471269], [-72.4824339, 7.9474351], [-72.4823266, 7.9476741], [-72.4822462, 7.9479398], [-72.4821925, 7.9484126], [-72.4820799, 7.9492946], [-72.4819672, 7.9501606], [-72.4818438, 7.9505643], [-72.4816293, 7.9510159], [-72.4814254, 7.9513613], [-72.4812537, 7.9516535], [-72.4809104, 7.9521795], [-72.480669, 7.952461], [-72.4804598, 7.9526417], [-72.4801755, 7.9528436], [-72.4798214, 7.9530401], [-72.4791938, 7.9532792], [-72.4784803, 7.9535236], [-72.4777561, 7.9537467], [-72.4771446, 7.9539061], [-72.4764472, 7.9540868], [-72.4759376, 7.9542036], [-72.4754494, 7.9543099], [-72.4751383, 7.9544321], [-72.4748486, 7.9546074], [-72.4745375, 7.9548412], [-72.4742854, 7.9550431], [-72.4741191, 7.9552556], [-72.4739742, 7.9555318], [-72.4738777, 7.9558187], [-72.4737704, 7.9561641], [-72.4737382, 7.956435], [-72.4736953, 7.9570035], [-72.4736899, 7.9576304], [-72.4736202, 7.9580076], [-72.473529, 7.9582785], [-72.4734271, 7.9585442], [-72.4732554, 7.9590436], [-72.4731267, 7.9595164], [-72.4730301, 7.9598352], [-72.4729765, 7.9600424], [-72.4728906, 7.960223], [-72.4727672, 7.9603664], [-72.4726063, 7.9604568], [-72.4723435, 7.9605471], [-72.4721074, 7.9606108], [-72.4716997, 7.9606693], [-72.4713135, 7.9607011], [-72.4710721, 7.9606958], [-72.4705732, 7.9606427], [-72.4702299, 7.9605896], [-72.4698544, 7.9604727], [-72.4695674, 7.9604089], [-72.4693152, 7.9603558], [-72.4691758, 7.9603346], [-72.469039, 7.9603372], [-72.4688458, 7.9603532], [-72.4687305, 7.9603744], [-72.4685589, 7.9604302], [-72.468355, 7.9605072], [-72.4681887, 7.9605922], [-72.4680841, 7.9606746], [-72.4679741, 7.9607808], [-72.4677891, 7.9609694], [-72.4675772, 7.9611926], [-72.4674243, 7.9614104], [-72.4672392, 7.9617132], [-72.4671131, 7.9619895], [-72.4670112, 7.9622525], [-72.4669173, 7.9624411], [-72.4668047, 7.9625579], [-72.466692, 7.9626403], [-72.4665391, 7.9627173], [-72.4664453, 7.9627545], [-72.4662361, 7.9628156], [-72.4660349, 7.9628475], [-72.4658284, 7.9628475], [-72.4655923, 7.9628262], [-72.4652436, 7.9627598], [-72.4650049, 7.9626881], [-72.4648038, 7.9625925], [-72.464321, 7.962372], [-72.463991, 7.9622551], [-72.4636665, 7.9621568], [-72.4634224, 7.9621037], [-72.4631971, 7.9620718], [-72.4629557, 7.9620532], [-72.4626741, 7.9620532], [-72.4624032, 7.9620692], [-72.4622315, 7.9621143], [-72.4620277, 7.9621834], [-72.461915, 7.9622312], [-72.4616924, 7.9623826], [-72.4614376, 7.9625872], [-72.4611157, 7.9628634], [-72.4609065, 7.9631291], [-72.4605954, 7.9634425], [-72.4602896, 7.9638303], [-72.4599731, 7.9642341], [-72.4597853, 7.9644519], [-72.4595332, 7.9646113], [-72.4592918, 7.9647229], [-72.4589646, 7.9648079], [-72.4586374, 7.9648238], [-72.4584228, 7.9647919], [-72.4581868, 7.9647122], [-72.4580151, 7.9646007], [-72.4578059, 7.964436], [-72.4576503, 7.9643244], [-72.4572587, 7.963995], [-72.4570066, 7.9638675], [-72.4568081, 7.9637985], [-72.4565989, 7.9637931], [-72.4564219, 7.9638197], [-72.4561912, 7.9639366], [-72.4560463, 7.9640641], [-72.455923, 7.9642394], [-72.4557674, 7.9646166], [-72.4557298, 7.9649035], [-72.4556655, 7.9652116], [-72.4556065, 7.9654826], [-72.4555475, 7.9657482], [-72.4554616, 7.9659766], [-72.4552953, 7.9662263], [-72.4551612, 7.9663804], [-72.4549627, 7.9665239], [-72.454834, 7.9666142], [-72.4545336, 7.966747], [-72.4540776, 7.9668692], [-72.4536806, 7.9669436], [-72.4530906, 7.9669807], [-72.4524254, 7.9669489], [-72.4517012, 7.9669223], [-72.4512237, 7.9668479], [-72.4508536, 7.9667842], [-72.450462, 7.9667098], [-72.4502152, 7.9666939], [-72.4499899, 7.9667257], [-72.4497002, 7.9668001], [-72.4494642, 7.9668639], [-72.4491262, 7.9669914], [-72.4488258, 7.9671029], [-72.448622, 7.9671614], [-72.4483404, 7.9672171], [-72.4475196, 7.9673473], [-72.4469349, 7.9674509], [-72.446503, 7.9675572], [-72.4462456, 7.9676501], [-72.4459505, 7.9678042], [-72.4457628, 7.9679423], [-72.4455267, 7.968192], [-72.4454033, 7.9684151], [-72.4453497, 7.9686011], [-72.4453282, 7.9688189], [-72.4453229, 7.9690739], [-72.4453229, 7.9693502], [-72.4453229, 7.9696636], [-72.4453014, 7.9699558], [-72.4452531, 7.970588], [-72.4452478, 7.9708908], [-72.4452907, 7.9711193], [-72.4453604, 7.9713318], [-72.4454624, 7.9716027], [-72.4456662, 7.9720012], [-72.4458379, 7.972304], [-72.4459934, 7.9725643], [-72.4460793, 7.972729], [-72.4461168, 7.9728565], [-72.4461168, 7.972968], [-72.4461034, 7.973061], [-72.4460524, 7.9731566], [-72.4459639, 7.9732788], [-72.4458191, 7.9734515], [-72.4456662, 7.9736082], [-72.4454999, 7.9737091], [-72.4453121, 7.9737862], [-72.4451566, 7.973818], [-72.444934, 7.9738393], [-72.4447435, 7.973842], [-72.4444646, 7.9737995], [-72.4440998, 7.9737277], [-72.4436277, 7.9736002], [-72.443212, 7.9734754], [-72.4430215, 7.9734515], [-72.4428552, 7.9734541], [-72.4426621, 7.9734727], [-72.4425012, 7.9735099], [-72.4422893, 7.9736029], [-72.4418736, 7.9738659], [-72.4416, 7.9741209], [-72.4414283, 7.9743227], [-72.4412245, 7.9744981], [-72.4410528, 7.9746149], [-72.4407041, 7.9748646], [-72.4405003, 7.9750559], [-72.4404278, 7.9751701], [-72.4404024, 7.9752206], [-72.4403903, 7.9752737], [-72.4403903, 7.9753693], [-72.440401, 7.9754676], [-72.4404144, 7.9755473], [-72.4404681, 7.975781], [-72.4404869, 7.9759112], [-72.4404895, 7.9760732], [-72.4404895, 7.9764849], [-72.4404895, 7.9769312], [-72.4404895, 7.9774837], [-72.4404895, 7.9779884], [-72.4404681, 7.9783337], [-72.4404278, 7.9785887], [-72.4403474, 7.9788251], [-72.4402803, 7.979027], [-72.4402374, 7.9792049], [-72.4402159, 7.9793457], [-72.4402159, 7.9794653], [-72.4402267, 7.9795768], [-72.4402669, 7.9797628], [-72.4403286, 7.9799301], [-72.4404252, 7.9801612], [-72.4405485, 7.9803604], [-72.4406853, 7.9805649], [-72.4408409, 7.9807402], [-72.4410448, 7.9809235], [-72.4414069, 7.9812821], [-72.4419755, 7.9819674], [-72.4424475, 7.9825199], [-72.4426085, 7.9827696], [-72.4426755, 7.9829476], [-72.442705, 7.9830751], [-72.4427184, 7.9832052], [-72.4427184, 7.9833248], [-72.4426755, 7.9835027], [-72.4426004, 7.9836143], [-72.4425441, 7.983678], [-72.4424449, 7.9837657], [-72.4422973, 7.9838746], [-72.4420211, 7.9840472], [-72.4416107, 7.984273], [-72.4411976, 7.9845015], [-72.440747, 7.984714], [-72.4404198, 7.9848733], [-72.4400604, 7.9850646], [-72.4398646, 7.985216], [-72.4397385, 7.9853647], [-72.4396366, 7.9855241], [-72.4395293, 7.9857817], [-72.4394596, 7.9859889], [-72.4394301, 7.9861138], [-72.4392933, 7.9865999], [-72.4391699, 7.9869823], [-72.4390411, 7.9873064], [-72.4388856, 7.9877792], [-72.438781, 7.9880847], [-72.4386469, 7.9884087], [-72.4385503, 7.9886717], [-72.4384484, 7.9889453], [-72.4383599, 7.989171], [-72.4382767, 7.9893596], [-72.4381748, 7.9895163], [-72.4380112, 7.989766], [-72.437869, 7.9899334], [-72.4377, 7.9901087], [-72.4375364, 7.9902335], [-72.4373701, 7.9903583], [-72.437228, 7.990446], [-72.4367934, 7.9906771], [-72.4364072, 7.990863], [-72.4360907, 7.9910277], [-72.4356669, 7.9913093], [-72.4352565, 7.9915138], [-72.4349588, 7.9916333], [-72.4346799, 7.9917422], [-72.4344224, 7.9918113], [-72.4340335, 7.991891], [-72.4337062, 7.9919414], [-72.4334273, 7.9919627], [-72.433084, 7.991968], [-72.4328238, 7.9919547], [-72.432577, 7.9919202], [-72.43218, 7.9918458], [-72.4317482, 7.9917236], [-72.4312976, 7.9915457], [-72.4310696, 7.9914288], [-72.4308872, 7.9912986], [-72.4307397, 7.9911632], [-72.4302864, 7.9906558], [-72.4299806, 7.9902229], [-72.4297607, 7.9898829], [-72.4295944, 7.9895987], [-72.4293664, 7.989264], [-72.4291465, 7.9889692], [-72.428956, 7.9887753], [-72.4287576, 7.9886371], [-72.428551, 7.9885309], [-72.428264, 7.9884167], [-72.4279502, 7.9883211], [-72.4277303, 7.9882706], [-72.4275747, 7.9882573], [-72.4274272, 7.9882573], [-72.4272421, 7.9882972], [-72.4269873, 7.9883556], [-72.4263838, 7.9885043], [-72.4259627, 7.9886557], [-72.4257159, 7.988754], [-72.4255094, 7.9888603], [-72.4253619, 7.9889692], [-72.4252009, 7.9891312], [-72.4250293, 7.989341], [-72.424686, 7.9896917], [-72.4243748, 7.9900476], [-72.4239832, 7.9904566], [-72.4237633, 7.9907541], [-72.4235058, 7.991126], [-72.4233502, 7.9913172], [-72.4230015, 7.9917263], [-72.4227548, 7.9920185], [-72.4224919, 7.9922681], [-72.4222022, 7.9924806], [-72.4219447, 7.9926347], [-72.4217409, 7.9927728], [-72.42158, 7.9929428], [-72.4214512, 7.9931128], [-72.4211133, 7.9936175], [-72.4207968, 7.9939309], [-72.4204963, 7.9941912], [-72.4198473, 7.994664], [-72.4194074, 7.9949562], [-72.4191123, 7.9951793], [-72.4189246, 7.9953811], [-72.4187583, 7.9955883], [-72.4184954, 7.9959867], [-72.4183077, 7.9963852], [-72.4182594, 7.9965976], [-72.4180716, 7.9972829], [-72.4179161, 7.9977132], [-72.4177176, 7.9981701], [-72.4175513, 7.9985738], [-72.4174279, 7.9989191], [-72.4173099, 7.9993759], [-72.417208, 7.9998328], [-72.4171704, 8.00021], [-72.4171865, 8.0005021], [-72.4172482, 8.0007332], [-72.4172992, 8.0009112], [-72.4173769, 8.0010705], [-72.4175352, 8.001299], [-72.4177659, 8.0014849], [-72.4180126, 8.0017452], [-72.4181575, 8.001963], [-72.4183077, 8.0021542], [-72.4184954, 8.0024039], [-72.4186564, 8.0025686], [-72.4189353, 8.0027811], [-72.4190962, 8.0028767], [-72.4193269, 8.0029564], [-72.4196327, 8.0030573], [-72.4199975, 8.0031795], [-72.4201959, 8.0032963], [-72.4203247, 8.0033866], [-72.420432, 8.0035248], [-72.4204695, 8.0036469], [-72.4204963, 8.0037691], [-72.4205124, 8.0039285], [-72.4204963, 8.0042419], [-72.4204963, 8.0045235], [-72.4205017, 8.0048262], [-72.4205393, 8.0050547], [-72.4206197, 8.0053362], [-72.4207163, 8.0055806], [-72.4208236, 8.0058568], [-72.4209631, 8.0061383], [-72.4211454, 8.0064677], [-72.421301, 8.0067705], [-72.421537, 8.0072273], [-72.4216497, 8.0075036], [-72.4217302, 8.0077585], [-72.421757, 8.0080135], [-72.4217463, 8.0081676], [-72.4216658, 8.0083322], [-72.4216014, 8.0084597], [-72.4215156, 8.0085872], [-72.4213654, 8.0087997], [-72.4211696, 8.0091503], [-72.421014, 8.0093708], [-72.4208772, 8.0095301], [-72.4206895, 8.0097081], [-72.4205151, 8.0098382], [-72.4203086, 8.0099498], [-72.4200833, 8.0100374], [-72.4197936, 8.0101224], [-72.419638, 8.0101623], [-72.4193966, 8.0102393], [-72.4191847, 8.010319], [-72.4189273, 8.0104332], [-72.4185544, 8.0106244], [-72.4183318, 8.0107174], [-72.4180985, 8.0107785], [-72.4178517, 8.0108342], [-72.417495, 8.0108953], [-72.4172214, 8.0109484], [-72.4170336, 8.0109963], [-72.4168405, 8.0110812], [-72.4166313, 8.0112114], [-72.4165133, 8.0113229], [-72.4164623, 8.0114239], [-72.4164543, 8.0115248], [-72.4164596, 8.0116151], [-72.4164891, 8.0117107], [-72.4165428, 8.0118143], [-72.4166447, 8.0120162], [-72.4167386, 8.0121755], [-72.4169827, 8.012465], [-72.4171704, 8.0126085], [-72.4173796, 8.0127519], [-72.4175942, 8.0128847], [-72.4177283, 8.0130387], [-72.4178517, 8.013214], [-72.4179107, 8.0133734], [-72.4179268, 8.0135859], [-72.4179268, 8.0137718], [-72.4179268, 8.014133], [-72.4179322, 8.0143986], [-72.4179643, 8.0146217], [-72.4180019, 8.0149086], [-72.4179912, 8.0152007], [-72.4179697, 8.0154345], [-72.4179053, 8.0156416], [-72.4177873, 8.015955], [-72.4176371, 8.0161941], [-72.4173367, 8.0165181], [-72.4171221, 8.01672], [-72.4168271, 8.0169643], [-72.4165964, 8.0171343], [-72.4162531, 8.0172884], [-72.4160117, 8.0173733], [-72.4157649, 8.0174371], [-72.4155289, 8.0175221], [-72.4153304, 8.0176018], [-72.4151427, 8.0177292], [-72.4150193, 8.0178674], [-72.4149281, 8.018048], [-72.4148852, 8.0182126], [-72.414853, 8.0183879], [-72.4148154, 8.0186588], [-72.4147725, 8.0191104], [-72.4147135, 8.0193972], [-72.4146491, 8.0195513], [-72.4145043, 8.019785], [-72.414338, 8.0199603], [-72.4141395, 8.0200824], [-72.4138874, 8.020194], [-72.4136889, 8.0202524], [-72.4132598, 8.0203056], [-72.4129379, 8.0203693], [-72.412557, 8.0204968], [-72.4123156, 8.020619], [-72.4121493, 8.0207624], [-72.4120367, 8.0209324], [-72.4119669, 8.0210731], [-72.4119186, 8.0212006], [-72.4118972, 8.0213254], [-72.4118972, 8.0214078], [-72.4118972, 8.0214821], [-72.4118248, 8.0216335], [-72.4117792, 8.0217876], [-72.4117711, 8.0219044], [-72.4117845, 8.0220293], [-72.4118355, 8.0221514], [-72.4118999, 8.022271], [-72.4120098, 8.0224755], [-72.4120903, 8.0225897], [-72.4122003, 8.0226986], [-72.412321, 8.0227756], [-72.4124712, 8.0228473], [-72.4126938, 8.022935], [-72.412785, 8.0229881], [-72.4128842, 8.0230438], [-72.4129406, 8.0231926], [-72.4130049, 8.0234502], [-72.4130613, 8.0237981], [-72.413072, 8.0239681], [-72.413072, 8.0241461], [-72.4130076, 8.0244648], [-72.4128976, 8.0249774], [-72.4128601, 8.0252191], [-72.4127501, 8.02566], [-72.4126884, 8.0259813], [-72.4126723, 8.0262257], [-72.4126777, 8.0263797], [-72.4127072, 8.0264939], [-72.4127367, 8.0265577], [-72.4127716, 8.0266267], [-72.412844, 8.0267011], [-72.412954, 8.0268551], [-72.4130157, 8.026972], [-72.4130827, 8.0271074], [-72.4131578, 8.0272668], [-72.4132919, 8.0275457], [-72.4136406, 8.0282521], [-72.4137506, 8.0284566], [-72.413764, 8.0286027], [-72.4137667, 8.0287568], [-72.4137962, 8.0288577], [-72.4138311, 8.0289347], [-72.4138981, 8.0290224], [-72.413992, 8.0291419], [-72.4144882, 8.0297182], [-72.4146679, 8.0298988], [-72.414794, 8.0299997], [-72.4148986, 8.0300661], [-72.4151105, 8.030191], [-72.4152875, 8.0304645], [-72.415376, 8.0306106], [-72.4154431, 8.0307514], [-72.4155048, 8.0309107], [-72.4155504, 8.0310515], [-72.4155933, 8.031179], [-72.4156684, 8.0313622], [-72.4157435, 8.0315534], [-72.4158374, 8.0317526], [-72.4159634, 8.0320262], [-72.4160707, 8.0322652], [-72.4161485, 8.0325122], [-72.4162129, 8.0327114], [-72.4162799, 8.0329451], [-72.4163067, 8.0331231], [-72.4163067, 8.0332506], [-72.4163014, 8.033386], [-72.4162853, 8.03354], [-72.4162638, 8.0336596], [-72.4159661, 8.0336357], [-72.4156308, 8.0336171], [-72.4154082, 8.0336171], [-72.415254, 8.0336184], [-72.4151641, 8.0336038], [-72.4151105, 8.0335852], [-72.4150568, 8.0335719], [-72.4149683, 8.0335586], [-72.414861, 8.033556], [-72.4147859, 8.0335719], [-72.4146894, 8.0336091], [-72.4146009, 8.0336808], [-72.4145284, 8.0337446], [-72.4144667, 8.033803], [-72.414338, 8.033957], [-72.4142361, 8.0340951], [-72.4141529, 8.0342332], [-72.414051, 8.0343793], [-72.4139625, 8.034528], [-72.4138713, 8.0346024], [-72.4137962, 8.0346449], [-72.4137372, 8.0346529], [-72.4136648, 8.0346476], [-72.413536, 8.0346024], [-72.4134287, 8.0345546], [-72.4132061, 8.0343979], [-72.4130291, 8.0343023], [-72.4129057, 8.0342704], [-72.4127716, 8.0342624], [-72.4126241, 8.034289], [-72.412506, 8.0343315], [-72.4123397, 8.0343899], [-72.411857, 8.0345466], [-72.4116075, 8.0346316], [-72.4113902, 8.0346927], [-72.4111784, 8.0347379], [-72.4110174, 8.0347405], [-72.4109048, 8.0347219], [-72.4107653, 8.0346874], [-72.4106258, 8.0346369], [-72.4102798, 8.0345015], [-72.4100304, 8.0343926], [-72.4098721, 8.0343342], [-72.4097326, 8.0343076], [-72.409628, 8.0343076], [-72.4095073, 8.0343182], [-72.4093625, 8.0343767], [-72.4092311, 8.034451], [-72.4091238, 8.0345041], [-72.4090138, 8.0345387], [-72.4089307, 8.0345519], [-72.4088421, 8.0345519], [-72.4086973, 8.0345121], [-72.4085122, 8.034459], [-72.4083754, 8.034443], [-72.4082547, 8.0344138], [-72.4081555, 8.0343607], [-72.4080616, 8.0342864], [-72.4079973, 8.0342226], [-72.4079302, 8.0341509], [-72.4078336, 8.0340872], [-72.4077317, 8.0340394], [-72.4076298, 8.0340101], [-72.4075091, 8.0339889], [-72.4074152, 8.0339942], [-72.4073294, 8.0340128], [-72.4072731, 8.0340447], [-72.4072194, 8.0340792], [-72.4071443, 8.0341695], [-72.4070585, 8.0342784], [-72.4069405, 8.0343607], [-72.4068224, 8.0344537], [-72.4067071, 8.034528], [-72.4065703, 8.0345838], [-72.4064147, 8.034613], [-72.4063262, 8.034629], [-72.4061894, 8.0346608], [-72.4060567, 8.0346927], [-72.4059561, 8.03471], [-72.4058166, 8.0347405], [-72.4057147, 8.0347644], [-72.4056423, 8.0347963], [-72.4054197, 8.0349025], [-72.4051112, 8.0350433], [-72.4049261, 8.035115], [-72.4047759, 8.0351522], [-72.4046338, 8.0351708], [-72.4044862, 8.0351708], [-72.4043173, 8.0351708], [-72.4041671, 8.0351548], [-72.4040303, 8.0351283], [-72.4039042, 8.0350805], [-72.4038184, 8.0350406], [-72.4037272, 8.0349902], [-72.4036038, 8.0349078], [-72.4035019, 8.0348149], [-72.4034268, 8.0347113], [-72.4033624, 8.0345971], [-72.4033302, 8.0345148], [-72.4032712, 8.0343952], [-72.4032015, 8.0343262], [-72.4031076, 8.0342917], [-72.4029949, 8.0342784], [-72.4028823, 8.0342864], [-72.4027777, 8.0343049], [-72.4025926, 8.0343554], [-72.4023592, 8.0344138], [-72.4021259, 8.0344749], [-72.401906, 8.0345068], [-72.4018255, 8.0345068], [-72.4017611, 8.0344802], [-72.4017155, 8.0344324], [-72.4016565, 8.0343448], [-72.4015948, 8.0342359], [-72.40145, 8.033973], [-72.4013454, 8.0338295], [-72.4012649, 8.0337446], [-72.4011496, 8.0336383], [-72.4009806, 8.0335294], [-72.4008679, 8.0334763], [-72.4007285, 8.0334497], [-72.4006319, 8.0334497], [-72.4005246, 8.0334365], [-72.400471, 8.0334019], [-72.4004227, 8.0333329], [-72.4003878, 8.0332559], [-72.4003342, 8.033139], [-72.4002242, 8.0329133], [-72.4001625, 8.0328495], [-72.4000686, 8.0327937], [-72.3998916, 8.0327247], [-72.399728, 8.0326636], [-72.3994356, 8.0325521], [-72.3991379, 8.0324724], [-72.3989072, 8.0324113], [-72.3987758, 8.0323661], [-72.3987114, 8.0323263], [-72.3986149, 8.0322307], [-72.3985103, 8.0321404], [-72.3984218, 8.0320952], [-72.3983359, 8.032074], [-72.3982635, 8.0320713], [-72.3981911, 8.0320846], [-72.3981455, 8.0321165], [-72.3981026, 8.0321537], [-72.3980033, 8.0322918], [-72.3979041, 8.0324325], [-72.397837, 8.0325813], [-72.3977914, 8.0326795], [-72.3977137, 8.0327619], [-72.3976144, 8.0328256], [-72.3975071, 8.0328681], [-72.3974079, 8.032884], [-72.3973087, 8.0328787], [-72.3972014, 8.0328389], [-72.3970968, 8.0327672], [-72.3970082, 8.0326822], [-72.3969761, 8.0325919], [-72.396968, 8.0325096], [-72.3969546, 8.0324219], [-72.396917, 8.0323529], [-72.3968513, 8.0323144], [-72.3968017, 8.0323024], [-72.3966569, 8.0322812], [-72.3964986, 8.0322944], [-72.3963591, 8.0323422], [-72.3962572, 8.0324086], [-72.3961875, 8.0324644], [-72.3961392, 8.0325282], [-72.396103, 8.0326025], [-72.39604, 8.032738], [-72.3959957, 8.0328044], [-72.3959327, 8.0328601], [-72.3958656, 8.0328867], [-72.3957919, 8.0329079], [-72.3957127, 8.0329079], [-72.3956604, 8.032892], [-72.3956148, 8.0328601], [-72.3955612, 8.0327977], [-72.3954579, 8.0326636], [-72.3953426, 8.0325547], [-72.3952782, 8.0325096], [-72.3951924, 8.0324564], [-72.3951012, 8.0324272], [-72.3950207, 8.0324193], [-72.3949322, 8.0324272], [-72.3947981, 8.0324777], [-72.3946828, 8.0325149], [-72.3945379, 8.0325919], [-72.3944092, 8.0326716], [-72.3943126, 8.0327645], [-72.3942536, 8.0328309], [-72.3941705, 8.0328894], [-72.3940766, 8.0329265], [-72.3940015, 8.0329797], [-72.3939344, 8.033054], [-72.3938566, 8.0331788], [-72.3937896, 8.0332877], [-72.3937225, 8.0333674], [-72.3936608, 8.0334073], [-72.3935831, 8.0334365], [-72.3934892, 8.0334737], [-72.3934275, 8.0335241], [-72.3933738, 8.0335985], [-72.3933309, 8.0336782], [-72.3932183, 8.0338481], [-72.3930922, 8.0340208], [-72.3929876, 8.0341934], [-72.3929071, 8.0342943], [-72.3928186, 8.034374], [-72.3927194, 8.0344165], [-72.3926309, 8.0344351], [-72.3925343, 8.0344298], [-72.3924512, 8.0344059], [-72.3923546, 8.0343554], [-72.3923063, 8.0343368], [-72.3922259, 8.0343182], [-72.3921132, 8.0343129], [-72.3919871, 8.0343368], [-72.3919174, 8.0343527], [-72.3917565, 8.0344006], [-72.3916197, 8.0344218], [-72.3915097, 8.0344298], [-72.3913783, 8.0344696], [-72.3912951, 8.0344988], [-72.3911771, 8.0345466], [-72.3910725, 8.0345944], [-72.3908284, 8.0347193], [-72.3904985, 8.0349291], [-72.3903671, 8.0350194], [-72.3902598, 8.035115], [-72.3901498, 8.0352212], [-72.3900291, 8.0353009], [-72.3899379, 8.0353407], [-72.3898494, 8.0353779], [-72.3897073, 8.0353646], [-72.3895973, 8.035346], [-72.3895302, 8.0353168], [-72.3894739, 8.0352611], [-72.3894015, 8.035184], [-72.3893049, 8.0350991], [-72.3891655, 8.0350247], [-72.3890501, 8.0349769], [-72.3889026, 8.0349158], [-72.3888221, 8.0348786], [-72.3887363, 8.0348574], [-72.3886558, 8.0348627], [-72.3885888, 8.0348839], [-72.3885217, 8.0349238], [-72.38846, 8.0349689], [-72.3884064, 8.035022], [-72.3883313, 8.0351097], [-72.3882186, 8.0352345], [-72.3881489, 8.0353168], [-72.3880631, 8.0353806], [-72.3879933, 8.0354071], [-72.3879451, 8.0354071], [-72.3879075, 8.0353885], [-72.3878887, 8.0353673], [-72.3878673, 8.0353115], [-72.3878539, 8.0352372], [-72.3878485, 8.0351681], [-72.3878109, 8.0350353], [-72.3877707, 8.0349503], [-72.3877305, 8.0348892], [-72.3876581, 8.0348175], [-72.3875669, 8.0347671], [-72.387481, 8.0347299], [-72.3873925, 8.0347007], [-72.3872933, 8.0346768], [-72.3871082, 8.0346635], [-72.3868963, 8.0346422], [-72.3867649, 8.0346104], [-72.3866925, 8.0345785], [-72.3866254, 8.034528], [-72.3865691, 8.0344749], [-72.3865235, 8.0344191], [-72.3863974, 8.0343076], [-72.3862901, 8.0342518], [-72.3861936, 8.0342253], [-72.3860756, 8.034204], [-72.385979, 8.0341907], [-72.3858959, 8.0341668], [-72.3858127, 8.0341243], [-72.3857591, 8.0340845], [-72.3857027, 8.034034], [-72.3856062, 8.0339809], [-72.3855042, 8.0339464], [-72.3854023, 8.0339491], [-72.3853299, 8.0339783], [-72.3852602, 8.0340234], [-72.3851904, 8.0340712], [-72.3851314, 8.0340978], [-72.3850644, 8.0341137], [-72.3849812, 8.0341084], [-72.3849276, 8.0340792], [-72.3848739, 8.0340394], [-72.3848122, 8.0340022], [-72.3847505, 8.0339756], [-72.3846915, 8.033973], [-72.3846245, 8.0339942], [-72.3845574, 8.0340287], [-72.3844501, 8.0340978], [-72.384367, 8.0341536], [-72.38419, 8.034297], [-72.3840612, 8.0343899], [-72.3839405, 8.034459], [-72.3838547, 8.0345068], [-72.3837394, 8.0345466], [-72.3836267, 8.0345705], [-72.3835328, 8.0345705], [-72.3834389, 8.0345546], [-72.3833478, 8.0345307], [-72.3832324, 8.0344855], [-72.3830929, 8.0344351], [-72.3829427, 8.0344006], [-72.3828194, 8.0343793], [-72.3827362, 8.0343501], [-72.3826718, 8.0343129], [-72.3826316, 8.0342598], [-72.3826021, 8.0341881], [-72.382586, 8.0341111], [-72.3825324, 8.0339623], [-72.3824841, 8.0338349], [-72.3824653, 8.0337286], [-72.3824412, 8.033625], [-72.3824331, 8.0335507], [-72.3824412, 8.0334497], [-72.3824626, 8.0333541], [-72.382468, 8.0332824], [-72.3824519, 8.0332081], [-72.382409, 8.0331682], [-72.3823285, 8.0331151], [-72.3821139, 8.0329637], [-72.3820308, 8.0328947], [-72.3819664, 8.0328123], [-72.3819128, 8.0327247], [-72.3818618, 8.0326291], [-72.3818001, 8.0325414], [-72.3817357, 8.0325069], [-72.3816499, 8.032491], [-72.3815721, 8.0324857], [-72.3814836, 8.0324857], [-72.3814112, 8.0324724], [-72.3813173, 8.0324299], [-72.3812181, 8.0323555], [-72.3811859, 8.0323051], [-72.3811725, 8.0322546], [-72.3811752, 8.0321962], [-72.3811966, 8.0321165], [-72.3812047, 8.0320342], [-72.3811752, 8.0319279], [-72.3811162, 8.0318376], [-72.381025, 8.0317633], [-72.3809364, 8.0317447], [-72.3808131, 8.0317314], [-72.3807219, 8.0317314], [-72.380636, 8.0317208], [-72.3805046, 8.0316915], [-72.3804134, 8.0316836], [-72.3803195, 8.0316783], [-72.3802203, 8.0316942], [-72.3801693, 8.0317155], [-72.3801264, 8.0317394], [-72.3800902, 8.0317739], [-72.3800661, 8.0317978], [-72.3800352, 8.031819], [-72.3799977, 8.031831], [-72.3799615, 8.031831], [-72.3799293, 8.031823], [-72.3799038, 8.0317978], [-72.3798823, 8.0317513], [-72.3798676, 8.0316676], [-72.3798582, 8.0315986], [-72.3798582, 8.0315588], [-72.3798582, 8.0314685], [-72.3798662, 8.0313914], [-72.3798877, 8.0313197], [-72.379936, 8.0312108], [-72.379995, 8.0310966], [-72.3800352, 8.0310302], [-72.3800594, 8.0309665], [-72.3800594, 8.0309134], [-72.3800513, 8.0308629], [-72.3800084, 8.0307885], [-72.3799387, 8.0307009], [-72.3797831, 8.0306], [-72.3796999, 8.0305761], [-72.3796034, 8.0305734], [-72.3794907, 8.030584], [-72.3793995, 8.0306133], [-72.3793405, 8.0306345], [-72.3792708, 8.0306425], [-72.3792037, 8.0306425], [-72.3791206, 8.0306186], [-72.3790213, 8.0305708], [-72.3789194, 8.030507], [-72.3788148, 8.0304459], [-72.378737, 8.0304034], [-72.3786378, 8.0303264], [-72.3785627, 8.0302281], [-72.3785037, 8.0301325], [-72.3784527, 8.0300635], [-72.3783991, 8.0299944], [-72.3783293, 8.029928], [-72.3782462, 8.0298829], [-72.3781684, 8.0298483], [-72.3781148, 8.0298165], [-72.3780745, 8.029766], [-72.378037, 8.029697], [-72.3780075, 8.0296093], [-72.3779914, 8.0295137], [-72.3779833, 8.0293783], [-72.3780021, 8.0292614], [-72.3780262, 8.0291684], [-72.3780477, 8.029102], [-72.3780558, 8.0290383], [-72.3780558, 8.0289586], [-72.378037, 8.0288736], [-72.377986, 8.02877], [-72.3779431, 8.0286983], [-72.3778975, 8.0286293], [-72.377868, 8.0285549], [-72.3778412, 8.028462], [-72.3778224, 8.0283159], [-72.377809, 8.0282548], [-72.3778009, 8.0281672], [-72.3778009, 8.0280769], [-72.3778117, 8.027968], [-72.377817, 8.0278325], [-72.3778009, 8.0277369], [-72.3777688, 8.0276492], [-72.3777205, 8.027551], [-72.3776454, 8.0274394], [-72.3775756, 8.0273491], [-72.3774791, 8.0272323], [-72.3774388, 8.0271765], [-72.3774067, 8.0271181], [-72.3773852, 8.0270517], [-72.3773825, 8.026972], [-72.3773932, 8.026895], [-72.3774254, 8.0268073], [-72.3774791, 8.026717], [-72.3775327, 8.0266134], [-72.3775622, 8.0265231], [-72.377581, 8.0264355], [-72.377581, 8.0263638], [-72.3775703, 8.0262841], [-72.3775515, 8.026215], [-72.3775166, 8.0261407], [-72.3774603, 8.0260637], [-72.3773959, 8.0259813], [-72.3773316, 8.0259255], [-72.3772591, 8.0258777], [-72.3771331, 8.0258167], [-72.3770472, 8.0257821], [-72.3769292, 8.0257317], [-72.376838, 8.0256785], [-72.376771, 8.0255803], [-72.3767146, 8.0254979], [-72.3766691, 8.0254183], [-72.3766181, 8.0253598], [-72.3765671, 8.0253253], [-72.3764813, 8.0252908], [-72.3763713, 8.0252748], [-72.3761541, 8.025235], [-72.3759556, 8.0252138], [-72.3758912, 8.0252005], [-72.375792, 8.0251553], [-72.3757035, 8.0251022], [-72.3756203, 8.0250411], [-72.3755425, 8.024988], [-72.3754218, 8.0249269], [-72.3752904, 8.0248711], [-72.375159, 8.024818], [-72.3750436, 8.0247463], [-72.3749954, 8.0246985], [-72.3749363, 8.0246029], [-72.37488, 8.0245046], [-72.3748076, 8.0244037], [-72.3746976, 8.0243293], [-72.374585, 8.0242709], [-72.3744777, 8.0242311], [-72.3743033, 8.0241673], [-72.3741585, 8.0241195], [-72.3740861, 8.0240744], [-72.3740083, 8.0240053], [-72.37396, 8.0239389], [-72.3739171, 8.0238725], [-72.3738554, 8.0238141], [-72.3738018, 8.0237795], [-72.3737213, 8.0237317], [-72.3736435, 8.0236866], [-72.3735631, 8.0236149], [-72.3734719, 8.0235113], [-72.3733297, 8.0233652], [-72.3732466, 8.0232723], [-72.3731929, 8.0232324], [-72.3731178, 8.0231979], [-72.3730427, 8.0231899], [-72.3729757, 8.0231926], [-72.3729005, 8.0231979], [-72.3728335, 8.0231979], [-72.3727664, 8.0231873], [-72.3726752, 8.0231581], [-72.3725358, 8.023097], [-72.3723775, 8.0230199], [-72.3722193, 8.0229243], [-72.3721764, 8.0228978], [-72.3721012, 8.0228579], [-72.3720422, 8.0228234], [-72.3719698, 8.022749], [-72.3719081, 8.0226216], [-72.3718491, 8.0224702], [-72.3717928, 8.0223427], [-72.3717284, 8.022178], [-72.3716587, 8.0220372], [-72.3715836, 8.0219416], [-72.3714924, 8.021846], [-72.371318, 8.0217106], [-72.3712295, 8.0216415], [-72.3711571, 8.0215937], [-72.3710471, 8.0215565], [-72.3708835, 8.021522], [-72.3707736, 8.0214901], [-72.3706824, 8.021437], [-72.3705831, 8.0213679], [-72.3704839, 8.0212776], [-72.3703927, 8.0212112], [-72.370339, 8.0211714], [-72.3702586, 8.0211156], [-72.3701862, 8.0210837], [-72.3701271, 8.0210784], [-72.3700628, 8.0210864], [-72.369985, 8.0211103], [-72.3699045, 8.0211501], [-72.3698133, 8.021198], [-72.3697436, 8.0212272], [-72.3696336, 8.0212697], [-72.3694861, 8.0213175], [-72.3692581, 8.0213839], [-72.3691589, 8.0213945], [-72.369073, 8.0213892], [-72.3689604, 8.0213573], [-72.3688075, 8.0212856], [-72.3686841, 8.0212112], [-72.3686171, 8.0211369], [-72.368542, 8.0210466], [-72.368491, 8.0209642], [-72.3684293, 8.0208474], [-72.3683971, 8.0207438], [-72.368381, 8.0206482], [-72.3683891, 8.0205632], [-72.3683891, 8.0204941], [-72.3683757, 8.0204198], [-72.3683354, 8.0203507], [-72.3682496, 8.0202551], [-72.3681128, 8.0201488], [-72.3679921, 8.020032], [-72.367917, 8.0199417], [-72.3678124, 8.0198328], [-72.3677185, 8.0197611], [-72.3676407, 8.0196973], [-72.3675388, 8.019615], [-72.3674423, 8.0194902], [-72.3673242, 8.0193653], [-72.3671445, 8.0192166], [-72.3670211, 8.0191236], [-72.3669487, 8.0190838], [-72.3667556, 8.0190307], [-72.3666376, 8.0190094], [-72.3664767, 8.0190068], [-72.3663345, 8.0190121], [-72.3662245, 8.0190147], [-72.3661307, 8.0190147], [-72.3660448, 8.0190068], [-72.3659831, 8.0189855], [-72.3659134, 8.018943], [-72.3658356, 8.0188952], [-72.3657659, 8.0188235], [-72.3657149, 8.0187359], [-72.3656774, 8.0186217], [-72.3656774, 8.0185314], [-72.3656908, 8.0183986], [-72.36568, 8.0183109], [-72.3656532, 8.0182233], [-72.365621, 8.0181728], [-72.365554, 8.018125], [-72.3654735, 8.0180905], [-72.3653662, 8.0180559], [-72.3652831, 8.018032], [-72.3651892, 8.0179922], [-72.3650792, 8.0179338], [-72.3649854, 8.0178567], [-72.3648459, 8.0177292], [-72.3647118, 8.0175885], [-72.364642, 8.0174743], [-72.3645911, 8.0173308], [-72.3645589, 8.0172166], [-72.3644918, 8.0168129], [-72.3644623, 8.0166668], [-72.3644489, 8.0165075], [-72.3644274, 8.01638], [-72.3644274, 8.0162313], [-72.3644274, 8.0161277], [-72.3644221, 8.016048], [-72.3643899, 8.0159497], [-72.364296, 8.0157744], [-72.3642236, 8.0156284], [-72.3641807, 8.0155301], [-72.3641324, 8.0154531], [-72.3640654, 8.0153681], [-72.3639607, 8.0152724], [-72.3638642, 8.0151636], [-72.3637676, 8.0149803], [-72.3637247, 8.0148794], [-72.3636952, 8.0147598], [-72.3636952, 8.0146456], [-72.3637086, 8.0145155], [-72.3637301, 8.0143933], [-72.3637435, 8.0142286], [-72.3637354, 8.0141543], [-72.3637086, 8.0140666], [-72.3636523, 8.0139763], [-72.3635691, 8.0138993], [-72.3634619, 8.0138037], [-72.3633868, 8.0137187], [-72.363309, 8.0136045], [-72.3632526, 8.0134956], [-72.3632231, 8.0133787], [-72.363199, 8.0132034], [-72.363191, 8.0131476], [-72.3631775, 8.0130494], [-72.3631695, 8.0129537], [-72.3631614, 8.0128581], [-72.3631346, 8.0127625], [-72.3630863, 8.0126536], [-72.3629952, 8.0124916], [-72.3628798, 8.0122924], [-72.3627779, 8.0120666], [-72.3627403, 8.0120029], [-72.362676, 8.0118727], [-72.3626196, 8.0117506], [-72.3625955, 8.0116603], [-72.3625875, 8.011554], [-72.3625875, 8.0114318], [-72.3626062, 8.0112751], [-72.362617, 8.0111344], [-72.3626143, 8.0110414], [-72.3625928, 8.0109538], [-72.3625311, 8.0108369], [-72.3624373, 8.0106828], [-72.3623407, 8.0105314], [-72.3622602, 8.0104172], [-72.3621798, 8.0103057], [-72.3620859, 8.0101835], [-72.3619303, 8.0100454], [-72.3618579, 8.0099896], [-72.3617238, 8.0099073], [-72.3616111, 8.0098568], [-72.3615333, 8.0098276], [-72.361418, 8.0097718], [-72.3613027, 8.0096975], [-72.3611552, 8.0095992], [-72.3610452, 8.0095434], [-72.3609459, 8.0095062], [-72.360836, 8.009485], [-72.3607475, 8.0094823], [-72.360667, 8.0094637], [-72.3605758, 8.0094212], [-72.3604926, 8.0093654], [-72.3604122, 8.0093044], [-72.3603076, 8.0092565], [-72.3602003, 8.0092273], [-72.3600715, 8.0092247], [-72.3598865, 8.009222], [-72.359755, 8.0092087], [-72.3596424, 8.0091928], [-72.3595512, 8.0091662], [-72.359452, 8.0091105], [-72.3593634, 8.0090441], [-72.3593071, 8.0089856], [-72.3592106, 8.0088874], [-72.3590684, 8.0087891], [-72.3587251, 8.0085925], [-72.3583683, 8.0083827], [-72.3580787, 8.0081915], [-72.3577783, 8.007971], [-72.3576254, 8.0078515], [-72.3574376, 8.0076895], [-72.3572177, 8.0075115], [-72.3571211, 8.0074478], [-72.3570085, 8.0073893], [-72.3568663, 8.0073548], [-72.3567107, 8.0073548], [-72.3565632, 8.0073575], [-72.3564747, 8.0073548], [-72.3563299, 8.007315], [-72.3561019, 8.0072326], [-72.3558739, 8.0071662], [-72.3558041, 8.0071556], [-72.355611, 8.0071131], [-72.3555467, 8.0071025], [-72.3554769, 8.0070998], [-72.3553482, 8.0070998], [-72.3552865, 8.0071078], [-72.3551604, 8.0071105], [-72.3551041, 8.0071051], [-72.3550451, 8.0070892], [-72.3549807, 8.00706], [-72.3548815, 8.0069989], [-72.3548332, 8.0069591], [-72.354793, 8.0069113], [-72.3546723, 8.0068395], [-72.3545596, 8.0067758], [-72.354514, 8.0067386], [-72.3544738, 8.0066961], [-72.3544389, 8.006651], [-72.354396, 8.0066085], [-72.3543477, 8.0065766], [-72.3542941, 8.0065527], [-72.3542297, 8.0065394], [-72.3541653, 8.0065394], [-72.354109, 8.0065447], [-72.3540473, 8.006558], [-72.35394, 8.0066005], [-72.3538837, 8.0066085], [-72.353822, 8.0066085], [-72.353763, 8.0065978], [-72.3537093, 8.0065766], [-72.3536047, 8.0065128], [-72.3535645, 8.0064757], [-72.353527, 8.0064252], [-72.3535028, 8.0063747], [-72.3534438, 8.0062791], [-72.3534116, 8.0062286], [-72.3533902, 8.0061755], [-72.3533338, 8.006056], [-72.3533204, 8.0060029], [-72.3532963, 8.0059551], [-72.3532587, 8.0059073], [-72.3532051, 8.0058727], [-72.3531541, 8.0058409], [-72.3531058, 8.0058063], [-72.3530763, 8.0057585], [-72.3530602, 8.0057001], [-72.3530576, 8.0055806], [-72.3530656, 8.0055274], [-72.353071, 8.0054717], [-72.3530978, 8.005315], [-72.3530978, 8.0052565], [-72.3530898, 8.0052034], [-72.3530629, 8.0051503], [-72.3530227, 8.0050998], [-72.3529744, 8.0050626], [-72.3529261, 8.0050308], [-72.3528135, 8.0049697], [-72.3527598, 8.0049298], [-72.3526579, 8.0048501], [-72.3526123, 8.004805], [-72.3525775, 8.0047598], [-72.3525453, 8.0047041], [-72.3524836, 8.0045899], [-72.3524755, 8.0045367], [-72.3524728, 8.004481], [-72.3524728, 8.0044252], [-72.3524675, 8.0043694], [-72.3524353, 8.0043242], [-72.352387, 8.004295], [-72.352328, 8.0042685], [-72.3522717, 8.0042525], [-72.3522154, 8.0042446], [-72.3521537, 8.0042446], [-72.3520973, 8.0042392], [-72.3520356, 8.004226], [-72.351974, 8.0042074], [-72.3519096, 8.0041941], [-72.3518452, 8.0041914], [-72.3517755, 8.0041914], [-72.3517191, 8.0042021], [-72.3516494, 8.004218], [-72.3515368, 8.0042632], [-72.3514724, 8.0042844], [-72.3514026, 8.0042844], [-72.3513436, 8.0042764], [-72.35129, 8.0042552], [-72.3511478, 8.0041702], [-72.3510969, 8.0041463], [-72.3510379, 8.0041303], [-72.3509735, 8.004125], [-72.3508474, 8.004125], [-72.3507831, 8.0041171], [-72.3507187, 8.0041171], [-72.350665, 8.0040985], [-72.3505792, 8.0040294], [-72.3505443, 8.0039869], [-72.3505148, 8.0039338], [-72.35048, 8.003886], [-72.350437, 8.0038541], [-72.3503861, 8.0038222], [-72.3503485, 8.0037771], [-72.350319, 8.0037293], [-72.3502439, 8.0036257], [-72.3502171, 8.0035752], [-72.3501688, 8.003538], [-72.3501152, 8.0035168], [-72.3500589, 8.0035168], [-72.3500052, 8.0035274], [-72.3499543, 8.003554], [-72.3498523, 8.0036177], [-72.3498014, 8.0036363], [-72.3497504, 8.0036443], [-72.3496994, 8.0036496], [-72.3495948, 8.0037001], [-72.3495492, 8.0037319], [-72.3495036, 8.0037718], [-72.3494151, 8.0038408], [-72.3493722, 8.0038754], [-72.34934, 8.0039205], [-72.3493132, 8.0039657], [-72.349273, 8.0040108], [-72.3492301, 8.0040586], [-72.3491845, 8.0040932], [-72.3491362, 8.0041224], [-72.3490906, 8.0041569], [-72.348821, 8.0041768], [-72.3488317, 8.0042884], [-72.3488317, 8.0043561], [-72.3488237, 8.0044119], [-72.3487727, 8.0045912], [-72.3487432, 8.0047014], [-72.3487245, 8.0047824], [-72.3486936, 8.0049272], [-72.3486775, 8.0050069], [-72.3486762, 8.0050666], [-72.348695, 8.0051304], [-72.3487191, 8.0051848], [-72.3487714, 8.0052871], [-72.3488237, 8.0053707], [-72.3488653, 8.0054464], [-72.3489618, 8.0056709], [-72.3490664, 8.0059498], [-72.3491228, 8.0061012], [-72.3492301, 8.0063827], [-72.3493132, 8.0065474], [-72.3493561, 8.0066191], [-72.349399, 8.0066669], [-72.3498121, 8.0068661], [-72.3503244, 8.0070786], [-72.3502064, 8.0072778], [-72.350134, 8.0074186], [-72.3500991, 8.0075221], [-72.3500723, 8.007631], [-72.3500535, 8.0077479], [-72.3500481, 8.0078515], [-72.3500481, 8.0079949], [-72.3500481, 8.0081516], [-72.3500481, 8.0082818], [-72.3500562, 8.008489], [-72.3500696, 8.0086085], [-72.3500937, 8.0087227], [-72.3501259, 8.0088289], [-72.3501661, 8.0089272], [-72.3501983, 8.0090148], [-72.3502198, 8.0090866], [-72.3502439, 8.0091795], [-72.3502627, 8.0092565], [-72.350319, 8.0094398], [-72.3503163, 8.0096284], [-72.3502815, 8.0096975], [-72.3501152, 8.0098409], [-72.3500267, 8.0099365], [-72.3499623, 8.0100295], [-72.3499087, 8.010133], [-72.3498738, 8.0102021], [-72.3498175, 8.0103137], [-72.3498791, 8.0105872], [-72.3499435, 8.0107253], [-72.3500267, 8.0108608], [-72.3500884, 8.0109644], [-72.3501849, 8.0111237], [-72.3503056, 8.0112698], [-72.3504478, 8.0114398], [-72.3505792, 8.0115939], [-72.3507911, 8.0118542], [-72.3507026, 8.0119949], [-72.3506194, 8.0121251], [-72.3505604, 8.0122233], [-72.3504719, 8.0123907], [-72.3503834, 8.0126032], [-72.3503083, 8.0127306], [-72.3502547, 8.0128449], [-72.3502144, 8.0129484], [-72.3501581, 8.0130573], [-72.3501071, 8.0131344], [-72.3500374, 8.0132273], [-72.3499328, 8.0133654], [-72.3498604, 8.0134504], [-72.3497772, 8.0135142], [-72.3496512, 8.0135938], [-72.349501, 8.0136735], [-72.3492005, 8.0138462], [-72.3490396, 8.0140507], [-72.3489618, 8.0142047], [-72.3488894, 8.0143216], [-72.3488358, 8.0144172], [-72.3487553, 8.0146031], [-72.3486748, 8.0147652], [-72.3485863, 8.0149112], [-72.3484334, 8.0151503], [-72.3483664, 8.0152539], [-72.3482993, 8.0153229], [-72.3482242, 8.0153734], [-72.3481196, 8.0154318], [-72.3480204, 8.0154902], [-72.3479319, 8.0155513], [-72.3478702, 8.0156177], [-72.3478326, 8.0156894], [-72.3478165, 8.0157585], [-72.3478165, 8.0158382], [-72.3478246, 8.0159285], [-72.3478621, 8.0161091], [-72.3478755, 8.0162233], [-72.3478729, 8.0163322], [-72.347846, 8.0164145], [-72.3478004, 8.016473], [-72.3477307, 8.0165155], [-72.3476368, 8.0165553], [-72.347551, 8.0166137], [-72.3474813, 8.0166748], [-72.3474169, 8.0167757], [-72.3473901, 8.0168342], [-72.3473686, 8.0169723], [-72.3473659, 8.0170998], [-72.3473847, 8.0171874], [-72.3474008, 8.0172352], [-72.347441, 8.0173733], [-72.3474652, 8.0175088], [-72.3474947, 8.0177107], [-72.3474947, 8.0178594], [-72.3474732, 8.0180241], [-72.3474464, 8.0181436], [-72.3474222, 8.0183003], [-72.3474142, 8.0184304], [-72.3474249, 8.0185499], [-72.3474517, 8.0186642], [-72.3474866, 8.018773], [-72.3475403, 8.0188952], [-72.3476073, 8.0190121], [-72.3477334, 8.0192671], [-72.3475966, 8.01936], [-72.3476207, 8.0194025], [-72.3476341, 8.0194424], [-72.3476435, 8.0194995], [-72.3476435, 8.019538], [-72.3476382, 8.0195844], [-72.3476422, 8.019621], [-72.3476491, 8.0196459], [-72.3476677, 8.0196728], [-72.3477522, 8.019781], [-72.3478326, 8.0198633], [-72.3478997, 8.0199364], [-72.3480378, 8.0201661], [-72.3482054, 8.0204198], [-72.3482752, 8.0205154], [-72.3483288, 8.020603], [-72.3483677, 8.0206575], [-72.3484214, 8.0207146], [-72.3484817, 8.0207597], [-72.348581, 8.0208314], [-72.3529717, 8.0282442], [-72.3537657, 8.0294871], [-72.3540017, 8.0298351], [-72.3540983, 8.0302919], [-72.3541197, 8.0304911], [-72.3541144, 8.0305893], [-72.3540956, 8.0306823], [-72.3540527, 8.0307992], [-72.3539883, 8.0309373], [-72.3539802, 8.0310169], [-72.3539802, 8.0311099], [-72.3539668, 8.0312002], [-72.3539346, 8.0312879], [-72.3538864, 8.0313675], [-72.3538193, 8.0314711], [-72.3537308, 8.0316411], [-72.3536316, 8.0318164], [-72.3535833, 8.0318934], [-72.353527, 8.0319532], [-72.3534492, 8.0319943], [-72.3533526, 8.0320235], [-72.3532426, 8.0320607], [-72.3531246, 8.0320952], [-72.3530388, 8.0321138], [-72.352902, 8.0321085], [-72.3527867, 8.0320899], [-72.3526445, 8.0320395], [-72.3525587, 8.0320023], [-72.3524889, 8.0319784], [-72.352328, 8.0319678], [-72.3520088, 8.0319837], [-72.3515207, 8.031997], [-72.3514965, 8.0320182], [-72.3514053, 8.0320952], [-72.3513195, 8.0321696], [-72.3512417, 8.0322334], [-72.3511371, 8.0322997], [-72.3510405, 8.0323741], [-72.3509654, 8.0324618], [-72.3508072, 8.0326556], [-72.3507401, 8.0327167], [-72.3506409, 8.0327937], [-72.3505309, 8.0328522], [-72.3503834, 8.0329106], [-72.350252, 8.0329398], [-72.3501259, 8.0329637], [-72.3499972, 8.0329982], [-72.3498818, 8.033054], [-72.349804, 8.0331071], [-72.3497236, 8.0331842], [-72.3496029, 8.0333223], [-72.3494929, 8.0334205], [-72.3493749, 8.0335294], [-72.3492408, 8.0336357], [-72.349163, 8.0336967], [-72.3492837, 8.034443], [-72.3492166, 8.0345493], [-72.3491254, 8.0346874], [-72.3490477, 8.0347857], [-72.3489109, 8.034945], [-72.3489699, 8.0351601], [-72.3489404, 8.0352425], [-72.3489055, 8.0352903], [-72.3488438, 8.0353753], [-72.3487821, 8.0354842], [-72.3487178, 8.0355559], [-72.3486453, 8.0356143], [-72.3485783, 8.0356648], [-72.3484764, 8.0357551], [-72.3484093, 8.0358825], [-72.348361, 8.0359596], [-72.3483208, 8.0360445], [-72.3482913, 8.0361455], [-72.3482698, 8.0363022], [-72.3483503, 8.0365545], [-72.3482269, 8.0366713], [-72.3480928, 8.0367669], [-72.3479855, 8.0368413], [-72.3478514, 8.0368997], [-72.3476744, 8.0369529], [-72.3474813, 8.0369953], [-72.3473311, 8.0370485], [-72.3471487, 8.0371335], [-72.3470306, 8.0372238], [-72.3469502, 8.0373247], [-72.3468804, 8.0374256], [-72.3467946, 8.0375743], [-72.3466712, 8.0378293], [-72.3466685, 8.0380099], [-72.3466793, 8.0381931], [-72.3466846, 8.0383445], [-72.3467141, 8.0384853], [-72.3467544, 8.0385889], [-72.3467946, 8.0386765], [-72.3468429, 8.0387827], [-72.3468938, 8.0388837], [-72.3469448, 8.0389766], [-72.3470011, 8.0390775], [-72.3470897, 8.0391864], [-72.3471621, 8.0392502], [-72.3472479, 8.0393059], [-72.3473847, 8.0394122], [-72.3474625, 8.0394706], [-72.3475269, 8.039545], [-72.3475805, 8.0396592], [-72.3476154, 8.0397681], [-72.3476315, 8.0398318], [-72.3476449, 8.0398955], [-72.347669, 8.0400974], [-72.3476958, 8.0402514], [-72.3477334, 8.040448], [-72.3477656, 8.040594], [-72.3477897, 8.0407003], [-72.3478138, 8.0408038], [-72.3478299, 8.0409048], [-72.3478299, 8.0409579], [-72.3478165, 8.0410243], [-72.3477897, 8.0410907], [-72.3477548, 8.0411517], [-72.34772, 8.0412341], [-72.3477173, 8.0413509], [-72.3477173, 8.0414545], [-72.3477173, 8.0414997], [-72.3475939, 8.0416086], [-72.3474276, 8.0416962], [-72.347264, 8.0417759], [-72.3471192, 8.0418662], [-72.3470253, 8.0419671], [-72.3469609, 8.0420415], [-72.3468697, 8.0421742], [-72.3468885, 8.0423309], [-72.3469314, 8.0424717], [-72.346969, 8.0425912], [-72.3470145, 8.0426789], [-72.3470628, 8.0427798], [-72.3470829, 8.0428435], [-72.3470843, 8.0429073], [-72.3470816, 8.0429736], [-72.3470816, 8.0430507], [-72.3471218, 8.0431463], [-72.347146, 8.0432366], [-72.347146, 8.0433242], [-72.3471487, 8.0434862], [-72.3471487, 8.0435287], [-72.3471567, 8.0435925], [-72.3471808, 8.0436376], [-72.3472157, 8.043696], [-72.3472318, 8.0437704], [-72.3472318, 8.043858], [-72.3472318, 8.043943], [-72.3472399, 8.0440121], [-72.3472613, 8.0440891], [-72.3473015, 8.0441502], [-72.3473445, 8.044198], [-72.347441, 8.0442777], [-72.3486641, 8.0444795], [-72.3488358, 8.0450903], [-72.3479641, 8.0453719], [-72.3478139, 8.0461845], [-72.3489726, 8.0472893], [-72.3475778, 8.0481604], [-72.3465022, 8.0487819], [-72.3464057, 8.0487514], [-72.3464406, 8.0486677], [-72.3464526, 8.0486066], [-72.3464701, 8.0485123], [-72.3465143, 8.0483384], [-72.3458934, 8.0484977], [-72.345829, 8.0490634], [-72.3459846, 8.0495521], [-72.3456627, 8.0499876], [-72.3455286, 8.0501974], [-72.345483, 8.0503435], [-72.3454562, 8.0504816], [-72.3453757, 8.0511004], [-72.3459765, 8.0514085], [-72.346285, 8.0513155], [-72.3464862, 8.0515333], [-72.3465049, 8.051767], [-72.3469019, 8.0521388], [-72.3471326, 8.0521096], [-72.3472774, 8.0523353], [-72.3478138, 8.0531082], [-72.3478138, 8.0534454], [-72.3482296, 8.0543059], [-72.3483188, 8.0543298], [-72.3483114, 8.0543896], [-72.3483114, 8.0544719], [-72.3482993, 8.0545741], [-72.348294, 8.0546326], [-72.348294, 8.0547468], [-72.3482993, 8.0548158], [-72.3482993, 8.0550256], [-72.3482859, 8.0550787], [-72.3482752, 8.0551318], [-72.3482323, 8.0552354], [-72.3481625, 8.0553257], [-72.348125, 8.0553682], [-72.3481089, 8.0554187], [-72.3480955, 8.0555966], [-72.3480955, 8.0557108], [-72.3481089, 8.0557639], [-72.3481169, 8.0558197], [-72.3481169, 8.0558808], [-72.3481089, 8.0559339], [-72.3480874, 8.0559817], [-72.3480552, 8.0560242], [-72.3480311, 8.0560773], [-72.3480204, 8.0561331], [-72.3480204, 8.0562446], [-72.3480445, 8.0562977], [-72.3481035, 8.056396], [-72.3481411, 8.0564438], [-72.3481759, 8.0564916], [-72.3482135, 8.0565367], [-72.3482457, 8.0565819], [-72.3482725, 8.0566297], [-72.3482966, 8.0566854], [-72.3483074, 8.0567412], [-72.3482966, 8.056797], [-72.3482752, 8.0568474], [-72.3482698, 8.0569006], [-72.3482698, 8.0570148], [-72.3482671, 8.0571183], [-72.3482537, 8.0571768], [-72.3482376, 8.0572272], [-72.3482135, 8.057275], [-72.3481491, 8.057368], [-72.348125, 8.0574211], [-72.3481116, 8.0574742], [-72.3481116, 8.0575884], [-72.3481169, 8.0576495], [-72.3481277, 8.0577052], [-72.3481679, 8.0578168], [-72.3482028, 8.0578646], [-72.3482645, 8.0579655], [-72.3482859, 8.0580186], [-72.3482966, 8.0580744], [-72.348294, 8.0581966], [-72.3482832, 8.0582523], [-72.3482806, 8.0584223], [-72.3482859, 8.0584754], [-72.3483127, 8.0585232], [-72.348361, 8.058563], [-72.3484093, 8.0585949], [-72.3484576, 8.0586268], [-72.3484951, 8.0586693], [-72.3485327, 8.0587357], [-72.3485649, 8.0587808], [-72.3486051, 8.0588206], [-72.3486534, 8.0588525], [-72.3486856, 8.0589003], [-72.3487017, 8.0589561], [-72.3487043, 8.0590119], [-72.3486882, 8.0590676], [-72.3486561, 8.0591101], [-72.3485971, 8.0592057], [-72.3485729, 8.0592588], [-72.3485595, 8.059312], [-72.3485595, 8.0593704], [-72.3485622, 8.0594235], [-72.3485756, 8.0595032], [-72.3486051, 8.0595536], [-72.3486239, 8.0596067], [-72.3486534, 8.0597714], [-72.3486534, 8.0598803], [-72.3486507, 8.0599334], [-72.3489323, 8.0600768], [-72.3498416, 8.060924], [-72.3495331, 8.061317], [-72.3495948, 8.0613781], [-72.3496082, 8.0614312], [-72.349627, 8.0614896], [-72.3496673, 8.0615773], [-72.3496887, 8.0616676], [-72.3497075, 8.0618057], [-72.3497424, 8.0619624], [-72.3497611, 8.0620606], [-72.3497799, 8.0621483], [-72.3497799, 8.0622253], [-72.3497745, 8.0623129], [-72.3497585, 8.0625015], [-72.3497665, 8.0626183], [-72.3498094, 8.0628414], [-72.3498416, 8.0629476], [-72.3498684, 8.0630538], [-72.349906, 8.0631654], [-72.3499328, 8.0632822], [-72.3499543, 8.0633885], [-72.349965, 8.0634947], [-72.349965, 8.0636062], [-72.3499596, 8.0637178], [-72.3499435, 8.063824], [-72.3499167, 8.0639355], [-72.3498979, 8.0640975], [-72.3498979, 8.0641799], [-72.3499194, 8.0642383], [-72.3499435, 8.0642941], [-72.3499596, 8.0643472], [-72.3499623, 8.0644003], [-72.3499596, 8.0644561], [-72.3499355, 8.0645623], [-72.349914, 8.0646552], [-72.3498979, 8.0647535], [-72.3498979, 8.0648119], [-72.349906, 8.0648677], [-72.3499489, 8.0649819], [-72.349973, 8.0650376], [-72.3499891, 8.0650987], [-72.3500025, 8.0651625], [-72.3500052, 8.0652235], [-72.3500052, 8.0653377], [-72.3500133, 8.0653909], [-72.3500159, 8.0654599], [-72.3500186, 8.065513], [-72.350024, 8.0656591], [-72.350024, 8.0658397], [-72.3500294, 8.0658981], [-72.3500401, 8.0659512], [-72.3500615, 8.0660096], [-72.3500937, 8.0660601], [-72.3501125, 8.0661132], [-72.3501661, 8.0662354], [-72.3502091, 8.0663416], [-72.3502627, 8.0664531], [-72.3502868, 8.0665089], [-72.3503217, 8.0665647], [-72.3503485, 8.0666125], [-72.3503834, 8.0666629], [-72.3504531, 8.0667718], [-72.3504826, 8.0668302], [-72.3505014, 8.0668833], [-72.3505256, 8.0669975], [-72.3505336, 8.0672551], [-72.350539, 8.0673082], [-72.3505604, 8.0674198], [-72.350598, 8.0674676], [-72.350657, 8.0674915], [-72.3507026, 8.0675234], [-72.3507455, 8.0675658], [-72.350775, 8.0676136], [-72.3507884, 8.0676668], [-72.3507884, 8.0677225], [-72.350775, 8.0677783], [-72.3507723, 8.0678341], [-72.3507723, 8.0679881], [-72.350775, 8.0680492], [-72.3507938, 8.0681103], [-72.350826, 8.0681607], [-72.3508501, 8.0682112], [-72.3508635, 8.0682696], [-72.3508689, 8.0683891], [-72.3508877, 8.0686042], [-72.3508877, 8.0686626], [-72.350893, 8.0687211], [-72.3509038, 8.0687795], [-72.3509359, 8.0688246], [-72.3509949, 8.0688512], [-72.3510566, 8.0688751], [-72.3511076, 8.0689043], [-72.3511827, 8.0690026], [-72.3512337, 8.0691167], [-72.3512605, 8.0691699], [-72.35129, 8.0692203], [-72.3513302, 8.0692681], [-72.3514724, 8.0694726], [-72.3515233, 8.0695762], [-72.3515394, 8.0696293], [-72.3515582, 8.0696851], [-72.3515904, 8.0697329], [-72.3516333, 8.0697727], [-72.3517299, 8.0698444], [-72.3517755, 8.0698895], [-72.351813, 8.0699373], [-72.3518425, 8.0699878], [-72.3518613, 8.0700489], [-72.3518693, 8.070102], [-72.3518747, 8.0701604], [-72.351872, 8.0702666], [-72.3517755, 8.0704021], [-72.351754, 8.0704579], [-72.3517272, 8.070572], [-72.3516923, 8.0706783], [-72.3516923, 8.0708456], [-72.3517674, 8.0712439], [-72.3517701, 8.0713023], [-72.3517782, 8.0713714], [-72.3517808, 8.0714325], [-72.3517889, 8.0714962], [-72.3518211, 8.071621], [-72.3518425, 8.0716741], [-72.3518801, 8.0717246], [-72.3519176, 8.071783], [-72.3519498, 8.0718441], [-72.3519713, 8.0718972], [-72.3520196, 8.0720353], [-72.3520651, 8.0721415], [-72.3521027, 8.0722557], [-72.3521027, 8.0723646], [-72.3520866, 8.0724257], [-72.3520625, 8.0724788], [-72.3520276, 8.0725239], [-72.3520115, 8.0725744], [-72.3520061, 8.0726381], [-72.3520061, 8.0728134], [-72.3519874, 8.0729542], [-72.3519713, 8.0730152], [-72.3519498, 8.0730683], [-72.3519203, 8.0731241], [-72.3518989, 8.0731719], [-72.3518854, 8.0732277], [-72.3518774, 8.0733392], [-72.3518613, 8.0734561], [-72.3518613, 8.0735703], [-72.351872, 8.0737269], [-72.351872, 8.0739128], [-72.3518559, 8.0739766], [-72.3518372, 8.074027], [-72.3518103, 8.0740801], [-72.3517782, 8.074189], [-72.3517808, 8.0743059], [-72.3517889, 8.074359], [-72.3517889, 8.0744121], [-72.3517942, 8.07459], [-72.3518103, 8.0746962], [-72.3518533, 8.0747865], [-72.3519069, 8.0748821], [-72.3519927, 8.0750043], [-72.3520732, 8.0751318], [-72.352159, 8.0752592], [-72.3522677, 8.0754385], [-72.3524152, 8.0753548], [-72.3525748, 8.0752778], [-72.3527142, 8.0752167], [-72.3530737, 8.0759869], [-72.3530482, 8.0759935], [-72.3530187, 8.0760068], [-72.3529905, 8.0760347], [-72.3529744, 8.0760825], [-72.3529771, 8.0761542], [-72.3529878, 8.0762498], [-72.3529851, 8.0763029], [-72.3529691, 8.076356], [-72.3529342, 8.0764011], [-72.3528859, 8.0764277], [-72.3528349, 8.076441], [-72.3527786, 8.076441], [-72.3526713, 8.0764171], [-72.3525775, 8.0763507], [-72.3525238, 8.0763294], [-72.3524728, 8.0763268], [-72.3524219, 8.0763294], [-72.3523763, 8.0763587], [-72.3523414, 8.0764011], [-72.3523253, 8.0764543], [-72.352328, 8.0766773], [-72.3522878, 8.0767862], [-72.3522717, 8.0769031], [-72.3522475, 8.0770172], [-72.3522207, 8.0770624], [-72.3521805, 8.0770969], [-72.3521268, 8.0771075], [-72.3520732, 8.0771049], [-72.3520222, 8.0770863], [-72.3519659, 8.077073], [-72.3519123, 8.0770836], [-72.3518586, 8.0771128], [-72.3517701, 8.0771819], [-72.3516092, 8.0773465], [-72.3515743, 8.0773943], [-72.3515394, 8.0774979], [-72.3515126, 8.0775431], [-72.3514724, 8.0775776], [-72.3513329, 8.0776599], [-72.351298, 8.077705], [-72.3512927, 8.0777582], [-72.3513061, 8.0778697], [-72.3513007, 8.0779865], [-72.3512712, 8.0780768], [-72.3512444, 8.0781273], [-72.3512095, 8.0781724], [-72.3511612, 8.0782043], [-72.3511076, 8.0782229], [-72.3510003, 8.0782441], [-72.3509467, 8.0782627], [-72.3509011, 8.0782919], [-72.3508796, 8.0783424], [-72.350885, 8.0784008], [-72.3509064, 8.0784539], [-72.3509333, 8.0785017], [-72.3509815, 8.0785628], [-72.3510084, 8.078669], [-72.3510084, 8.0787938], [-72.351003, 8.0788496], [-72.3509896, 8.0789054], [-72.3509869, 8.0790169], [-72.3509949, 8.079078], [-72.3510379, 8.0791895], [-72.351062, 8.0793143], [-72.3510835, 8.0794577], [-72.3510888, 8.0795215], [-72.3510888, 8.0796303], [-72.3510245, 8.0797844], [-72.351011, 8.0798375], [-72.3509896, 8.079957], [-72.3509601, 8.0800048], [-72.3509252, 8.0800526], [-72.3508957, 8.080103], [-72.3508367, 8.0802491], [-72.3508126, 8.0802969], [-72.3507911, 8.08035], [-72.350767, 8.0804695], [-72.350767, 8.0805306], [-72.3507857, 8.080589], [-72.3508045, 8.0806421], [-72.3508179, 8.0807032], [-72.3508233, 8.0807563], [-72.3508233, 8.080921], [-72.3508367, 8.0810405], [-72.350834, 8.081152], [-72.3507911, 8.0813193], [-72.3507857, 8.0817309], [-72.3507696, 8.0817867], [-72.3507401, 8.0818398], [-72.3506972, 8.081877], [-72.3505229, 8.0819354], [-72.3504692, 8.0819619], [-72.3502386, 8.0821585], [-72.3501796, 8.0822487], [-72.3500937, 8.0823337], [-72.3499972, 8.0823762], [-72.3498899, 8.0823975], [-72.349788, 8.0824346], [-72.3496807, 8.0824771], [-72.3495895, 8.0825355], [-72.3495144, 8.0826099], [-72.3493964, 8.0827958], [-72.3492461, 8.0829551], [-72.3491737, 8.0830175], [-72.3491, 8.0830773], [-72.3489967, 8.0831543], [-72.3490128, 8.0831716], [-72.3490477, 8.0831994], [-72.3490892, 8.0832247], [-72.3491362, 8.0832446], [-72.3491791, 8.0832512], [-72.3492435, 8.0832579], [-72.3493803, 8.0832764], [-72.3497558, 8.0833136], [-72.3507053, 8.0844422], [-72.3528135, 8.0835287], [-72.3529315, 8.0837146], [-72.3530066, 8.0838049], [-72.3530871, 8.0838846], [-72.353189, 8.0839324], [-72.353307, 8.0839589], [-72.3535377, 8.0839696], [-72.3537576, 8.0840439], [-72.3538542, 8.084097], [-72.3540151, 8.0842617], [-72.3541117, 8.0843254], [-72.3542243, 8.0843732], [-72.3543155, 8.0844475], [-72.3543853, 8.0845378], [-72.3544711, 8.0846069], [-72.3545891, 8.0847662], [-72.3547125, 8.0849627], [-72.3547822, 8.0850583], [-72.3548788, 8.0851327], [-72.3549807, 8.0851911], [-72.3550826, 8.0852389], [-72.3551953, 8.0852708], [-72.3553991, 8.0853717], [-72.3554903, 8.0854301], [-72.3555976, 8.0854726], [-72.3556995, 8.0855257], [-72.3557907, 8.0856054], [-72.3558444, 8.0857063], [-72.3558873, 8.0858072], [-72.3559195, 8.0859134], [-72.3560107, 8.0861152], [-72.3560965, 8.0862586], [-72.3561823, 8.0863489], [-72.3562521, 8.0864392], [-72.3563111, 8.0865348], [-72.3563486, 8.086641], [-72.3563969, 8.0868588], [-72.3564291, 8.0869756], [-72.3564827, 8.0870765], [-72.3565686, 8.0871509], [-72.3567376, 8.087273], [-72.3568261, 8.087358], [-72.356928, 8.0874589], [-72.3570085, 8.0875067], [-72.3570997, 8.0875758], [-72.3571855, 8.0876554], [-72.3572552, 8.0877404], [-72.3573303, 8.087836], [-72.3575395, 8.0881122], [-72.3575878, 8.0882184], [-72.3576307, 8.0883246], [-72.3576951, 8.0884202], [-72.357789, 8.0884866], [-72.3578292, 8.0885211], [-72.3578587, 8.0885663], [-72.3578775, 8.0886167], [-72.3578909, 8.0886752], [-72.3579124, 8.088723], [-72.3579446, 8.0887708], [-72.3579928, 8.0888159], [-72.3580438, 8.0888239], [-72.3580948, 8.0888212], [-72.3582074, 8.0888106], [-72.3582664, 8.0888106], [-72.3583201, 8.0888133], [-72.3584032, 8.0888186], [-72.3584542, 8.0888372], [-72.3585159, 8.0888504], [-72.3585802, 8.0888531], [-72.3586419, 8.0888478], [-72.3586983, 8.0888372], [-72.3587546, 8.0888372], [-72.3588055, 8.0888425], [-72.3588538, 8.0888611], [-72.3590067, 8.0889195], [-72.359114, 8.0889752], [-72.3591623, 8.0890045], [-72.3591971, 8.0890443], [-72.359224, 8.0890947], [-72.3592293, 8.0891505], [-72.3592293, 8.0892594], [-72.3592159, 8.0893151], [-72.3592132, 8.0893736], [-72.3592213, 8.0894267], [-72.3592481, 8.0894745], [-72.359291, 8.0895037], [-72.359342, 8.0895196], [-72.3593983, 8.0895276], [-72.359452, 8.0895302], [-72.3595217, 8.0895382], [-72.3595727, 8.0895329], [-72.3596317, 8.0895196], [-72.359688, 8.089501], [-72.359747, 8.0894798], [-72.3598006, 8.0894745], [-72.359857, 8.0894824], [-72.3599079, 8.0895037], [-72.3600608, 8.0895621], [-72.3601198, 8.0895754], [-72.3601735, 8.0895754], [-72.3602325, 8.0895727], [-72.3603451, 8.0895488], [-72.3603961, 8.0895276], [-72.3604524, 8.089501], [-72.3605731, 8.0894612], [-72.3606348, 8.0894506], [-72.3606938, 8.0894373], [-72.3607475, 8.089432], [-72.3609298, 8.089432], [-72.3609808, 8.0894373], [-72.3610371, 8.0894506], [-72.3611873, 8.0895409], [-72.3612303, 8.0895727], [-72.3612732, 8.0896126], [-72.361367, 8.0897321], [-72.3614207, 8.089833], [-72.3614529, 8.0898755], [-72.3614904, 8.0899153], [-72.3615387, 8.0899445], [-72.361595, 8.0899498], [-72.3616487, 8.0899472], [-72.3617131, 8.0899365], [-72.361764, 8.0899153], [-72.361815, 8.0899047], [-72.3618794, 8.089902], [-72.361941, 8.0899073], [-72.3619947, 8.0899233], [-72.362043, 8.0899525], [-72.3620805, 8.089995], [-72.3621127, 8.0900374], [-72.3621342, 8.0900879], [-72.3621368, 8.0903322], [-72.3621503, 8.090388], [-72.3621717, 8.0904358], [-72.3622039, 8.0904836], [-72.3622549, 8.0905101], [-72.3623085, 8.0905128], [-72.3623595, 8.0905048], [-72.3624131, 8.0905048], [-72.3624668, 8.0905154], [-72.362515, 8.0905393], [-72.362617, 8.0905739], [-72.3626706, 8.0905765], [-72.3627779, 8.0905659], [-72.3628315, 8.0905659], [-72.3629361, 8.0905845], [-72.3629925, 8.0906004], [-72.3630434, 8.090627], [-72.3630863, 8.0906615], [-72.3631239, 8.0906987], [-72.3632151, 8.0907677], [-72.363258, 8.0907969], [-72.3633143, 8.0908182], [-72.363368, 8.0908235], [-72.363427, 8.0908208], [-72.363486, 8.0908102], [-72.3635933, 8.090789], [-72.3636496, 8.0907783], [-72.3637006, 8.090781], [-72.3637596, 8.0907969], [-72.3638561, 8.0908527], [-72.3639071, 8.0908872], [-72.3639473, 8.0909217], [-72.3639929, 8.0909509], [-72.3640466, 8.0909616], [-72.3640975, 8.0909536], [-72.3641512, 8.0909509], [-72.3642021, 8.0909669], [-72.3642531, 8.0909987], [-72.3643309, 8.0910811], [-72.3644194, 8.0911421], [-72.3644704, 8.0911528], [-72.3645267, 8.0911528], [-72.3645937, 8.0911421], [-72.3646528, 8.0911156], [-72.364701, 8.091097], [-72.364862, 8.0910147], [-72.364921, 8.0909775], [-72.3650149, 8.0909111], [-72.3650605, 8.0908846], [-72.3652509, 8.0907969], [-72.3653528, 8.0907597], [-72.3654547, 8.0907438], [-72.3655111, 8.0907438], [-72.3656344, 8.0907438], [-72.3656908, 8.0907491], [-72.3657471, 8.0907624], [-72.3658034, 8.090789], [-72.3658517, 8.0908235], [-72.3658919, 8.0908686], [-72.3659241, 8.0909164], [-72.3659536, 8.0909642], [-72.3659858, 8.091012], [-72.3660368, 8.0910439], [-72.3660904, 8.0910598], [-72.3661628, 8.0910678], [-72.3662192, 8.0910678], [-72.3662755, 8.0910704], [-72.3663265, 8.091097], [-72.3663721, 8.0911368], [-72.3664096, 8.091182], [-72.3664793, 8.0912749], [-72.3665062, 8.0913307], [-72.3665223, 8.0913891], [-72.366533, 8.0915033], [-72.3665625, 8.0915511], [-72.3666188, 8.0915644], [-72.3666778, 8.0915644], [-72.3667261, 8.0915272], [-72.3667637, 8.091482], [-72.36682, 8.0914555], [-72.3668763, 8.0914502], [-72.3669353, 8.0914502], [-72.3669916, 8.0914528], [-72.367056, 8.0914714], [-72.3671043, 8.0915033], [-72.3671526, 8.0915458], [-72.3672089, 8.091644], [-72.3672572, 8.0917343], [-72.3673028, 8.0918458], [-72.3673323, 8.091891], [-72.3673859, 8.0919255], [-72.3674449, 8.0919441], [-72.3675576, 8.091968], [-72.3676112, 8.0919972], [-72.3676541, 8.0920344], [-72.3676783, 8.0920875], [-72.367681, 8.092199], [-72.3676917, 8.0923053], [-72.3676917, 8.0923584], [-72.367681, 8.0924141], [-72.3676756, 8.0924725], [-72.3676756, 8.0925283], [-72.3676783, 8.0925867], [-72.3676997, 8.0926452], [-72.36774, 8.0926956], [-72.3677963, 8.0927222], [-72.3678553, 8.0927354], [-72.3679197, 8.0927195], [-72.3679653, 8.0926903], [-72.3680323, 8.0925947], [-72.3680726, 8.0925522], [-72.3681235, 8.0925124], [-72.3681906, 8.0924964], [-72.3682523, 8.0924964], [-72.3683059, 8.092515], [-72.3684078, 8.0925788], [-72.368491, 8.0926425], [-72.3685822, 8.0926717], [-72.3686439, 8.0926717], [-72.3687404, 8.0926717], [-72.3688397, 8.0926717], [-72.368888, 8.0927248], [-72.3689255, 8.0928204], [-72.3689497, 8.0929054], [-72.3689738, 8.0929957], [-72.369006, 8.093078], [-72.3690623, 8.0931763], [-72.3691267, 8.0932506], [-72.3691911, 8.0933011], [-72.3692688, 8.0933197], [-72.369352, 8.0933197], [-72.3694378, 8.093317], [-72.3695183, 8.0932984], [-72.3696256, 8.0932559], [-72.3696873, 8.093248], [-72.3697436, 8.093248], [-72.3697972, 8.0932586], [-72.3698455, 8.0932904], [-72.3698777, 8.0933356], [-72.3698884, 8.0933887], [-72.3698831, 8.0934418], [-72.3698562, 8.0934896], [-72.3698214, 8.0935374], [-72.3698026, 8.0935879], [-72.3697999, 8.0936436], [-72.3698187, 8.0936941], [-72.369867, 8.0937286], [-72.3699313, 8.0937525], [-72.3700494, 8.0937525], [-72.3701057, 8.0937419], [-72.370213, 8.0936835], [-72.3702639, 8.0936542], [-72.3703229, 8.093625], [-72.3704436, 8.0935799], [-72.3705053, 8.0935693], [-72.370567, 8.0935533], [-72.370626, 8.0935427], [-72.370685, 8.0935374], [-72.3707441, 8.0935401], [-72.3708031, 8.0935586], [-72.370854, 8.0935852], [-72.3708996, 8.0936224], [-72.3709184, 8.0936755], [-72.3709157, 8.0937286], [-72.3709023, 8.0937844], [-72.3708594, 8.0938826], [-72.3708272, 8.0939331], [-72.3708004, 8.0939782], [-72.3707682, 8.094026], [-72.3707011, 8.0941853], [-72.3706421, 8.0943686], [-72.3705992, 8.0944535], [-72.3705402, 8.0945545], [-72.3704973, 8.0946554], [-72.3704678, 8.0947775], [-72.3704597, 8.0948944], [-72.3704731, 8.0950112], [-72.3705241, 8.0951572], [-72.3705938, 8.0952608], [-72.3706797, 8.0953431], [-72.3708031, 8.0954281], [-72.3709184, 8.0955104], [-72.3710069, 8.0955848], [-72.3710284, 8.0956034], [-72.3711491, 8.0957096], [-72.3712108, 8.0957999], [-72.3713046, 8.0959247], [-72.371428, 8.096084], [-72.3715165, 8.0962115], [-72.3715594, 8.0963177], [-72.3715809, 8.0964584], [-72.3715916, 8.0965939], [-72.3715863, 8.0967001], [-72.3715407, 8.0968196], [-72.3714736, 8.0969364], [-72.3714441, 8.0970081], [-72.3714387, 8.0970798], [-72.3714441, 8.0971489], [-72.3714817, 8.0972179], [-72.371538, 8.0972816], [-72.3715943, 8.0973294], [-72.371664, 8.0974117], [-72.3716828, 8.0974622], [-72.3716882, 8.0975286], [-72.3716828, 8.0976003], [-72.3716801, 8.09768], [-72.3716828, 8.0977357], [-72.3716989, 8.0978101], [-72.3717177, 8.0978579], [-72.3717526, 8.0979057], [-72.3718008, 8.0979428], [-72.3718786, 8.0980225], [-72.3719162, 8.0981048], [-72.3719484, 8.0982004], [-72.371951, 8.098296], [-72.3719457, 8.0983624], [-72.3719081, 8.0984447], [-72.3718652, 8.0986067], [-72.3718572, 8.0986757], [-72.3718679, 8.0987607], [-72.3719001, 8.0988457], [-72.3719537, 8.0989227], [-72.3720235, 8.0989917], [-72.3721173, 8.0990634], [-72.3721737, 8.0991166], [-72.3722515, 8.0992334], [-72.3723346, 8.099398], [-72.3724124, 8.0995361], [-72.3724633, 8.0996397], [-72.3724929, 8.0997353], [-72.3724982, 8.0998309], [-72.372517, 8.0999424], [-72.3725411, 8.100038], [-72.3725814, 8.1001787], [-72.3726377, 8.1002743], [-72.3727074, 8.1003805], [-72.3727638, 8.1004761], [-72.3728094, 8.1005691], [-72.3728871, 8.1007284], [-72.3729488, 8.1008506], [-72.3730105, 8.100978], [-72.3730293, 8.1010736], [-72.3730373, 8.1011772], [-72.3730347, 8.1012701], [-72.3730132, 8.1013392], [-72.3729542, 8.1014268], [-72.3728737, 8.1015357], [-72.3727638, 8.1016233], [-72.3726806, 8.1017109], [-72.3726323, 8.1018039], [-72.372627, 8.1018596], [-72.3726377, 8.1019181], [-72.3726726, 8.1019526], [-72.3727262, 8.1019579], [-72.3727906, 8.1019419], [-72.3728684, 8.1019127], [-72.3729676, 8.1018942], [-72.3730293, 8.1018915], [-72.3731071, 8.1019101], [-72.3731849, 8.1019605], [-72.3732197, 8.1020057], [-72.3732331, 8.1020482], [-72.3732331, 8.1021146], [-72.3732224, 8.1021889], [-72.3731634, 8.1023828], [-72.3730776, 8.1026005], [-72.3730132, 8.1027067], [-72.3729596, 8.1028342], [-72.3729515, 8.1029271], [-72.372973, 8.103028], [-72.3729891, 8.1030918], [-72.3729971, 8.1032192], [-72.3729891, 8.103344], [-72.3729569, 8.1034555], [-72.3729193, 8.1035272], [-72.3728174, 8.1036308], [-72.3727047, 8.1037769], [-72.372576, 8.1038884], [-72.3724794, 8.1039627], [-72.3724258, 8.1040371], [-72.3723695, 8.1041513], [-72.3723507, 8.104223], [-72.37234, 8.1043557], [-72.3723614, 8.1044832], [-72.3723856, 8.1046053], [-72.3724231, 8.1048018], [-72.3724553, 8.1048603], [-72.3724902, 8.1048921], [-72.3725572, 8.1049213], [-72.3726323, 8.1049293], [-72.3727101, 8.1049267], [-72.3727933, 8.1049028], [-72.3729005, 8.1048576], [-72.3729783, 8.1048178], [-72.3730508, 8.1047753], [-72.373201, 8.1047301], [-72.373319, 8.1046956], [-72.3733619, 8.1046824], [-72.3734263, 8.1046744], [-72.3735067, 8.1047222], [-72.373555, 8.1047992], [-72.3735872, 8.1049187], [-72.3736006, 8.1050355], [-72.3736033, 8.1051524], [-72.3736087, 8.1052002], [-72.3736113, 8.1053117], [-72.3736301, 8.1054285], [-72.3736462, 8.1055294], [-72.3736489, 8.105633], [-72.3736328, 8.10571], [-72.3736006, 8.1057605], [-72.373555, 8.1057843], [-72.3734933, 8.1057923], [-72.3734343, 8.1057843], [-72.3733726, 8.1057525], [-72.3733002, 8.1057127], [-72.3731822, 8.1056675], [-72.3729891, 8.1056436], [-72.3727691, 8.1056622], [-72.3726431, 8.10571], [-72.3725599, 8.1057711], [-72.372517, 8.1058375], [-72.3725009, 8.1059198], [-72.3725009, 8.1060207], [-72.3725036, 8.1061216], [-72.3725492, 8.1062092], [-72.3725948, 8.1062756], [-72.3726752, 8.106334], [-72.3727664, 8.1063765], [-72.372855, 8.1064031], [-72.3729891, 8.1064163], [-72.3731098, 8.1064216], [-72.3732358, 8.1064588], [-72.3733109, 8.1064987], [-72.3733538, 8.106573], [-72.3733619, 8.1066474], [-72.3733619, 8.1067403], [-72.3733324, 8.1068279], [-72.3733002, 8.1068837], [-72.3732278, 8.1069395], [-72.3731527, 8.1070005], [-72.3730937, 8.1070643], [-72.3729917, 8.1072448], [-72.372922, 8.1073696], [-72.3728228, 8.107513], [-72.3727316, 8.1076272], [-72.3726162, 8.1077281], [-72.3725116, 8.1077865], [-72.3723078, 8.1078901], [-72.3721898, 8.1079671], [-72.3721388, 8.1080282], [-72.37212, 8.1080839], [-72.3721281, 8.108137], [-72.3721522, 8.1081875], [-72.3721871, 8.1082087], [-72.3722461, 8.1082087], [-72.3723346, 8.1082087], [-72.3724607, 8.1082087], [-72.3725787, 8.1082379], [-72.3726511, 8.1082725], [-72.3727235, 8.1083256], [-72.3727772, 8.1083707], [-72.3728818, 8.1085274], [-72.3729247, 8.1086309], [-72.3729274, 8.1087133], [-72.3729193, 8.1087956], [-72.3728925, 8.1088487], [-72.3728228, 8.1089602], [-72.3726833, 8.1092072], [-72.3726216, 8.1093028], [-72.3725626, 8.1093532], [-72.3724955, 8.1093824], [-72.3724499, 8.1093824], [-72.3723963, 8.1093665], [-72.3723561, 8.1093399], [-72.3723239, 8.1093134], [-72.3722354, 8.1092789], [-72.3721576, 8.1092629], [-72.3720852, 8.1092709], [-72.3720315, 8.1092895], [-72.3719671, 8.1093346], [-72.3718947, 8.1094143], [-72.3718303, 8.1094966], [-72.3717901, 8.1095763], [-72.3717526, 8.1096586], [-72.3717338, 8.1097728], [-72.3717338, 8.1098604], [-72.3717445, 8.1100011], [-72.3717499, 8.1101233], [-72.3717687, 8.1102162], [-72.3718008, 8.1103171], [-72.3718438, 8.110426], [-72.3718867, 8.1105322], [-72.3719215, 8.1106278], [-72.3719457, 8.1107207], [-72.371951, 8.1107871], [-72.3719376, 8.1108535], [-72.3718947, 8.1109093], [-72.3718464, 8.1109332], [-72.3717687, 8.1109544], [-72.3716587, 8.1109889], [-72.3715997, 8.1110155], [-72.3714817, 8.1110978], [-72.3713985, 8.1111775], [-72.3713583, 8.1112359], [-72.37131, 8.1113102], [-72.3712698, 8.1113925], [-72.3712108, 8.1115625], [-72.3711732, 8.1117935], [-72.3711383, 8.1119395], [-72.3710847, 8.1120245], [-72.3710284, 8.1120644], [-72.3709399, 8.1121095], [-72.370846, 8.1121414], [-72.3707789, 8.112144], [-72.3707253, 8.1121175], [-72.370669, 8.1120723], [-72.370618, 8.1120086], [-72.3705509, 8.1119555], [-72.3704651, 8.1119369], [-72.3703766, 8.1119369], [-72.3702881, 8.1119634], [-72.370162, 8.1120192], [-72.3700011, 8.1121228], [-72.3699126, 8.1122024], [-72.3698536, 8.112306], [-72.3698133, 8.1124361], [-72.3697999, 8.1125795], [-72.3698106, 8.1126937], [-72.3698589, 8.1127654], [-72.3698992, 8.1127786], [-72.3699716, 8.1127601], [-72.3700172, 8.1127335], [-72.3701111, 8.1126618], [-72.3701996, 8.1126246], [-72.3702908, 8.1126087], [-72.370398, 8.1126326], [-72.3704571, 8.1126592], [-72.3705509, 8.1127043], [-72.3706555, 8.1128105], [-72.3707789, 8.1129672], [-72.3708808, 8.113084], [-72.3709264, 8.1131424], [-72.3710042, 8.1132672], [-72.3710364, 8.1133973], [-72.3710337, 8.1135168], [-72.3710015, 8.1135965], [-72.3709399, 8.113639], [-72.3708808, 8.1136443], [-72.370795, 8.1136416], [-72.3706931, 8.1136098], [-72.3705885, 8.1135699], [-72.3704597, 8.1135062], [-72.3702639, 8.1133788], [-72.3701352, 8.1133044], [-72.3700359, 8.1132779], [-72.3699582, 8.1132752], [-72.3698616, 8.1132964], [-72.3697007, 8.1133442], [-72.3695424, 8.1133867], [-72.369419, 8.1133947], [-72.3692876, 8.1133841], [-72.3690408, 8.1133761], [-72.3688799, 8.1133761], [-72.3687378, 8.1133788], [-72.3686412, 8.113408], [-72.3685366, 8.1134558], [-72.3684454, 8.1135062], [-72.3683649, 8.1135832], [-72.3682952, 8.1136576], [-72.3682013, 8.1137797], [-72.3680994, 8.1138912], [-72.3679841, 8.1139629], [-72.3678902, 8.1140134], [-72.367799, 8.1140824], [-72.3677319, 8.1141568], [-72.3676863, 8.1142417], [-72.3676515, 8.1143427], [-72.3676327, 8.1144595], [-72.3675844, 8.1147011], [-72.3675469, 8.1148286], [-72.3674771, 8.1149375], [-72.3674127, 8.1150251], [-72.3673537, 8.1151127], [-72.3673028, 8.1152163], [-72.3672974, 8.115288], [-72.3673081, 8.115365], [-72.3673511, 8.1154393], [-72.3674154, 8.1155163], [-72.367512, 8.1156119], [-72.3676193, 8.1157553], [-72.3676756, 8.1158695], [-72.3677266, 8.1160129], [-72.3677802, 8.1161589], [-72.3678553, 8.1163634], [-72.367917, 8.1165439], [-72.3679304, 8.1166661], [-72.3679224, 8.1167776], [-72.3678875, 8.1168785], [-72.3678553, 8.1169449], [-72.3678044, 8.1170113], [-72.3676997, 8.117083], [-72.3675898, 8.1171201], [-72.367402, 8.1171839], [-72.3671499, 8.1172503], [-72.3669246, 8.1173087], [-72.3667341, 8.1173458], [-72.3666376, 8.1173751], [-72.3665544, 8.1174414], [-72.3665303, 8.1175025], [-72.3665276, 8.1175689], [-72.3665357, 8.1176698], [-72.3665276, 8.117768], [-72.3664928, 8.1178132], [-72.3664498, 8.1178318], [-72.3663989, 8.1178265], [-72.3663345, 8.117784], [-72.3662782, 8.1177043], [-72.3662299, 8.1175954], [-72.3661575, 8.1174839], [-72.3660797, 8.1174175], [-72.3659697, 8.1173618], [-72.365841, 8.1173299], [-72.3657471, 8.1173273], [-72.3656613, 8.1173512], [-72.3656076, 8.117399], [-72.3655942, 8.1174468], [-72.3655942, 8.1175078], [-72.3656184, 8.1175901], [-72.365672, 8.1176751], [-72.365782, 8.1178344], [-72.3658463, 8.1179592], [-72.3658705, 8.1180761], [-72.3658758, 8.1181929], [-72.3658732, 8.1182858], [-72.3658168, 8.1183974], [-72.3657283, 8.1184797], [-72.3656854, 8.1185115], [-72.3655352, 8.1186629], [-72.3654306, 8.1187903], [-72.3653206, 8.1188992], [-72.3652053, 8.1190001], [-72.3651195, 8.1190214], [-72.3650095, 8.1190267], [-72.3649183, 8.1190081], [-72.3648432, 8.118955], [-72.3647225, 8.1188222], [-72.3646152, 8.1186841], [-72.3645186, 8.1186071], [-72.3644087, 8.1185753], [-72.3642665, 8.1185806], [-72.3641861, 8.1186124], [-72.364127, 8.1186682], [-72.3641029, 8.1187426], [-72.3640975, 8.1188435], [-72.3640654, 8.118939], [-72.3640251, 8.1190161], [-72.363942, 8.1190931], [-72.363883, 8.1191116], [-72.3638079, 8.1191223], [-72.3637381, 8.119101], [-72.3636898, 8.1190665], [-72.3636067, 8.1190214], [-72.3634458, 8.1189629], [-72.3632929, 8.1189205], [-72.3631024, 8.1188674], [-72.362963, 8.1188275], [-72.3628584, 8.1188089], [-72.3627484, 8.1188063], [-72.3626357, 8.1188169], [-72.3625606, 8.1188408], [-72.3625016, 8.118878], [-72.3624346, 8.1189205], [-72.3623756, 8.118947], [-72.3623246, 8.1189523], [-72.3622361, 8.118947], [-72.3621181, 8.1189205], [-72.3620269, 8.1189205], [-72.3619249, 8.1189417], [-72.361874, 8.1189789], [-72.3618445, 8.1190161], [-72.3618311, 8.1190771], [-72.3618418, 8.1191435], [-72.361874, 8.1192019], [-72.3619223, 8.1192603], [-72.361984, 8.1193188], [-72.3620698, 8.1193931], [-72.3621261, 8.1194595], [-72.3621985, 8.1195471], [-72.3622817, 8.1196932], [-72.3623568, 8.1198498], [-72.362397, 8.1199852], [-72.362397, 8.1200543], [-72.3623621, 8.1201127], [-72.3622897, 8.1201552], [-72.3621932, 8.1201844], [-72.3620886, 8.120187], [-72.3619786, 8.1201552], [-72.3618659, 8.120118], [-72.3617452, 8.1200994], [-72.3615924, 8.1200994], [-72.3613778, 8.1201207], [-72.3611739, 8.1201578], [-72.3610505, 8.1201685], [-72.3609728, 8.1201605], [-72.3609084, 8.120118], [-72.3608735, 8.1200649], [-72.3608628, 8.1200038], [-72.3608682, 8.1199507], [-72.3609084, 8.119879], [-72.3609781, 8.1198153], [-72.3610586, 8.1197622], [-72.3611149, 8.1197064], [-72.3611471, 8.119648], [-72.3611471, 8.1195657], [-72.3611149, 8.1194595], [-72.3610747, 8.1193533], [-72.3610345, 8.1192922], [-72.3609808, 8.1192524], [-72.3609218, 8.1192364], [-72.3608467, 8.1192285], [-72.3607555, 8.1192471], [-72.3606187, 8.1192869], [-72.3603719, 8.1193719], [-72.3602298, 8.1194037], [-72.3601171, 8.1194197], [-72.3599884, 8.1194276], [-72.3598838, 8.1194462], [-72.3598301, 8.1194701], [-72.3598087, 8.119494], [-72.3598087, 8.1195338], [-72.3598248, 8.1196029], [-72.3598784, 8.1196719], [-72.3599347, 8.119725], [-72.3600313, 8.1198206], [-72.3600876, 8.1199215], [-72.3601145, 8.1200012], [-72.3601225, 8.1201021], [-72.3601118, 8.1201711], [-72.3600554, 8.1202826], [-72.3599803, 8.1203835], [-72.3598757, 8.1204844], [-72.3597711, 8.1205535], [-72.3597014, 8.120588], [-72.359637, 8.120596], [-72.3595485, 8.1205827], [-72.3594868, 8.1205588], [-72.3593795, 8.1204951], [-72.3592857, 8.1204393], [-72.3591784, 8.1203729], [-72.3590899, 8.1203411], [-72.359004, 8.1203384], [-72.3589504, 8.1203703], [-72.3589289, 8.1204207], [-72.3589289, 8.1204844], [-72.3589557, 8.1205561], [-72.358996, 8.1206331], [-72.359063, 8.1207367], [-72.359122, 8.1207978], [-72.3591918, 8.1208429], [-72.3592937, 8.1209013], [-72.3593715, 8.1209305], [-72.3594546, 8.1209597], [-72.3595566, 8.120989], [-72.3597497, 8.121066], [-72.3599106, 8.1211562], [-72.3600796, 8.1212598], [-72.3602057, 8.1213766], [-72.3603237, 8.1215014], [-72.3603907, 8.1215837], [-72.3604524, 8.1216634], [-72.360498, 8.1217324], [-72.3605275, 8.1217935], [-72.3605678, 8.1218838], [-72.3605892, 8.1220351], [-72.3606321, 8.1223272], [-72.3606455, 8.1224945], [-72.3606509, 8.1226937], [-72.3606402, 8.1229831], [-72.3606241, 8.1231344], [-72.3605865, 8.1233734], [-72.3605678, 8.1235327], [-72.3605678, 8.1236496], [-72.3605758, 8.1237717], [-72.3606107, 8.1238673], [-72.3606536, 8.1239098], [-72.3607153, 8.1239257], [-72.3607931, 8.1239231], [-72.3608682, 8.1238912], [-72.3610935, 8.1238036], [-72.3612168, 8.123793], [-72.3613295, 8.1237956], [-72.3614475, 8.1238301], [-72.3615441, 8.1238885], [-72.3615843, 8.1239549], [-72.3616031, 8.1240372], [-72.3616031, 8.1241169], [-72.3615977, 8.1241939], [-72.3615709, 8.1243293], [-72.3615333, 8.1244143], [-72.3614851, 8.1244913], [-72.3614234, 8.1245895], [-72.361367, 8.1246958], [-72.3613215, 8.124786], [-72.3612571, 8.1248657], [-72.3612142, 8.1249002], [-72.3611552, 8.1249241], [-72.3610908, 8.1249268], [-72.3610157, 8.1249268], [-72.3608252, 8.1249639], [-72.3606992, 8.1250064], [-72.3606402, 8.1250383], [-72.3606053, 8.1250914], [-72.3605892, 8.1251578], [-72.3605892, 8.1252268], [-72.3606026, 8.1253091], [-72.3606294, 8.1253675], [-72.3606911, 8.1255215], [-72.3607448, 8.1256623], [-72.3607555, 8.1257499], [-72.3607689, 8.1258349], [-72.3608065, 8.1259198], [-72.3608789, 8.1259915], [-72.3609567, 8.1260314], [-72.361064, 8.1260579], [-72.3611981, 8.1260606], [-72.3613375, 8.1260393], [-72.3615226, 8.1259942], [-72.3616326, 8.125957], [-72.3617774, 8.1259012], [-72.3618713, 8.1258561], [-72.3619384, 8.1258003], [-72.3619947, 8.1257313], [-72.362051, 8.125657], [-72.3621073, 8.1256251], [-72.3621985, 8.1256224], [-72.3622763, 8.1256517], [-72.362397, 8.1257127], [-72.3624775, 8.1257844], [-72.3625231, 8.1258588], [-72.3625419, 8.1259198], [-72.3625875, 8.1260977], [-72.362625, 8.1262438], [-72.3626572, 8.1263978], [-72.3626733, 8.1264881], [-72.362684, 8.126589], [-72.362684, 8.1266872], [-72.3626626, 8.1267536], [-72.3626277, 8.1267908], [-72.362566, 8.1268226], [-72.362507, 8.1268678], [-72.3624399, 8.1269235], [-72.3623621, 8.1270218], [-72.3622736, 8.1271731], [-72.3622066, 8.127282], [-72.3621368, 8.1273563], [-72.3620725, 8.1273935], [-72.3619974, 8.127436], [-72.3619223, 8.1274891], [-72.3618606, 8.1275475], [-72.3618016, 8.1277095], [-72.3617613, 8.1277998], [-72.3617238, 8.1278449], [-72.3616675, 8.1278741], [-72.3615897, 8.1279139], [-72.3615414, 8.1279697], [-72.3615199, 8.1280626], [-72.3615307, 8.128129], [-72.3615682, 8.1282087], [-72.3616219, 8.1282644], [-72.3617291, 8.128291], [-72.3618498, 8.1283149], [-72.3619679, 8.1283255], [-72.3620537, 8.1283149], [-72.3621208, 8.1282857], [-72.3622066, 8.1282379], [-72.3623192, 8.1281821], [-72.3624587, 8.1281529], [-72.3626947, 8.1281131], [-72.3628128, 8.1280998], [-72.363081, 8.1280839], [-72.3634082, 8.1280812], [-72.363604, 8.1281104], [-72.3636925, 8.1281476], [-72.3637757, 8.1282113], [-72.3638132, 8.1282804], [-72.3638561, 8.1283733], [-72.3638803, 8.1284556], [-72.3638776, 8.1285486], [-72.3638588, 8.1286123], [-72.3638213, 8.128676], [-72.3637918, 8.1287185], [-72.3636818, 8.1288433], [-72.3635986, 8.128984], [-72.3635075, 8.1291115], [-72.363435, 8.1292017], [-72.3633975, 8.1292841], [-72.3633948, 8.1293478], [-72.3634082, 8.1294168], [-72.3634753, 8.1294593], [-72.363553, 8.1294646], [-72.363655, 8.1294779], [-72.3638105, 8.129523], [-72.3639205, 8.1295735], [-72.3639983, 8.1295974], [-72.3640627, 8.1295974], [-72.3641297, 8.1295868], [-72.3641914, 8.1295682], [-72.3643068, 8.1295496], [-72.3644194, 8.1295788], [-72.3644811, 8.1296346], [-72.3645052, 8.1297062], [-72.3645079, 8.1297567], [-72.3644838, 8.1298762], [-72.3644409, 8.1300461], [-72.3644301, 8.1301629], [-72.3644301, 8.1302798], [-72.3644167, 8.1303727], [-72.3643819, 8.1304444], [-72.3643228, 8.1305241], [-72.3642772, 8.1305878], [-72.3642424, 8.1306781], [-72.3642343, 8.1307444], [-72.3642343, 8.1308241], [-72.364229, 8.1309542], [-72.3642397, 8.1310073], [-72.3642746, 8.131071], [-72.3643121, 8.1311295], [-72.3643604, 8.131225], [-72.3643738, 8.1312994], [-72.3643765, 8.1313764], [-72.3643658, 8.1314534], [-72.3643389, 8.1316154], [-72.3643255, 8.1317216], [-72.3643068, 8.1318225], [-72.3643068, 8.1319021], [-72.3643041, 8.1319871], [-72.364296, 8.1321385], [-72.3642665, 8.1322048], [-72.3641995, 8.1322712], [-72.3641244, 8.1323057], [-72.3640358, 8.132327], [-72.3638186, 8.1323695], [-72.3634377, 8.1324385], [-72.3632017, 8.1324518], [-72.3630729, 8.1324491], [-72.3629764, 8.1324119], [-72.3628879, 8.1323562], [-72.3628262, 8.1323057], [-72.3627484, 8.1322261], [-72.3626438, 8.1321119], [-72.3625392, 8.1320455], [-72.3624104, 8.132003], [-72.3622897, 8.1319738], [-72.3621905, 8.1319685], [-72.3620805, 8.1319844], [-72.3619866, 8.1320269], [-72.3618954, 8.1321013], [-72.3618203, 8.1321623], [-72.3616219, 8.1323164], [-72.361367, 8.1325314], [-72.3612517, 8.1326934], [-72.3612008, 8.1328129], [-72.3611659, 8.1329271], [-72.3611444, 8.1330519], [-72.3611391, 8.1331766], [-72.3611391, 8.13332], [-72.361123, 8.1335723], [-72.3611015, 8.1337608], [-72.3611015, 8.1339732], [-72.3610961, 8.1341272], [-72.3611122, 8.1342361], [-72.3611471, 8.1343211], [-72.3612168, 8.1343927], [-72.3612893, 8.1344405], [-72.3613644, 8.1344671], [-72.3614636, 8.1344751], [-72.3615575, 8.1344644], [-72.3616487, 8.1344273], [-72.3617023, 8.1343688], [-72.3617291, 8.1342839], [-72.3617426, 8.1341856], [-72.3617426, 8.1340768], [-72.3617426, 8.1339254], [-72.3617452, 8.1337767], [-72.3617774, 8.1336493], [-72.3618284, 8.133551], [-72.3618928, 8.1334661], [-72.3619679, 8.1334077], [-72.3621073, 8.1333413], [-72.3622441, 8.1333014], [-72.3623675, 8.1332988], [-72.3625124, 8.1333041], [-72.3626384, 8.1333466], [-72.362853, 8.1334103], [-72.3632044, 8.1335484], [-72.3634109, 8.1336307], [-72.363553, 8.1336891], [-72.363663, 8.1337475], [-72.3637596, 8.1338537], [-72.3638213, 8.133944], [-72.3638374, 8.1340502], [-72.3638374, 8.134175], [-72.363824, 8.1344007], [-72.3637971, 8.1346237], [-72.3637944, 8.134791], [-72.3637944, 8.1349424], [-72.3638186, 8.135115], [-72.3638454, 8.135261], [-72.3638964, 8.1353884], [-72.3639366, 8.1355053], [-72.3639607, 8.1356248], [-72.3639688, 8.1357389], [-72.3639956, 8.1359036], [-72.3640332, 8.1360204], [-72.3640814, 8.1361213], [-72.3641297, 8.1361877], [-72.3642048, 8.1362381], [-72.3642772, 8.1362514], [-72.364355, 8.1362408], [-72.3644221, 8.1362089], [-72.3644677, 8.1361691], [-72.3645937, 8.1360974], [-72.3647332, 8.1360549], [-72.3649022, 8.1360655], [-72.3649907, 8.1361], [-72.3650497, 8.1361532], [-72.3650765, 8.1362222], [-72.3650739, 8.1362886], [-72.365039, 8.1363682], [-72.36498, 8.1364479], [-72.3649102, 8.1365328], [-72.3648191, 8.1366125], [-72.3646474, 8.1367346], [-72.3644596, 8.1368568], [-72.3642907, 8.136971], [-72.3641565, 8.1370453], [-72.3640332, 8.1370984], [-72.3639044, 8.1371462], [-72.3637703, 8.1371966], [-72.3636362, 8.1372551], [-72.3635504, 8.1373055], [-72.3633948, 8.1374197], [-72.3632205, 8.1375763], [-72.3630461, 8.1377436], [-72.362971, 8.1378366], [-72.3627001, 8.1381472], [-72.3625714, 8.1383198], [-72.3624077, 8.1385402], [-72.3623005, 8.1386782], [-72.3621798, 8.1388057], [-72.362102, 8.1389225], [-72.3620483, 8.1390526], [-72.3620054, 8.1392066], [-72.3619705, 8.1393367], [-72.3619491, 8.1394297], [-72.3619115, 8.1395996], [-72.3618954, 8.139743], [-72.3618847, 8.1399395], [-72.3618847, 8.1401333], [-72.361882, 8.1403032], [-72.361882, 8.1404785], [-72.3619035, 8.1406404], [-72.3619357, 8.1407732], [-72.361992, 8.1409033], [-72.3620698, 8.1410945], [-72.3621315, 8.141198], [-72.3622414, 8.1412936], [-72.3623219, 8.1413148], [-72.3623997, 8.1413148], [-72.3624909, 8.1412936], [-72.3625633, 8.1412538], [-72.3626223, 8.1411954], [-72.3626947, 8.1411024], [-72.362802, 8.1409962], [-72.3629066, 8.1409086], [-72.3630247, 8.1408369], [-72.3631722, 8.1407546], [-72.3632956, 8.1406856], [-72.3634028, 8.1406192], [-72.363486, 8.1405581], [-72.3635665, 8.1404599], [-72.3636523, 8.1403457], [-72.3637274, 8.1402475], [-72.3638025, 8.1401519], [-72.3638856, 8.1400563], [-72.3640305, 8.1399554], [-72.3641217, 8.1399103], [-72.3642263, 8.1398598], [-72.3643819, 8.1398067], [-72.3646581, 8.1397058], [-72.3648191, 8.1396793], [-72.3649693, 8.1396686], [-72.365098, 8.1396633], [-72.3651999, 8.1396899], [-72.3652643, 8.1397324], [-72.3653099, 8.1398041], [-72.365326, 8.1398864], [-72.3653474, 8.1399846], [-72.365385, 8.1400988], [-72.3654306, 8.1402076], [-72.3654601, 8.1402687], [-72.3655459, 8.1404201], [-72.3656264, 8.1405555], [-72.3657203, 8.1406696], [-72.3658195, 8.1407599], [-72.3659, 8.1408077], [-72.3660314, 8.1408847], [-72.3661226, 8.1409431], [-72.3661763, 8.1410068], [-72.3662031, 8.1410759], [-72.3662245, 8.1411874], [-72.366246, 8.1412883], [-72.3663238, 8.1417237], [-72.3664123, 8.1421459], [-72.3664445, 8.1423397], [-72.3664445, 8.1424831], [-72.3664364, 8.1426079], [-72.3664096, 8.1427008], [-72.366364, 8.1427858], [-72.3662862, 8.1429345], [-72.3662058, 8.1430434], [-72.3660904, 8.1431575], [-72.3659804, 8.1432452], [-72.3658597, 8.1433222], [-72.3656613, 8.1434204], [-72.3654842, 8.1435133], [-72.3653501, 8.1435983], [-72.3651409, 8.1437178], [-72.3649773, 8.1438213], [-72.3648539, 8.1439143], [-72.3647654, 8.1439913], [-72.3646447, 8.1441585], [-72.3645589, 8.1443338], [-72.3645267, 8.1444214], [-72.3644677, 8.1446338], [-72.3644248, 8.1448515], [-72.3643765, 8.1452392], [-72.364347, 8.1455605], [-72.3643443, 8.1458711], [-72.3643389, 8.1461711], [-72.3643416, 8.1463464], [-72.3643523, 8.1464924], [-72.3643711, 8.1466278], [-72.3644006, 8.146734], [-72.3644757, 8.1468854], [-72.364516, 8.1470022], [-72.364524, 8.1471084], [-72.364524, 8.1471827], [-72.3645133, 8.1472704], [-72.3645106, 8.1474589], [-72.3645026, 8.1475624], [-72.3645052, 8.1477483], [-72.3645321, 8.1479076], [-72.3645723, 8.1480483], [-72.3646125, 8.1481306], [-72.3646742, 8.1481944], [-72.364803, 8.1482979], [-72.3649585, 8.1483829], [-72.3650765, 8.148428], [-72.3651785, 8.1484599], [-72.3653153, 8.1485077], [-72.3655003, 8.1485448], [-72.365613, 8.1485926], [-72.3657498, 8.148667], [-72.3658544, 8.1487333], [-72.3659134, 8.1488077], [-72.3659563, 8.1489086], [-72.3659617, 8.1490015], [-72.3659509, 8.1490732], [-72.3658758, 8.1492139], [-72.3657873, 8.1493493], [-72.3656613, 8.149514], [-72.365562, 8.149652], [-72.3654521, 8.1497927], [-72.3653582, 8.1498777], [-72.3652294, 8.1499547], [-72.3651382, 8.1499972], [-72.364929, 8.1500875], [-72.3645964, 8.1502388], [-72.3643658, 8.1503609], [-72.36406, 8.1504778], [-72.3638025, 8.1505415], [-72.3635826, 8.1505813], [-72.3634511, 8.150584], [-72.363148, 8.1505707], [-72.3629066, 8.1505441], [-72.3626974, 8.1505043], [-72.3625526, 8.1504804], [-72.3622093, 8.1503901], [-72.3619947, 8.1503317], [-72.3617131, 8.1502866], [-72.3614797, 8.150268], [-72.3611739, 8.1502521], [-72.361013, 8.1502839], [-72.3608574, 8.150337], [-72.360734, 8.1504034], [-72.3604766, 8.1505282], [-72.3602834, 8.1506211], [-72.3600984, 8.1506902], [-72.3599508, 8.1507167], [-72.3598114, 8.150722], [-72.359637, 8.1507353], [-72.3594734, 8.1507645], [-72.3592642, 8.1508203], [-72.3591355, 8.150892], [-72.3588485, 8.1510911], [-72.3586902, 8.1512185], [-72.35854, 8.1513486], [-72.3584139, 8.1514973], [-72.3583549, 8.151646], [-72.3583308, 8.1517496], [-72.3583308, 8.1518558], [-72.3583657, 8.1521399], [-72.3583549, 8.1523151], [-72.3583227, 8.1525063], [-72.3582557, 8.1526603], [-72.3581484, 8.1528063], [-72.3580384, 8.1528859], [-72.357848, 8.1530054], [-72.3575851, 8.1532072], [-72.3574001, 8.1533586], [-72.357223, 8.1534541], [-72.3570889, 8.1535046], [-72.3569495, 8.1535364], [-72.3568261, 8.1535789], [-72.3566946, 8.1536453], [-72.3565847, 8.1537329], [-72.3564693, 8.1538099], [-72.356413, 8.1538391], [-72.3563057, 8.1538869], [-72.3561689, 8.1539188], [-72.3560858, 8.1539347], [-72.3559409, 8.1539639], [-72.3558363, 8.154009], [-72.3556915, 8.154094], [-72.3555654, 8.1541896], [-72.3554581, 8.1542985], [-72.3553321, 8.1543993], [-72.3552114, 8.1544471], [-72.3550987, 8.154479], [-72.3549941, 8.1544896], [-72.3547956, 8.1544896], [-72.354573, 8.154487], [-72.3544014, 8.1544604], [-72.3541787, 8.1544179], [-72.3540339, 8.154402], [-72.3539427, 8.15441], [-72.3538542, 8.1544525], [-72.3537871, 8.1545348], [-72.3537657, 8.1546118], [-72.3537657, 8.1547047], [-72.3537818, 8.1548401], [-72.353822, 8.1549782], [-72.3538944, 8.1550976], [-72.3539695, 8.1552224], [-72.3540983, 8.1553844], [-72.3542082, 8.1554986], [-72.3543289, 8.1556074], [-72.3544282, 8.1556738], [-72.3545757, 8.1558065], [-72.3546964, 8.155926], [-72.3547608, 8.1560243], [-72.3547956, 8.1561172], [-72.3547903, 8.1562128], [-72.3547554, 8.1563349], [-72.3547232, 8.1564438], [-72.354691, 8.1565553], [-72.3546428, 8.1566217], [-72.3545408, 8.1566748], [-72.3544309, 8.1566987], [-72.3543075, 8.1566987], [-72.3541519, 8.156688], [-72.3540446, 8.1566694], [-72.3539266, 8.156619], [-72.3538005, 8.156534], [-72.3537228, 8.1564331], [-72.3536477, 8.1563322], [-72.3535645, 8.1562924], [-72.3534787, 8.1562871], [-72.3534063, 8.1563004], [-72.353256, 8.1563854], [-72.3531434, 8.1564677], [-72.3530576, 8.1565686], [-72.3530093, 8.1566588], [-72.352953, 8.1568102], [-72.3529235, 8.1568951], [-72.3528618, 8.156996], [-72.3528054, 8.1570624], [-72.3526794, 8.1572376], [-72.3526499, 8.1573359], [-72.3526472, 8.1574049], [-72.3526552, 8.1574739], [-72.3526821, 8.1575031], [-72.3527089, 8.1575084], [-72.3527706, 8.1575031], [-72.3527974, 8.1574899], [-72.3528966, 8.1574368], [-72.3530254, 8.1573465], [-72.3531273, 8.1572854], [-72.3532909, 8.1572111], [-72.3534492, 8.1571766], [-72.3536208, 8.1571314], [-72.3537818, 8.1570969], [-72.3538971, 8.1570889], [-72.3539963, 8.1571075], [-72.3540634, 8.1571447], [-72.3541278, 8.1572244], [-72.354168, 8.1573199], [-72.3542082, 8.1574208], [-72.3542431, 8.1575005], [-72.3542726, 8.1576385], [-72.3542807, 8.1577872], [-72.3542699, 8.1578828], [-72.3542377, 8.1579518], [-72.3541546, 8.1580713], [-72.3540312, 8.1581988], [-72.3539025, 8.1584085], [-72.353822, 8.1585758], [-72.3537871, 8.15869], [-72.3537737, 8.1587802], [-72.3537764, 8.1588917], [-72.3538059, 8.1589634], [-72.3538622, 8.1590378], [-72.3539293, 8.1590749], [-72.3540205, 8.1590882], [-72.354168, 8.1591095], [-72.3542726, 8.159136], [-72.3543611, 8.1591918], [-72.354404, 8.1592157], [-72.3544684, 8.1593219], [-72.3544952, 8.1594387], [-72.3545033, 8.1595316], [-72.3545033, 8.1596378], [-72.3544845, 8.159736], [-72.354455, 8.1599697], [-72.3544309, 8.1600785], [-72.3543933, 8.1601609], [-72.3543558, 8.1602538], [-72.3543397, 8.160291], [-72.3543263, 8.1603786], [-72.3543343, 8.1604848], [-72.3543692, 8.160583], [-72.3544148, 8.160668], [-72.3545113, 8.1607874], [-72.3546106, 8.1608883], [-72.3547393, 8.1609972], [-72.3547876, 8.1610768], [-72.3547983, 8.1611406], [-72.3547876, 8.1612123], [-72.3547474, 8.1612733], [-72.3546749, 8.1613238], [-72.3545703, 8.1613742], [-72.3544925, 8.1614087], [-72.3543611, 8.1614645], [-72.3542914, 8.1615176], [-72.3542511, 8.161576], [-72.3542404, 8.161661], [-72.3542431, 8.1617539], [-72.3542646, 8.1618601], [-72.354286, 8.1619424], [-72.3543236, 8.1620194], [-72.3543584, 8.1620672], [-72.3544228, 8.1621415], [-72.3545006, 8.1622398], [-72.3545542, 8.1623167], [-72.3545998, 8.1623911], [-72.3546267, 8.1624761], [-72.3546454, 8.1625584], [-72.3546588, 8.1626327], [-72.3546857, 8.1627017], [-72.3547447, 8.1627867], [-72.3548037, 8.1628478], [-72.3548627, 8.1628796], [-72.3549244, 8.1629062], [-72.3549834, 8.1629194], [-72.3550317, 8.1629194], [-72.3551095, 8.1629035], [-72.3552221, 8.1628849], [-72.3553589, 8.1628796], [-72.3554447, 8.1628902], [-72.3554876, 8.1629141], [-72.3555037, 8.1629486], [-72.3555011, 8.1629991], [-72.3554716, 8.1630416], [-72.3554313, 8.1630787], [-72.3553616, 8.1631345], [-72.3552784, 8.1632221], [-72.3552141, 8.1633097], [-72.3551416, 8.1634027], [-72.3550692, 8.1634956], [-72.3549619, 8.1636257], [-72.3548412, 8.1637797], [-72.3546401, 8.1640266], [-72.3545194, 8.1641726], [-72.3544067, 8.1643319], [-72.3543021, 8.1644912], [-72.354176, 8.1646983], [-72.354117, 8.1648098], [-72.3540634, 8.1649452], [-72.3539963, 8.1650939], [-72.3538569, 8.1652638], [-72.3538032, 8.1653687], [-72.3537818, 8.1654444], [-72.3537737, 8.165524], [-72.3537737, 8.1655931], [-72.3537844, 8.1656647], [-72.3538139, 8.1657364], [-72.3538649, 8.1657762], [-72.3539373, 8.1658081], [-72.3540661, 8.1658373], [-72.3541412, 8.1658373], [-72.3542458, 8.1658347], [-72.3543209, 8.1658426], [-72.3543879, 8.1658692], [-72.3544362, 8.1659143], [-72.3544791, 8.1659807], [-72.3545301, 8.166071], [-72.3545864, 8.1661559], [-72.3547527, 8.1663019], [-72.3550531, 8.1665409], [-72.3551685, 8.1666126], [-72.3552918, 8.1666604], [-72.3554125, 8.1666922], [-72.355611, 8.1667214], [-72.3557746, 8.16674], [-72.3558739, 8.166748], [-72.3559704, 8.1667931], [-72.356016, 8.1668409], [-72.356067, 8.1669498], [-72.3561019, 8.1670666], [-72.3561099, 8.1671648], [-72.3561126, 8.1672312], [-72.3561367, 8.1673135], [-72.3561797, 8.1673931], [-72.3562548, 8.1674436], [-72.3563138, 8.1674542], [-72.356413, 8.1674542], [-72.3565123, 8.1674516], [-72.3566195, 8.1674462], [-72.3567724, 8.1674622], [-72.3568609, 8.1674861], [-72.3569253, 8.1675206], [-72.3569629, 8.1675631], [-72.356979, 8.1676055], [-72.356987, 8.1676666], [-72.3569736, 8.1677197], [-72.3569441, 8.1677808], [-72.3568931, 8.1678657], [-72.356869, 8.1679613], [-72.3568743, 8.1680463], [-72.3569039, 8.1681259], [-72.3569602, 8.1682242], [-72.3570299, 8.1682958], [-72.3571157, 8.1683357], [-72.3572096, 8.1683543], [-72.3572955, 8.1683888], [-72.3573893, 8.1684445], [-72.3574939, 8.1685348], [-72.3575529, 8.1686251], [-72.3575959, 8.1687153], [-72.3576227, 8.1688109], [-72.3576334, 8.1689463], [-72.3576334, 8.1690233], [-72.3576173, 8.1692065], [-72.3575851, 8.1693924], [-72.3575395, 8.1695596], [-72.3575261, 8.1696791], [-72.3575315, 8.1697747], [-72.3575529, 8.1698729], [-72.3575771, 8.1699818], [-72.3576334, 8.1701198], [-72.357738, 8.1702818], [-72.3578829, 8.1704836], [-72.3580492, 8.1706907], [-72.3581859, 8.1708579], [-72.3582745, 8.1709747], [-72.3583549, 8.171057], [-72.3584113, 8.1710916], [-72.3584756, 8.1711234], [-72.3586741, 8.1712004], [-72.3587653, 8.1712641], [-72.3588002, 8.1713146], [-72.3588243, 8.1713677], [-72.358827, 8.1714447], [-72.3588163, 8.171519], [-72.3587734, 8.1715907], [-72.3586848, 8.1716916], [-72.3584837, 8.1718642], [-72.3583871, 8.1719411], [-72.3583442, 8.1720049], [-72.3583147, 8.1720845], [-72.3583066, 8.1721642], [-72.3583066, 8.1722597], [-72.3583066, 8.1723474], [-72.3582852, 8.1724509], [-72.3582637, 8.1725199], [-72.3581564, 8.1727536], [-72.3581135, 8.1728571], [-72.3581055, 8.1729474], [-72.3581108, 8.173043], [-72.3581404, 8.17312], [-72.3581779, 8.1731518], [-72.3582476, 8.1731757], [-72.3583362, 8.173181], [-72.3584032, 8.1731757], [-72.3585239, 8.1731306], [-72.3586312, 8.1730695], [-72.3586956, 8.1730297], [-72.358835, 8.1729288], [-72.3589397, 8.1728518], [-72.3590013, 8.1727907], [-72.3590711, 8.1727244], [-72.3591355, 8.1726925], [-72.3592052, 8.1726845], [-72.3593098, 8.1727031], [-72.3593849, 8.1727456], [-72.3594895, 8.1728598], [-72.3595485, 8.172966], [-72.3595673, 8.1730828], [-72.3595646, 8.1731704], [-72.3595217, 8.1732925], [-72.35946, 8.1734784], [-72.3594198, 8.1736058], [-72.3593903, 8.1736855], [-72.3593527, 8.1737253], [-72.3592937, 8.1737492], [-72.3592213, 8.1737492], [-72.3591113, 8.173712], [-72.3590121, 8.1736722], [-72.3588565, 8.1736058], [-72.3586983, 8.1735527], [-72.3585615, 8.1735368], [-72.3583978, 8.1735262], [-72.3582396, 8.1735262], [-72.3580089, 8.1735262], [-72.3577702, 8.1735474], [-72.3576066, 8.1735952], [-72.3574832, 8.1736563], [-72.3573786, 8.1737359], [-72.3573303, 8.1738129], [-72.3573169, 8.1738872], [-72.3573196, 8.173951], [-72.3573384, 8.1739908], [-72.3573786, 8.17402], [-72.3574618, 8.1740412], [-72.3576173, 8.1740625], [-72.3577407, 8.1740943], [-72.3578641, 8.1741501], [-72.3579338, 8.1741979], [-72.3580062, 8.1742961], [-72.3580787, 8.1743917], [-72.3581511, 8.1744527], [-72.3582476, 8.1745138], [-72.3583442, 8.1745616], [-72.358489, 8.1746147], [-72.3585829, 8.1746227], [-72.3586687, 8.1746173], [-72.3587412, 8.1745935], [-72.3588243, 8.1745483], [-72.3589128, 8.1744793], [-72.3589987, 8.1744129], [-72.3591033, 8.1743811], [-72.3592186, 8.1743704], [-72.3593232, 8.174389], [-72.3593876, 8.1744395], [-72.3594198, 8.1745058], [-72.3594251, 8.1745696], [-72.3594064, 8.1746412], [-72.3593581, 8.1747395], [-72.359232, 8.174928], [-72.3591569, 8.1750475], [-72.3591059, 8.175151], [-72.3590818, 8.1752652], [-72.3590872, 8.175366], [-72.3591301, 8.1754908], [-72.359173, 8.1756076], [-72.3592427, 8.175759], [-72.3593152, 8.175905], [-72.3593929, 8.1760377], [-72.3594385, 8.1761174], [-72.359511, 8.1762528], [-72.3595351, 8.1763139], [-72.3595512, 8.176351], [-72.3595646, 8.1764174], [-72.3595566, 8.1765183], [-72.3595512, 8.1766192], [-72.3595539, 8.1767041], [-72.3595807, 8.1767811], [-72.359637, 8.1768342], [-72.3597336, 8.1768634], [-72.3598114, 8.1768581], [-72.3599347, 8.1768263], [-72.360085, 8.1767679], [-72.3602539, 8.1767041], [-72.3603559, 8.1766643], [-72.3604631, 8.1766298], [-72.360549, 8.1766298], [-72.3606429, 8.1766378], [-72.3607394, 8.1766643], [-72.3608816, 8.1767307], [-72.3610318, 8.1768342], [-72.3611069, 8.1769059], [-72.361182, 8.1769617], [-72.3612732, 8.1770148], [-72.3613858, 8.1770732], [-72.3614904, 8.1771449], [-72.3615816, 8.1772431], [-72.3616648, 8.1773519], [-72.3617345, 8.1774528], [-72.3618016, 8.1775829], [-72.3618794, 8.1777183], [-72.3618981, 8.1777528], [-72.3619035, 8.1778192], [-72.3619035, 8.1778803], [-72.361882, 8.1779334], [-72.3618525, 8.1779838], [-72.361764, 8.1780396], [-72.361595, 8.17809], [-72.3614717, 8.1781192], [-72.3612624, 8.1781298], [-72.3611015, 8.1781192], [-72.3608199, 8.1780847], [-72.3604283, 8.1780847], [-72.3602942, 8.1780953], [-72.3601145, 8.1781272], [-72.3600099, 8.1781537], [-72.3599133, 8.1782068], [-72.3598275, 8.1782626], [-72.3597631, 8.1783316], [-72.3597255, 8.17839], [-72.359696, 8.1784591], [-72.3596907, 8.1785254], [-72.3596987, 8.1785945], [-72.3597148, 8.1786608], [-72.3597497, 8.1787299], [-72.3598623, 8.1788679], [-72.3599535, 8.1789529], [-72.3600286, 8.17899], [-72.3601279, 8.1789927], [-72.3602405, 8.1789715], [-72.3604202, 8.1788971], [-72.3605168, 8.1788732], [-72.3605731, 8.1788732], [-72.3606831, 8.1789104], [-72.3609003, 8.1790113], [-72.3612249, 8.1791812], [-72.3613751, 8.1792688], [-72.3615575, 8.179383], [-72.3616862, 8.1795131], [-72.3617721, 8.1796458], [-72.3618579, 8.1798024], [-72.3619437, 8.1799511], [-72.3620108, 8.1800414], [-72.3620886, 8.1801104], [-72.3621878, 8.1801715], [-72.362271, 8.1802166], [-72.3623434, 8.1802671], [-72.3623702, 8.1803095], [-72.3623782, 8.1803865], [-72.3623729, 8.1804556], [-72.3623621, 8.180506], [-72.3623246, 8.180583], [-72.3622602, 8.1806998], [-72.3620617, 8.1810104], [-72.3619652, 8.1811432], [-72.361823, 8.1813025], [-72.3616567, 8.1814538], [-72.3612759, 8.1816874], [-72.3611659, 8.1817671], [-72.3610935, 8.1818122], [-72.3610237, 8.1818786], [-72.3609915, 8.1819476], [-72.3609862, 8.1819981], [-72.3609889, 8.1820458], [-72.3610237, 8.182083], [-72.3610854, 8.1821016], [-72.361249, 8.1821202], [-72.3615816, 8.1821281], [-72.3617587, 8.1821096], [-72.3620322, 8.1820671], [-72.3623514, 8.1819848], [-72.3626196, 8.1819158], [-72.3629415, 8.1818706], [-72.3631024, 8.1818414], [-72.3633117, 8.1818122], [-72.363486, 8.1817724], [-72.3636442, 8.1817219], [-72.3637971, 8.1816768], [-72.3639125, 8.1816662], [-72.364009, 8.1816662], [-72.3641029, 8.1816901], [-72.3641673, 8.1817326], [-72.3642048, 8.1818043], [-72.3642129, 8.1818945], [-72.3642102, 8.1819848], [-72.3641995, 8.1820644], [-72.3641834, 8.1821653], [-72.3640841, 8.1825105], [-72.3640171, 8.1827122], [-72.364001, 8.1828211], [-72.3639742, 8.1829671], [-72.3639742, 8.1830998], [-72.3639768, 8.1832406], [-72.3640117, 8.1834981], [-72.36406, 8.1837264], [-72.3640975, 8.1839335], [-72.3640975, 8.1841299], [-72.3640922, 8.184353], [-72.3640922, 8.1844353], [-72.3640922, 8.1845176], [-72.3641109, 8.1846052], [-72.3641592, 8.1846875], [-72.3642209, 8.1847565], [-72.3642987, 8.1847937], [-72.364414, 8.1848308], [-72.3645026, 8.1848308], [-72.3645964, 8.1848202], [-72.3646769, 8.1847857], [-72.3647815, 8.184714], [-72.3649988, 8.1845202], [-72.3650953, 8.1844565], [-72.3651838, 8.1844007], [-72.365275, 8.1843715], [-72.3654252, 8.1843317], [-72.3655137, 8.1842919], [-72.3656532, 8.1842149], [-72.365782, 8.1841167], [-72.3659724, 8.1839892], [-72.3662058, 8.1838379], [-72.3663533, 8.1837609], [-72.3664552, 8.1837211], [-72.3665571, 8.1836999], [-72.366651, 8.1836945], [-72.3667476, 8.1837184], [-72.366828, 8.1837609], [-72.3669246, 8.1838512], [-72.3669863, 8.1839494], [-72.3670372, 8.1840344], [-72.3670748, 8.1841353], [-72.3671016, 8.1842361], [-72.367115, 8.1843238], [-72.367115, 8.1844698], [-72.3670962, 8.1846264], [-72.3670587, 8.1847724], [-72.3670131, 8.1848892], [-72.3669326, 8.1850512], [-72.3668468, 8.1851839], [-72.3667637, 8.1852848], [-72.3665813, 8.1854202], [-72.3664472, 8.1855264], [-72.3663747, 8.1856193], [-72.3663265, 8.1857096], [-72.3662701, 8.1858052], [-72.3661897, 8.1858981], [-72.3660851, 8.1860176], [-72.3660126, 8.1861423], [-72.3659027, 8.1863096], [-72.365841, 8.1864264], [-72.3658249, 8.1865008], [-72.3658222, 8.1865831], [-72.3658222, 8.1866999], [-72.3658383, 8.1867848], [-72.3658812, 8.1868777], [-72.3659375, 8.1869574], [-72.3659965, 8.1870317], [-72.3660985, 8.1871671], [-72.3661602, 8.1872786], [-72.3661736, 8.1873609], [-72.3661494, 8.1874618], [-72.3660877, 8.1875946], [-72.366018, 8.1877008], [-72.3659349, 8.1877671], [-72.3658463, 8.1878043], [-72.3657578, 8.1878096], [-72.3656908, 8.1878096], [-72.3655728, 8.1877937], [-72.3652428, 8.1877379], [-72.3649263, 8.1876583], [-72.3647279, 8.1876052], [-72.3645964, 8.1875308], [-72.3644784, 8.1874592], [-72.3643363, 8.1873583], [-72.3638105, 8.1875627], [-72.3636308, 8.1876609], [-72.3635182, 8.1877698], [-72.3634377, 8.1878601], [-72.3633465, 8.1879928], [-72.3632902, 8.1881123], [-72.363258, 8.1882211], [-72.3632365, 8.1883353], [-72.3632419, 8.1884415], [-72.3632634, 8.1885742], [-72.3633143, 8.1887176], [-72.3633948, 8.1888609], [-72.3635289, 8.18906], [-72.3636013, 8.1892193], [-72.3636469, 8.1893468], [-72.3636711, 8.1894583], [-72.3636872, 8.1896149], [-72.3636764, 8.189737], [-72.3636496, 8.1898512], [-72.3636094, 8.1899521], [-72.3635557, 8.1900344], [-72.3634753, 8.1901167], [-72.363309, 8.1902016], [-72.3630676, 8.1902892], [-72.3625848, 8.1904353], [-72.3624399, 8.1904724], [-72.362279, 8.1905415], [-72.3621985, 8.1905946], [-72.3621449, 8.1906715], [-72.3620993, 8.1908255], [-72.3620564, 8.1910193], [-72.3620483, 8.1911388], [-72.3620617, 8.1912184], [-72.3620939, 8.1913353], [-72.3621798, 8.19146], [-72.3623031, 8.1915768], [-72.3625016, 8.191699], [-72.3627752, 8.1917919], [-72.3631427, 8.1918344], [-72.3634055, 8.1918344], [-72.363596, 8.1918052], [-72.3637489, 8.1917627], [-72.363891, 8.1916406], [-72.3639983, 8.1914574], [-72.3641297, 8.1911176], [-72.3641887, 8.1910007], [-72.3642665, 8.1908972], [-72.3644248, 8.1907777], [-72.3645991, 8.1906928], [-72.3648164, 8.1906317], [-72.3650658, 8.1905839], [-72.3652804, 8.1905415], [-72.3654655, 8.190491], [-72.3656184, 8.1904326], [-72.3658007, 8.1903344], [-72.3660395, 8.190199], [-72.366313, 8.1900503], [-72.3667261, 8.1899016], [-72.3670453, 8.1898008], [-72.3673001, 8.189745], [-72.3674235, 8.1897397], [-72.3675951, 8.189753], [-72.3677936, 8.1897901], [-72.3679626, 8.1898459], [-72.3680833, 8.1899043], [-72.3682281, 8.1899999], [-72.3683676, 8.1901167], [-72.3685688, 8.1903503], [-72.3687324, 8.1905733], [-72.3689255, 8.1907777], [-72.369183, 8.1910379], [-72.3693064, 8.1911866], [-72.3694056, 8.1913193], [-72.3694888, 8.1914733], [-72.3695236, 8.1915928], [-72.3695773, 8.1918344], [-72.3695853, 8.1919087], [-72.3695853, 8.1919724], [-72.3695692, 8.1920521], [-72.3695263, 8.1921184], [-72.3694405, 8.1921662], [-72.3693091, 8.1921981], [-72.3691589, 8.1922087], [-72.3689792, 8.1922379], [-72.3688155, 8.1922963], [-72.3687029, 8.1923653], [-72.3685607, 8.1924821], [-72.368322, 8.1926892], [-72.368204, 8.1927636], [-72.3681048, 8.1928007], [-72.3680028, 8.1928113], [-72.3678902, 8.1927928], [-72.3677936, 8.1927423], [-72.3676837, 8.1926229], [-72.3676005, 8.1924742], [-72.3675227, 8.1922591], [-72.3674557, 8.192068], [-72.3673618, 8.1919512], [-72.3672572, 8.1918901], [-72.3671338, 8.1918556], [-72.366997, 8.1918583], [-72.3668763, 8.1918848], [-72.3667261, 8.1919485], [-72.3666403, 8.1920282], [-72.3665303, 8.1921636], [-72.3664096, 8.1923468], [-72.3663479, 8.1924928], [-72.3663345, 8.1926494], [-72.3663479, 8.1928007], [-72.3663908, 8.19296], [-72.3664713, 8.1931034], [-72.3665893, 8.1932414], [-72.3667637, 8.1934432], [-72.3669246, 8.1935706], [-72.3670507, 8.1936397], [-72.3672357, 8.1937193], [-72.3674288, 8.1937936], [-72.3677561, 8.1939211], [-72.3679331, 8.1940246], [-72.3680323, 8.1941228], [-72.3680806, 8.1942104], [-72.3681182, 8.1943671], [-72.3681504, 8.1946565], [-72.3681772, 8.1948848], [-72.3681799, 8.1951423], [-72.3681745, 8.1953308], [-72.3681745, 8.1955272], [-72.3681852, 8.1956759], [-72.3682201, 8.1957927], [-72.3682737, 8.1958909], [-72.3683944, 8.1960184], [-72.3685607, 8.1961564], [-72.3687431, 8.1963024], [-72.3689604, 8.1964538], [-72.3690704, 8.1965175], [-72.3691723, 8.1965493], [-72.3693118, 8.1965732], [-72.3694566, 8.1965679], [-72.3695397, 8.1965334], [-72.3696363, 8.1964697], [-72.369706, 8.1963821], [-72.3698321, 8.1962414], [-72.3699769, 8.1960582], [-72.3701406, 8.1958432], [-72.370331, 8.195644], [-72.3705241, 8.1954104], [-72.3705965, 8.1953016], [-72.370669, 8.1951821], [-72.3707896, 8.1950175], [-72.3708835, 8.1948821], [-72.3709774, 8.1947892], [-72.3710847, 8.1947069], [-72.3712671, 8.1946034], [-72.3715434, 8.1944812], [-72.371715, 8.1943724], [-72.3719001, 8.1942317], [-72.3720905, 8.1940591], [-72.3723373, 8.1938414], [-72.372517, 8.1937485], [-72.3726511, 8.1937246], [-72.3728281, 8.1937166], [-72.3729596, 8.1937458], [-72.3731044, 8.1938096], [-72.3731849, 8.1938786], [-72.3732787, 8.1939742], [-72.3733833, 8.1940644], [-72.3734719, 8.1941414], [-72.3735389, 8.1942104], [-72.3737535, 8.1943458], [-72.3739627, 8.1944919], [-72.3740673, 8.1945874], [-72.3741236, 8.1946777], [-72.3741746, 8.1947918], [-72.3741907, 8.1948901], [-72.3742175, 8.1951476], [-72.3742604, 8.1954476], [-72.3742604, 8.195652], [-72.3742417, 8.1957715], [-72.3741987, 8.195875], [-72.3741263, 8.1959573], [-72.3739976, 8.1960476], [-72.3739091, 8.196098], [-72.3736998, 8.1962467], [-72.3735604, 8.1963476], [-72.3734424, 8.1964538], [-72.3733404, 8.1965732], [-72.3732278, 8.196706], [-72.3730722, 8.1969024], [-72.3728496, 8.1971679], [-72.3726296, 8.1974228], [-72.372466, 8.1975714], [-72.3722112, 8.1977891], [-72.372002, 8.1979139], [-72.3717526, 8.1980281], [-72.3714602, 8.1981528], [-72.3711517, 8.1982458], [-72.3707306, 8.1983493], [-72.3705241, 8.1984316], [-72.370339, 8.1985298], [-72.3701379, 8.1986227], [-72.3699528, 8.198713], [-72.369757, 8.19879], [-72.3695532, 8.1988643], [-72.369301, 8.1989333], [-72.3691025, 8.199013], [-72.368955, 8.1991086], [-72.3688719, 8.199228], [-72.368845, 8.1993422], [-72.3688263, 8.1994802], [-72.3688316, 8.1996448], [-72.3688343, 8.1998015], [-72.3688504, 8.2001705], [-72.3688504, 8.2005979], [-72.3688504, 8.2008182], [-72.3688772, 8.2009855], [-72.3689336, 8.2011182], [-72.3690248, 8.2012271], [-72.3691884, 8.2013439], [-72.3693708, 8.2014315], [-72.3695478, 8.2014979], [-72.3697543, 8.2015244], [-72.3699206, 8.2015244], [-72.3700735, 8.2014873], [-72.3702532, 8.201405], [-72.3704624, 8.2012802], [-72.3705697, 8.2012005], [-72.3706716, 8.2011209], [-72.3708138, 8.2009669], [-72.3709694, 8.2008182], [-72.3710847, 8.2007067], [-72.3712054, 8.2006404], [-72.3713556, 8.2005979], [-72.371538, 8.200574], [-72.3717365, 8.2006244], [-72.3718572, 8.2006882], [-72.3719591, 8.200789], [-72.3719913, 8.2008873], [-72.372061, 8.2011209], [-72.3720798, 8.2013492], [-72.3720691, 8.2015669], [-72.3720208, 8.2018111], [-72.371943, 8.2019917], [-72.3718733, 8.2021085], [-72.3717526, 8.2022226], [-72.3716211, 8.2023023], [-72.3714307, 8.2024562], [-72.3713127, 8.2025784], [-72.3712054, 8.202735], [-72.3711491, 8.2028545], [-72.3711062, 8.2029978], [-72.3710981, 8.2031226], [-72.3711222, 8.2032447], [-72.3711759, 8.2033615], [-72.3712537, 8.203481], [-72.3714092, 8.203704], [-72.3715246, 8.2038394], [-72.3716238, 8.2039057], [-72.3717204, 8.2039323], [-72.3718867, 8.203927], [-72.3720557, 8.2038951], [-72.3722407, 8.20385], [-72.3724392, 8.203781], [-72.3725894, 8.2036934], [-72.3727208, 8.2035951], [-72.3728147, 8.2034969], [-72.3729649, 8.2033058], [-72.3731178, 8.2031014], [-72.373209, 8.2030297], [-72.373327, 8.2029925], [-72.3734263, 8.2029819], [-72.3735175, 8.2029978], [-72.3736167, 8.2030695], [-72.3736811, 8.2031783], [-72.3737133, 8.2032925], [-72.3737267, 8.2034465], [-72.3737186, 8.2035527], [-72.3736838, 8.203765], [-72.3736864, 8.2039004], [-72.3737294, 8.2040172], [-72.3737964, 8.2041261], [-72.3738635, 8.204219], [-72.3740378, 8.2043836], [-72.3742202, 8.2045296], [-72.374526, 8.2047287], [-72.3747352, 8.2048535], [-72.3748532, 8.204965], [-72.3749256, 8.2050818], [-72.3749632, 8.2051986], [-72.3749739, 8.2053499], [-72.3749793, 8.2054508], [-72.3749578, 8.2056021], [-72.3748961, 8.2058411], [-72.374872, 8.2060003], [-72.3748612, 8.2061596], [-72.3748747, 8.2062818], [-72.3749149, 8.2063959], [-72.374998, 8.206587], [-72.3751697, 8.2068552], [-72.3753628, 8.2071153], [-72.3757061, 8.2076118], [-72.3759958, 8.208087], [-72.3762962, 8.208517], [-72.3763767, 8.2086923], [-72.3764223, 8.208833], [-72.3764679, 8.2089737], [-72.3765403, 8.2092285], [-72.3765993, 8.2095842], [-72.3766342, 8.2099878], [-72.3766315, 8.210163], [-72.3766074, 8.2104868], [-72.3765457, 8.2108293], [-72.3764759, 8.211108], [-72.3764142, 8.2112567], [-72.3763177, 8.2113921], [-72.3761836, 8.2115169], [-72.3760092, 8.211708], [-72.3759073, 8.2118673], [-72.3758429, 8.2120133], [-72.3758215, 8.2121115], [-72.375792, 8.2122416], [-72.3757651, 8.2124832], [-72.375741, 8.2126478], [-72.3756981, 8.2127566], [-72.3756042, 8.2129265], [-72.3755211, 8.2130513], [-72.3754567, 8.2131256], [-72.3753601, 8.2132], [-72.3752314, 8.2132823], [-72.3750356, 8.2133991], [-72.3748881, 8.2135052], [-72.3747915, 8.2136167], [-72.3747298, 8.2137601], [-72.3747057, 8.2139539], [-72.3747057, 8.2140495], [-72.3747191, 8.2141742], [-72.374754, 8.2143335], [-72.3748317, 8.2145831], [-72.3749337, 8.2148777], [-72.3750114, 8.215114], [-72.3750597, 8.2152998], [-72.3751026, 8.2154777], [-72.375167, 8.215629], [-72.3752368, 8.2157564], [-72.3753226, 8.2158865], [-72.3754352, 8.2160299], [-72.3755774, 8.2161626], [-72.3756954, 8.2162635], [-72.3758698, 8.2163803], [-72.3760709, 8.2164918], [-72.3766154, 8.2167811], [-72.3772189, 8.2171395], [-72.377404, 8.2172643], [-72.3776051, 8.2173997], [-72.3778385, 8.217551], [-72.3780879, 8.2176943], [-72.3782033, 8.2177872], [-72.3783267, 8.2179094], [-72.3783991, 8.2180023], [-72.378501, 8.2180819], [-72.3785841, 8.2181297], [-72.3787022, 8.2181801], [-72.3788872, 8.2182385], [-72.3791099, 8.2182969], [-72.3792762, 8.2183553], [-72.3793674, 8.2184111], [-72.3794478, 8.2184987], [-72.3795256, 8.2186208], [-72.3796061, 8.218796], [-72.3796275, 8.2188757], [-72.3796302, 8.2189633], [-72.3796302, 8.2190562], [-72.3796222, 8.2191438], [-72.3796061, 8.2192234], [-72.3795605, 8.2193243], [-72.3794961, 8.2194331], [-72.3794156, 8.219542], [-72.3793459, 8.21968], [-72.3793164, 8.2197384], [-72.3792467, 8.2198181], [-72.379185, 8.2198579], [-72.3790938, 8.2198818], [-72.3789597, 8.2198844], [-72.3787719, 8.2198738], [-72.3785439, 8.2198685], [-72.378332, 8.2198897], [-72.3780906, 8.2199455], [-72.3779458, 8.2199986], [-72.3778036, 8.2200596], [-72.3776802, 8.2201287], [-72.3775703, 8.2202003], [-72.3775113, 8.2202561], [-72.3774603, 8.2203278], [-72.3774147, 8.2204233], [-72.3773932, 8.2205401], [-72.3773932, 8.2206835], [-72.377404, 8.2209596], [-72.3774362, 8.2212463], [-72.377471, 8.2214852], [-72.3775327, 8.2217719], [-72.3775676, 8.2219471], [-72.3775944, 8.2221834], [-72.3776132, 8.2224063], [-72.3776481, 8.2226054], [-72.3776829, 8.2227063], [-72.3777527, 8.2228762], [-72.3777902, 8.2230328], [-72.3778036, 8.2231815], [-72.3778117, 8.2233063], [-72.3778117, 8.2234682], [-72.3778197, 8.2235956], [-72.3778385, 8.2236912], [-72.377868, 8.2237735], [-72.3779109, 8.2238372], [-72.3780155, 8.2239009], [-72.3781765, 8.2239487], [-72.3784339, 8.2240071], [-72.3785332, 8.2240151], [-72.3786619, 8.2240151], [-72.3787987, 8.2239912], [-72.3789489, 8.223946], [-72.3790616, 8.2238876], [-72.3791957, 8.2238425], [-72.3794022, 8.2238345], [-72.3796517, 8.2238372], [-72.379826, 8.2238425], [-72.379944, 8.2238823], [-72.3800299, 8.2239566], [-72.380113, 8.2240947], [-72.3801935, 8.2243044], [-72.3802552, 8.2245247], [-72.3803356, 8.2247053], [-72.3804134, 8.2248194], [-72.3805609, 8.224976], [-72.3806629, 8.2251008], [-72.3807353, 8.225268], [-72.3807916, 8.2254247], [-72.3808211, 8.2255494], [-72.3808453, 8.2258149], [-72.3808667, 8.2261255], [-72.3808828, 8.2262609], [-72.380915, 8.2264228], [-72.3809525, 8.2265051], [-72.3810115, 8.2265874], [-72.3811215, 8.2267228], [-72.38132, 8.2269829], [-72.3813924, 8.2270838], [-72.3814461, 8.22719], [-72.3814729, 8.2272776], [-72.381489, 8.227397], [-72.381497, 8.2276678], [-72.3815024, 8.227835], [-72.3815212, 8.2280899], [-72.3815212, 8.2281828], [-72.3815078, 8.2283076], [-72.3814756, 8.2284801], [-72.3814139, 8.2287349], [-72.3813951, 8.2288358], [-72.3813924, 8.2289287], [-72.3813924, 8.2290163], [-72.3814246, 8.2292181], [-72.3814568, 8.2293455], [-72.3815078, 8.2294782], [-72.3815909, 8.2296216], [-72.3816794, 8.2297463], [-72.3817787, 8.2298711], [-72.3818967, 8.2299826], [-72.3821649, 8.2301923], [-72.3823312, 8.2303383], [-72.3825082, 8.2305082], [-72.3826182, 8.2306489], [-72.3827308, 8.2308374], [-72.382814, 8.2309834], [-72.3829052, 8.231148], [-72.3829964, 8.2312913], [-72.383101, 8.2314108], [-72.383219, 8.2315063], [-72.3833451, 8.2316019], [-72.3834068, 8.2316895], [-72.3834282, 8.2317532], [-72.3834443, 8.2318461], [-72.3834443, 8.2319921], [-72.3834443, 8.2321089], [-72.3834309, 8.2322125], [-72.3833692, 8.2323585], [-72.38327, 8.2324965], [-72.3831251, 8.2326239], [-72.3829696, 8.2328124], [-72.3828113, 8.2329557], [-72.3826396, 8.2330858], [-72.3823902, 8.2332185], [-72.3822239, 8.2332743], [-72.3820737, 8.2333168], [-72.3819342, 8.2333698], [-72.3818457, 8.2334362], [-72.3817652, 8.2335185], [-72.3816472, 8.2336247], [-72.3815319, 8.2337627], [-72.3814434, 8.233922], [-72.3813763, 8.2340786], [-72.3813388, 8.2342273], [-72.3813146, 8.234352], [-72.3813093, 8.2344556], [-72.3813227, 8.2345352], [-72.3813495, 8.2346042], [-72.3814085, 8.2346838], [-72.381548, 8.2348298], [-72.3816553, 8.2349068], [-72.3818162, 8.2349971], [-72.3819074, 8.2350369], [-72.3821381, 8.2351245], [-72.3828033, 8.2353714], [-72.3831761, 8.2355174], [-72.3833665, 8.2356289], [-72.3835033, 8.2357244], [-72.3835757, 8.2357988], [-72.3836643, 8.2358996], [-72.3838735, 8.2360961], [-72.3839352, 8.2362129], [-72.3839727, 8.2363217], [-72.3839834, 8.2364199], [-72.3840076, 8.2365394], [-72.3840585, 8.2366668], [-72.3841175, 8.2367491], [-72.3842517, 8.2369588], [-72.384375, 8.2371181], [-72.3844153, 8.2372534], [-72.3844421, 8.2374127], [-72.3844448, 8.2375348], [-72.3844421, 8.2377339], [-72.3844099, 8.2379569], [-72.3843563, 8.2380976], [-72.3843107, 8.2382091], [-72.3842168, 8.2383684], [-72.3841926, 8.238456], [-72.3841846, 8.2385462], [-72.3842034, 8.2386338], [-72.3842302, 8.2387081], [-72.3842731, 8.2387825], [-72.3843348, 8.238878], [-72.3843858, 8.2389709], [-72.3844394, 8.2391169], [-72.3845226, 8.2393558], [-72.3846057, 8.239531], [-72.3846889, 8.2396558], [-72.3848122, 8.2398124], [-72.3850644, 8.2401071], [-72.3851985, 8.2402292], [-72.3853165, 8.2402902], [-72.3854667, 8.240346], [-72.3856384, 8.2404017], [-72.3858073, 8.240492], [-72.3858771, 8.2405822], [-72.3859602, 8.2406751], [-72.3860326, 8.2407495], [-72.3862016, 8.2408795], [-72.3862821, 8.2410016], [-72.3863599, 8.2411317], [-72.386435, 8.241283], [-72.3864645, 8.2413945], [-72.3864806, 8.2415166], [-72.3864886, 8.2417582], [-72.3864886, 8.2419838], [-72.3864698, 8.2422439], [-72.3864216, 8.2424404], [-72.3863706, 8.2425519], [-72.3862821, 8.242674], [-72.3861507, 8.2427934], [-72.3860326, 8.2428757], [-72.3858717, 8.2429792], [-72.3855391, 8.2431491], [-72.3853192, 8.2432606], [-72.3851073, 8.2433509], [-72.3849222, 8.2434385], [-72.3846835, 8.2435579], [-72.3844206, 8.2437225], [-72.3839968, 8.2439667], [-72.3837179, 8.2441127], [-72.3834416, 8.2442428], [-72.3832566, 8.244341], [-72.3831198, 8.2444419], [-72.3830286, 8.2445401], [-72.3829186, 8.2446808], [-72.3827523, 8.2449064], [-72.3825887, 8.2451639], [-72.3824573, 8.2453709], [-72.3823178, 8.2455249], [-72.382122, 8.2456736], [-72.381894, 8.2457957], [-72.3816392, 8.2458833], [-72.3814434, 8.2459284], [-72.3812556, 8.2459576], [-72.3811001, 8.2459496], [-72.3808587, 8.2459018], [-72.3807728, 8.2458886], [-72.3806709, 8.2458939], [-72.3805475, 8.2459257], [-72.380451, 8.2460054], [-72.3804027, 8.246077], [-72.3803678, 8.2461859], [-72.3803598, 8.2462894], [-72.3803625, 8.2464168], [-72.3804054, 8.2465548], [-72.3804671, 8.2466716], [-72.3805797, 8.246746], [-72.3807326, 8.2467991], [-72.3808453, 8.2468415], [-72.3811537, 8.2469902], [-72.3813736, 8.2470937], [-72.3816124, 8.2471919], [-72.3818216, 8.2472185], [-72.3820147, 8.2472105], [-72.3822239, 8.2471786], [-72.3824707, 8.2471309], [-72.3826075, 8.2470857], [-72.3827148, 8.247022], [-72.3828086, 8.2469397], [-72.382865, 8.2468813], [-72.3830903, 8.2466823], [-72.3831815, 8.2465787], [-72.3832351, 8.2464938], [-72.3832861, 8.2463956], [-72.3833236, 8.2463106], [-72.3833853, 8.2461009], [-72.3834202, 8.2459284], [-72.3834577, 8.2458328], [-72.3835167, 8.2457213], [-72.3836374, 8.2456098], [-72.3837259, 8.2455461], [-72.3838788, 8.24544], [-72.3840371, 8.2453816], [-72.3842946, 8.245294], [-72.3844662, 8.2452648], [-72.3845467, 8.2452807], [-72.3846406, 8.2453232], [-72.3847345, 8.2453922], [-72.3848552, 8.2454798], [-72.3850536, 8.2457054], [-72.3852119, 8.2458647], [-72.3853594, 8.2459974], [-72.3855096, 8.2461089], [-72.3856974, 8.2462735], [-72.3858181, 8.2463903], [-72.3859414, 8.2465363], [-72.3860273, 8.2466823], [-72.3861104, 8.2468203], [-72.3864242, 8.2474521], [-72.3865396, 8.2477786], [-72.3865664, 8.2479299], [-72.3866093, 8.2481396], [-72.3866576, 8.2483015], [-72.3867917, 8.2486466], [-72.3868454, 8.2488271], [-72.3868641, 8.2489624], [-72.3868641, 8.2490925], [-72.3868722, 8.2493553], [-72.3868722, 8.2495915], [-72.3868722, 8.2497482], [-72.386899, 8.2498782], [-72.3869285, 8.2499764], [-72.3870304, 8.2501782], [-72.3871055, 8.2503189], [-72.3873282, 8.2506109], [-72.3874488, 8.2507277], [-72.3875588, 8.2508498], [-72.3876151, 8.2509559], [-72.3876447, 8.2510648], [-72.3876447, 8.251155], [-72.3876447, 8.2512771], [-72.3876339, 8.2514019], [-72.3875749, 8.2515266], [-72.3875105, 8.2515957], [-72.3874435, 8.251662], [-72.3872826, 8.2518054], [-72.3871404, 8.2518876], [-72.3870197, 8.2519301], [-72.3868695, 8.2519699], [-72.3867086, 8.2519885], [-72.386561, 8.2519885], [-72.3864082, 8.251962], [-72.3862875, 8.2519248], [-72.3861507, 8.2518531], [-72.3860166, 8.2517443], [-72.3859441, 8.2517071], [-72.3858234, 8.2516779], [-72.3857188, 8.2516886], [-72.3856384, 8.2517416], [-72.3855794, 8.251816], [-72.3855418, 8.2519381], [-72.3855472, 8.2520788], [-72.3855794, 8.2522566], [-72.3856437, 8.2524291], [-72.3858127, 8.252761], [-72.3859173, 8.2528724], [-72.3860461, 8.2529361], [-72.3861936, 8.2529521], [-72.3863733, 8.2529627], [-72.3865932, 8.25296], [-72.3867676, 8.2529335], [-72.3869821, 8.2528884], [-72.3873684, 8.2527955], [-72.3877117, 8.2527238], [-72.3879719, 8.2526601], [-72.3882186, 8.2526203], [-72.3883849, 8.2526203], [-72.3885539, 8.2526442], [-72.3886853, 8.2526919], [-72.3888034, 8.2527663], [-72.3890394, 8.2529441], [-72.3892164, 8.253122], [-72.3893157, 8.2532414], [-72.3893505, 8.2533423], [-72.38938, 8.2534591], [-72.3894176, 8.2535546], [-72.3894954, 8.2536236], [-72.3895946, 8.2536608], [-72.3897126, 8.2536688], [-72.3897931, 8.2536608], [-72.3899111, 8.2536343], [-72.3899487, 8.2536236], [-72.3901874, 8.2535838], [-72.3904422, 8.2535493], [-72.3907104, 8.2535254], [-72.3909304, 8.2534962], [-72.3910779, 8.2534538], [-72.3912308, 8.2533874], [-72.3914292, 8.2532706], [-72.3915741, 8.253175], [-72.3916519, 8.2530901], [-72.3917028, 8.2529919], [-72.3917216, 8.2529016], [-72.3917216, 8.2527981], [-72.3917109, 8.2527052], [-72.3916787, 8.2526335], [-72.3916304, 8.2525221], [-72.391617, 8.2524185], [-72.391617, 8.2523097], [-72.3916277, 8.2521902], [-72.3916948, 8.2518664], [-72.3918074, 8.2514125], [-72.3919013, 8.2512798], [-72.3919871, 8.2512479], [-72.3920783, 8.251232], [-72.3922232, 8.2512559], [-72.392368, 8.2513276], [-72.3925236, 8.251447], [-72.392655, 8.2515479], [-72.3927864, 8.2516673], [-72.3929554, 8.2518027], [-72.3930869, 8.2518744], [-72.3932585, 8.2519168], [-72.3934141, 8.251946], [-72.3935482, 8.2519779], [-72.3936179, 8.2520257], [-72.3936904, 8.2521027], [-72.3937279, 8.2521743], [-72.393744, 8.252246], [-72.3937547, 8.2524265], [-72.3937547, 8.2525751], [-72.3937279, 8.2527264], [-72.3936743, 8.2528618], [-72.3935911, 8.2531273], [-72.3935053, 8.2533317], [-72.3934221, 8.2534325], [-72.3933363, 8.2534883], [-72.393229, 8.2535228], [-72.393119, 8.2535334], [-72.3930278, 8.2535254], [-72.392942, 8.2534883], [-72.3928267, 8.2534299], [-72.3926872, 8.2533662], [-72.3925746, 8.2533237], [-72.3924431, 8.2533131], [-72.3923439, 8.2533237], [-72.392242, 8.2533609], [-72.39214, 8.2534193], [-72.3919952, 8.2535573], [-72.391912, 8.2536927], [-72.3918825, 8.2537935], [-72.3918584, 8.2539024], [-72.3918289, 8.2541386], [-72.3917592, 8.2542899], [-72.3916948, 8.2543828], [-72.3916116, 8.2544784], [-72.3915044, 8.2546164], [-72.3911932, 8.2549004], [-72.3910001, 8.2550597], [-72.3908284, 8.2551791], [-72.3906219, 8.2553119], [-72.3905334, 8.2553835], [-72.3904851, 8.2554632], [-72.3904744, 8.2555136], [-72.3904878, 8.2555932], [-72.3905146, 8.2556569], [-72.3906004, 8.2557684], [-72.3907614, 8.255864], [-72.3909062, 8.2558958], [-72.3910537, 8.2559038], [-72.3912522, 8.2559277], [-72.3914453, 8.2559675], [-72.3916572, 8.2560312], [-72.3918879, 8.2561347], [-72.3921695, 8.2562781], [-72.3923063, 8.2563657], [-72.3924699, 8.2565249], [-72.3926094, 8.2567373], [-72.3927113, 8.2569496], [-72.3927355, 8.2570903], [-72.3927248, 8.2572496], [-72.3926577, 8.257377], [-72.392588, 8.2574725], [-72.392478, 8.2575761], [-72.3923895, 8.257669], [-72.3923197, 8.2577672], [-72.3922768, 8.2578415], [-72.3921722, 8.2580353], [-72.392132, 8.2581653], [-72.392132, 8.2582874], [-72.3921508, 8.2584122], [-72.3921722, 8.258537], [-72.3922017, 8.2586139], [-72.39225, 8.2587015], [-72.3923358, 8.2587785], [-72.3924324, 8.2588422], [-72.3925585, 8.2588926], [-72.3927033, 8.2589192], [-72.3928978, 8.258951], [-72.3930493, 8.2589856], [-72.3931217, 8.2590307], [-72.3931459, 8.2590944], [-72.3931485, 8.2591714], [-72.3931164, 8.2592377], [-72.3930573, 8.2593333], [-72.3929662, 8.2594076], [-72.3928481, 8.2594766], [-72.3926738, 8.2595483], [-72.3925209, 8.259612], [-72.3921132, 8.2597527], [-72.3918691, 8.2598137], [-72.3917511, 8.2598296], [-72.3916009, 8.2598296], [-72.3914936, 8.2598084], [-72.3912844, 8.2597367], [-72.3908848, 8.2595987], [-72.3904663, 8.2595085], [-72.3902544, 8.259466], [-72.390064, 8.2594766], [-72.3899218, 8.2595032], [-72.389828, 8.2595536], [-72.3897824, 8.2596146], [-72.3897529, 8.2597447], [-72.3897207, 8.2598721], [-72.3896831, 8.2600022], [-72.3896107, 8.2602305], [-72.3895946, 8.2603658], [-72.3895973, 8.2605171], [-72.3896214, 8.2606552], [-72.3896751, 8.2607613], [-72.3897287, 8.2608357], [-72.3899058, 8.2610029], [-72.3899782, 8.2611144], [-72.3899969, 8.2612046], [-72.3900023, 8.26134], [-72.3899943, 8.2614329], [-72.3899514, 8.2615603], [-72.389887, 8.2616612], [-72.3897851, 8.261778], [-72.3896858, 8.2619585], [-72.389608, 8.2621363], [-72.3895758, 8.2622451], [-72.3895732, 8.262354], [-72.3895732, 8.2624681], [-72.3895732, 8.2625929], [-72.3896349, 8.2629565], [-72.3896912, 8.2633122], [-72.3896831, 8.2634821], [-72.3896536, 8.2636334], [-72.3896161, 8.2637422], [-72.3895329, 8.2640182], [-72.3894981, 8.2641828], [-72.389482, 8.2643421], [-72.389482, 8.2645199], [-72.3894766, 8.2651755], [-72.3894444, 8.2656055], [-72.3894015, 8.2657781], [-72.3893318, 8.2659639], [-72.3892137, 8.266293], [-72.3891065, 8.2665558], [-72.3890314, 8.2667867], [-72.3889992, 8.266938], [-72.3889616, 8.2671291], [-72.3889428, 8.2673362], [-72.3889428, 8.2674954], [-72.3889723, 8.2678564], [-72.3890045, 8.2680396], [-72.3890045, 8.2681856], [-72.3890018, 8.2683369], [-72.3889723, 8.2685704], [-72.3889402, 8.2687509], [-72.3889053, 8.2689341], [-72.3888463, 8.2691172], [-72.3887712, 8.269242], [-72.3887068, 8.2693428], [-72.3886398, 8.2694225], [-72.3884493, 8.2696879], [-72.3883447, 8.2699082], [-72.3882321, 8.2701365], [-72.3881462, 8.2703117], [-72.3879799, 8.2705426], [-72.3878512, 8.2707204], [-72.3877412, 8.2708824], [-72.3876125, 8.2710708], [-72.3875535, 8.2711876], [-72.3875025, 8.2713362], [-72.3874676, 8.2714769], [-72.3873282, 8.272175], [-72.3872718, 8.272382], [-72.3871672, 8.2726395], [-72.3870438, 8.2729846], [-72.3869795, 8.2731359], [-72.3869151, 8.2732606], [-72.3868507, 8.2733588], [-72.3867568, 8.2734544], [-72.386612, 8.2735632], [-72.3864538, 8.2737198], [-72.3863572, 8.2738499], [-72.3862579, 8.2739932], [-72.3861882, 8.2741259], [-72.3861158, 8.2742958], [-72.3860461, 8.2744152], [-72.3859736, 8.2745294], [-72.3858637, 8.2747125], [-72.3858154, 8.2748505], [-72.385802, 8.274954], [-72.385802, 8.2750868], [-72.3858047, 8.2751956], [-72.3858261, 8.2753177], [-72.3858556, 8.2754929], [-72.3859093, 8.2756442], [-72.3859441, 8.275745], [-72.3859629, 8.2758512], [-72.3859736, 8.2759361], [-72.385971, 8.2760237], [-72.3859549, 8.2761033], [-72.3859173, 8.2762387], [-72.3858771, 8.2764484], [-72.3858556, 8.2766873], [-72.3858556, 8.2768943], [-72.3858261, 8.2770934], [-72.3857912, 8.2772314], [-72.3857403, 8.2773164], [-72.3856866, 8.2773774], [-72.3855794, 8.2774544], [-72.3853809, 8.2775897], [-72.3852307, 8.2776959], [-72.385067, 8.2778233], [-72.3849651, 8.277895], [-72.3849061, 8.2779375], [-72.384772, 8.2779958], [-72.3846164, 8.2780383], [-72.3844984, 8.2780994], [-72.3843938, 8.2781737], [-72.3843053, 8.2782613], [-72.3842436, 8.2783542], [-72.3842114, 8.278455], [-72.3842061, 8.2785267], [-72.3842382, 8.278601], [-72.3842785, 8.2786568], [-72.3843536, 8.2787098], [-72.3844448, 8.278739], [-72.3845601, 8.2787709], [-72.3847613, 8.278808], [-72.3849785, 8.2788293], [-72.3851153, 8.2788293], [-72.3853111, 8.2788054], [-72.3854962, 8.278755], [-72.3856705, 8.2787125], [-72.3859119, 8.2786249], [-72.3860394, 8.2785784], [-72.3858503, 8.2780357], [-72.3858874, 8.2778066], [-72.3871819, 8.2761699], [-72.3914969, 8.2752148], [-72.3923681, 8.2723385], [-72.3934333, 8.2726167], [-72.3942361, 8.2726444], [-72.3951028, 8.2725583], [-72.3964472, 8.2723417], [-72.4025475, 8.2708552], [-72.4033463, 8.2726873], [-72.4052212, 8.2742507], [-72.4063557, 8.2744949], [-72.4075869, 8.2741816], [-72.4083889, 8.273542], [-72.4087563, 8.2727749], [-72.40881, 8.2717477], [-72.408464, 8.2695897], [-72.4087724, 8.2692818], [-72.4096146, 8.268881], [-72.4106795, 8.2689712], [-72.4112347, 8.2693694], [-72.4113956, 8.2699215], [-72.4113232, 8.2705453], [-72.4103522, 8.2717185], [-72.4097541, 8.2725997], [-72.4090487, 8.2748505], [-72.4083406, 8.2760343], [-72.4075788, 8.2766634], [-72.4072355, 8.2774119], [-72.4071229, 8.2781816], [-72.4071336, 8.2795619], [-72.4073374, 8.2807934], [-72.4086303, 8.2839997], [-72.4088368, 8.2856799], [-72.4084693, 8.2867256], [-72.4071041, 8.2884296], [-72.40697, 8.2888092], [-72.4070853, 8.2892816], [-72.4076083, 8.2897753], [-72.4081099, 8.2899744], [-72.4089494, 8.2900566], [-72.4098104, 8.2898708], [-72.4117899, 8.2904733], [-72.4124444, 8.2904707], [-72.4152392, 8.2900327], [-72.4164033, 8.2901734], [-72.4170551, 8.2904946], [-72.4174601, 8.291259], [-72.4173769, 8.2920499], [-72.4167681, 8.2931726], [-72.415722, 8.2941175], [-72.4149576, 8.294359], [-72.4141288, 8.2943723], [-72.4126643, 8.2942369], [-72.4117684, 8.2943935], [-72.4112588, 8.2947492], [-72.4110872, 8.2951659], [-72.4111515, 8.2956436], [-72.4114171, 8.295994], [-72.4133536, 8.2973211], [-72.4136084, 8.2978094], [-72.4136674, 8.2983031], [-72.4133858, 8.2988127], [-72.412954, 8.2992108], [-72.4122056, 8.2993674], [-72.4109852, 8.2993939], [-72.4096978, 8.2990383], [-72.4092606, 8.2992135], [-72.4091747, 8.2993541], [-72.4091318, 8.2997098], [-72.4093679, 8.300007], [-72.409628, 8.3001052], [-72.4106795, 8.3002326], [-72.4112642, 8.3004901], [-72.4116075, 8.3009147], [-72.4121842, 8.3024992], [-72.4124926, 8.3029611], [-72.4129915, 8.3033061], [-72.4136835, 8.3034521], [-72.4150354, 8.3031813], [-72.4159285, 8.3031999], [-72.4169505, 8.3038316], [-72.4173743, 8.3047632], [-72.4174279, 8.3056576], [-72.4172267, 8.3069793], [-72.4172938, 8.3073403], [-72.4178061, 8.3081922], [-72.4190292, 8.3094741], [-72.4192277, 8.3099466], [-72.419284, 8.310212], [-72.4190962, 8.3105756], [-72.4186859, 8.3109047], [-72.418313, 8.3110135], [-72.4175835, 8.311048], [-72.4163792, 8.3108065], [-72.4153706, 8.3108277], [-72.4151212, 8.3111356], [-72.4150434, 8.3115841], [-72.4151748, 8.3119026], [-72.4153814, 8.3121123], [-72.4168754, 8.3127652], [-72.4181092, 8.313004], [-72.4193966, 8.3141346], [-72.4204212, 8.3146017], [-72.4213708, 8.3148725], [-72.4216926, 8.3149945], [-72.4221861, 8.3154988], [-72.4229364, 8.3170896], [-72.4233233, 8.3175175], [-72.4237861, 8.3176676], [-72.4244537, 8.3173898], [-72.4246965, 8.3172247], [-72.4253034, 8.316962], [-72.425971, 8.3169319], [-72.4269572, 8.3170671], [-72.4273365, 8.3172848], [-72.4275945, 8.3178252], [-72.4277614, 8.3184933], [-72.4279814, 8.3189287], [-72.4283835, 8.3191839], [-72.4288766, 8.3193266], [-72.42918, 8.319289], [-72.4294, 8.3188987], [-72.4297035, 8.3186209], [-72.430098, 8.3184483], [-72.4309628, 8.318741], [-72.4321084, 8.3194767], [-72.43265, 8.3197214], [-72.4332514, 8.3200614], [-72.433816, 8.3205472], [-72.4340982, 8.3210815], [-72.4341841, 8.3217737], [-72.4341105, 8.3223809], [-72.433865, 8.3230002], [-72.4335705, 8.3235953], [-72.43319, 8.324081], [-72.4328096, 8.3244696], [-72.4321613, 8.3251327], [-72.4319279, 8.3255693], [-72.431834, 8.3258944], [-72.4318555, 8.3262408], [-72.4319682, 8.3266004], [-72.4322525, 8.326814], [-72.4327286, 8.3269175], [-72.4331228, 8.3268405], [-72.4349561, 8.3262394], [-72.4363402, 8.3253212], [-72.4367291, 8.3249204], [-72.4374533, 8.324111], [-72.4382821, 8.323689], [-72.4386522, 8.3236571], [-72.4390277, 8.3238164], [-72.4393684, 8.3243153], [-72.4395239, 8.3250345], [-72.4401194, 8.3265234], [-72.4404573, 8.3282193], [-72.4409026, 8.3288031], [-72.4413049, 8.3289119], [-72.4416831, 8.3288217], [-72.441954, 8.328551], [-72.4419326, 8.3266614], [-72.4433273, 8.3234501], [-72.4443412, 8.3225849], [-72.4451083, 8.322431], [-72.4461383, 8.3227654], [-72.4467498, 8.3235934], [-72.4468088, 8.3244799], [-72.4465352, 8.3251964], [-72.4453658, 8.3263323], [-72.4447542, 8.327723], [-72.4437404, 8.3287633], [-72.4420345, 8.33], [-72.4405217, 8.3316667], [-72.4404106, 8.3325518], [-72.4391231, 8.3330401], [-72.4381361, 8.3338257], [-72.4373207, 8.3351208], [-72.4368701, 8.3367343], [-72.4367413, 8.3383904], [-72.4370632, 8.3397067], [-72.4372349, 8.341023], [-72.4369988, 8.3429762], [-72.4372778, 8.3446322], [-72.4382219, 8.3462245], [-72.4393163, 8.3474134], [-72.4403033, 8.3483687], [-72.4407325, 8.3491967], [-72.4408398, 8.349961], [-72.4407171, 8.3509593], [-72.4400887, 8.3519991], [-72.439209, 8.3538461], [-72.4375138, 8.3558629], [-72.4359689, 8.3569244], [-72.4334583, 8.3584742], [-72.4324498, 8.3594083], [-72.4323425, 8.3606184], [-72.4328575, 8.3615101], [-72.4338875, 8.3619134], [-72.4357972, 8.361786], [-72.4384794, 8.3615737], [-72.4417839, 8.3612341], [-72.4446163, 8.3612765], [-72.4465475, 8.3619771], [-72.4473843, 8.3633146], [-72.447556, 8.3651403], [-72.4470839, 8.3668811], [-72.4464188, 8.3680912], [-72.4447236, 8.3692163], [-72.4433718, 8.369556], [-72.4417195, 8.3694923], [-72.4399171, 8.3689616], [-72.4383078, 8.3683459], [-72.4367843, 8.3673694], [-72.4350676, 8.3664777], [-72.4333725, 8.3654375], [-72.4319134, 8.3651191], [-72.4306044, 8.3649705], [-72.4291668, 8.3649492], [-72.4278793, 8.3653951], [-72.426506, 8.3668599], [-72.4256906, 8.3685794], [-72.4255404, 8.3701716], [-72.426034, 8.3721884], [-72.4271498, 8.3739079], [-72.428566, 8.375394], [-72.429081, 8.3771347], [-72.4291668, 8.3789604], [-72.4288235, 8.3807436], [-72.4280619, 8.3816701], [-72.4285256, 8.3821391], [-72.4324958, 8.386403], [-72.4364727, 8.3907078], [-72.4683958, 8.4265231], [-72.4701934, 8.4263837], [-72.4714792, 8.4275111], [-72.4722683, 8.4277424], [-72.4734664, 8.4274822], [-72.4745809, 8.4285577], [-72.4759505, 8.4269907], [-72.4774701, 8.4273666], [-72.4785514, 8.4292167], [-72.4808016, 8.4292456], [-72.4822336, 8.428812], [-72.4837824, 8.4273376], [-72.4865002, 8.4245624], [-72.4877276, 8.4214403], [-72.4883413, 8.4177689], [-72.49065, 8.4171618], [-72.4927249, 8.4173064], [-72.4955012, 8.4173064], [-72.4978098, 8.4156875], [-72.4969039, 8.4125074], [-72.4955596, 8.4090383], [-72.4969624, 8.4056848], [-72.4963194, 8.4024758], [-72.4963194, 8.3990644], [-72.4971669, 8.3970117], [-72.4983943, 8.3964913], [-72.5007907, 8.3959999], [-72.5013167, 8.3949591], [-72.5013751, 8.3907381], [-72.5030409, 8.3888878], [-72.504882, 8.3888878], [-72.506314, 8.389148], [-72.5077167, 8.3880783], [-72.5097331, 8.3874711], [-72.510756, 8.3870375], [-72.5106683, 8.385245], [-72.5103761, 8.3837994], [-72.510756, 8.3829899], [-72.5108729, 8.3819202], [-72.5116911, 8.3815154], [-72.5130939, 8.3811685], [-72.5155487, 8.3815443], [-72.5170391, 8.3812841], [-72.5202829, 8.3791735], [-72.5215395, 8.378711], [-72.5254263, 8.3759065], [-72.526303, 8.3749813], [-72.5270044, 8.3729285], [-72.5273843, 8.3702686], [-72.5265953, 8.3666256], [-72.5269752, 8.3649776], [-72.5302774, 8.3600913], [-72.5306574, 8.3550603], [-72.529693, 8.350492], [-72.5305221, 8.3472914], [-72.5321478, 8.343755], [-72.532966, 8.3384636], [-72.5324108, 8.3344444], [-72.5312418, 8.3317842], [-72.5291377, 8.3299047], [-72.5277642, 8.3292686], [-72.5264199, 8.3296155], [-72.5250172, 8.3292686], [-72.5251925, 8.3278806], [-72.525777, 8.3266662], [-72.5256601, 8.3262035], [-72.5264199, 8.3253939], [-72.5259816, 8.3237457], [-72.5270044, 8.3230228], [-72.5282026, 8.3221264], [-72.5317094, 8.3201601], [-72.5315341, 8.3182227], [-72.5318263, 8.3166034], [-72.5338427, 8.3110803], [-72.5340181, 8.3090272], [-72.5398628, 8.3090561], [-72.5432236, 8.3091428], [-72.5433112, 8.3069451], [-72.5429313, 8.3063668], [-72.5437204, 8.305962], [-72.5455615, 8.3065692], [-72.547724, 8.3070608], [-72.5502373, 8.3075813], [-72.5516692, 8.3078705], [-72.5536565, 8.3110803], [-72.5538318, 8.3133647], [-72.5528674, 8.3153889], [-72.5546501, 8.3173552], [-72.5548254, 8.320536], [-72.5565788, 8.3224444], [-72.5590044, 8.3242661], [-72.5578939, 8.3248155], [-72.5565496, 8.325018], [-72.5557898, 8.3265505], [-72.5566081, 8.3270999], [-72.5571633, 8.3272445], [-72.5577478, 8.3275336], [-72.558683, 8.3276493], [-72.559472, 8.3289216], [-72.5583323, 8.3307432], [-72.5574263, 8.3313505], [-72.5570756, 8.3333167], [-72.557514, 8.3340974], [-72.5575724, 8.3345601], [-72.55804, 8.3350516], [-72.5581277, 8.3373937], [-72.5585953, 8.3387527], [-72.5594428, 8.3393021], [-72.5596473, 8.3396202], [-72.5613131, 8.3411237], [-72.5618391, 8.3426273], [-72.5619852, 8.3438706], [-72.5630665, 8.3443333], [-72.5640601, 8.3452007], [-72.5657551, 8.3457501], [-72.5668656, 8.3466753], [-72.5684437, 8.3484102], [-72.5697588, 8.3499137], [-72.5710738, 8.3510702], [-72.5702848, 8.3538749], [-72.5700218, 8.3572578], [-72.5699925, 8.3598021], [-72.5713076, 8.3612767], [-72.5731779, 8.3609876], [-72.5748145, 8.3604093], [-72.5773277, 8.3580384], [-72.579198, 8.3572867], [-72.579198, 8.3552917], [-72.5815067, 8.353152], [-72.5834725, 8.3524121], [-72.5841269, 8.3519414], [-72.5848633, 8.3516878], [-72.5860014, 8.3515559], [-72.5862946, 8.3511075], [-72.5861694, 8.3506731], [-72.5854758, 8.3504003], [-72.5848787, 8.3500792], [-72.5843926, 8.3495832], [-72.5846442, 8.3489906], [-72.5849407, 8.348494], [-72.5854021, 8.3482858], [-72.5861101, 8.3482759], [-72.5865929, 8.3480833], [-72.5868873, 8.3474084], [-72.5870081, 8.3467803], [-72.5868463, 8.3462687], [-72.58703, 8.3457997], [-72.5875505, 8.3455171], [-72.5884085, 8.3457514], [-72.5890582, 8.3457595], [-72.5894261, 8.3455451], [-72.5897872, 8.3450704], [-72.5897234, 8.3436451], [-72.5893149, 8.343141], [-72.5889266, 8.3429316], [-72.5885455, 8.3429066], [-72.5882171, 8.3426557], [-72.5881166, 8.3423834], [-72.5882319, 8.3419795], [-72.5885445, 8.341932], [-72.5894278, 8.3424068], [-72.5898481, 8.3424875], [-72.5903373, 8.3421747], [-72.5907406, 8.3418202], [-72.5910795, 8.3411897], [-72.5912244, 8.3404639], [-72.5910531, 8.3396811], [-72.5907101, 8.3391544], [-72.5906452, 8.3385713], [-72.5903229, 8.3383315], [-72.5897527, 8.3380964], [-72.5893542, 8.3380555], [-72.5890655, 8.3383827], [-72.589023, 8.3387738], [-72.5888009, 8.3391742], [-72.5884014, 8.3394476], [-72.5880513, 8.3398197], [-72.5879963, 8.3403556], [-72.5877923, 8.3407117], [-72.58734, 8.340937], [-72.5870008, 8.3412207], [-72.5865932, 8.3414332], [-72.5862127, 8.3414076], [-72.5860317, 8.3410936], [-72.5861641, 8.3407344], [-72.5866772, 8.3404017], [-72.5869288, 8.3399655], [-72.5869876, 8.3392937], [-72.5869066, 8.3386212], [-72.5866078, 8.3379048], [-72.5867721, 8.3375068], [-72.5872072, 8.3374283], [-72.5876848, 8.3375792], [-72.588149, 8.3374486], [-72.5884921, 8.3369151], [-72.5885339, 8.3362947], [-72.5884721, 8.33579], [-72.5885485, 8.3352953], [-72.5885542, 8.3345688], [-72.5886527, 8.3334325], [-72.5896986, 8.3329182], [-72.5898782, 8.3320037], [-72.5894141, 8.3313639], [-72.589073, 8.3309435], [-72.5889033, 8.3306423], [-72.5886337, 8.3302917], [-72.5881358, 8.3298786], [-72.587978, 8.3291113], [-72.5880343, 8.3287949], [-72.588189, 8.3286104], [-72.5883089, 8.3284794], [-72.5887164, 8.3283073], [-72.5891305, 8.3282511], [-72.589599, 8.3283107], [-72.590606, 8.3288378], [-72.5914896, 8.3290307], [-72.5923626, 8.3290253], [-72.5946688, 8.3305983], [-72.5954887, 8.3310025], [-72.5961449, 8.3315282], [-72.5972881, 8.3312595], [-72.5978138, 8.3309824], [-72.5985793, 8.330679], [-72.5993104, 8.3303539], [-72.6000687, 8.3302009], [-72.6004671, 8.3298243], [-72.600878, 8.3287713], [-72.6012388, 8.3280734], [-72.6016115, 8.3279093], [-72.6020243, 8.328044], [-72.6024085, 8.328304], [-72.6028875, 8.3283177], [-72.6033573, 8.3281118], [-72.6033957, 8.3276442], [-72.6029249, 8.3270687], [-72.6028309, 8.3265108], [-72.6030989, 8.3259372], [-72.6036586, 8.3256216], [-72.6042655, 8.3251763], [-72.6042444, 8.3243969], [-72.6041452, 8.3240881], [-72.6039123, 8.3239496], [-72.6038154, 8.32389], [-72.6030979, 8.3238604], [-72.6026185, 8.3241204], [-72.6023022, 8.3240651], [-72.6021413, 8.3237686], [-72.6021421, 8.3233744], [-72.602636, 8.3227089], [-72.6031441, 8.3222294], [-72.6032332, 8.3211697], [-72.6020455, 8.3208965], [-72.6010695, 8.3180434], [-72.6009457, 8.3165583], [-72.6004507, 8.3142068], [-72.6004507, 8.3098751], [-72.6009457, 8.3052959], [-72.6015645, 8.3030681], [-72.6021834, 8.2999741], [-72.6029259, 8.2984889], [-72.6037923, 8.2974988], [-72.6047824, 8.2960137], [-72.6057725, 8.2944047], [-72.6062584, 8.2911179], [-72.6062584, 8.283783], [-72.6068339, 8.2817113]]]}}]}